Timestamp,Date,4.5r Sort table by 4.5r in ascending order,4.5chg Sort table by 4.5chg in ascending order,20r Sort table by 20r in ascending order,20chg Sort table by 20chg in ascending order,50r Sort table by 50r in ascending order,50chg Sort table by 50chg in ascending order,52wh Sort table by 52wh in ascending order,52wl Sort table by 52wl in ascending order,>4.5+ Sort table by >4.5+ in ascending order,<4.5- Sort table by <4.5- in ascending order,>10sma Sort table by >10sma in ascending order,<10sma Sort table by <10sma in ascending order,>20sma Sort table by >20sma in ascending order,<20sma Sort table by <20sma in ascending order,>50sma Sort table by >50sma in ascending order,<50sma Sort table by <50sma in ascending order,>200sma Sort table by >200sma in ascending order,<200sma Sort table by <200sma in ascending order,Total stocks Sort table by Total stocks in ascending order,Column22
2026-02-05T15:35:49.178,5th Feb,85.83,-80.12,133.12,-13.14,51.12,-8.71,0.907,1.47,3.89,4.54,71.64,27.15,56.22,42.23,32.82,64.20,28.47,62.34,2645,
2026-02-05T15:35:49.178,4th Feb,433.33,-82.16,152.52,60.32,56.24,32.05,1.05,1.28,10.77,2.49,79.17,19.47,59.28,38.87,34.80,61.88,29.08,61.43,2655,
2026-02-05T15:35:49.178,3rd Feb,2429.17,2656.69,95.13,292.31,42.59,101.34,2.33,1.60,22.23,0.915,74.42,25.31,48.46,50.93,29.24,68.66,28.86,62.75,2623,
2026-02-05T15:35:49.178,2nd Feb,85.58,145.45,24.43,9.09,21.38,5.25,0.304,8.01,3.38,3.95,39.99,59.78,19.52,79.91,17.24,80.63,21.99,69.62,2633,
2026-02-05T15:35:49.178,1st Feb,35.80,-78.27,22.25,-34.17,20.18,-28.74,0.686,4.99,3.50,9.79,37.75,61.94,18.10,81.33,16.42,81.37,20.88,70.67,2625,
2026-02-05T15:35:49.178,30th Jan,170.43,-12.70,33.92,34.18,28.28,15.73,0.840,5.42,7.49,4.39,49.77,49.85,25.17,74.22,21.54,76.17,25.86,65.62,2618,
2026-02-05T15:35:49.178,29th Jan,195.24,-85.02,25.25,1.20,24.42,3.21,3.21,5.61,6.26,3.21,37.48,62.06,20.04,79.35,19.16,78.47,24.92,66.56,2620,
2026-02-05T15:35:49.178,28th Jan,1303.23,1079.64,24.96,73.00,23.67,42.86,2.10,4.28,15.43,1.18,35.74,63.80,19.85,79.53,18.67,78.89,24.48,66.93,2619,
2026-02-05T15:35:49.178,27th Jan,101.75,265.46,14.62,4.64,16.80,3.15,1.33,16.03,4.40,4.32,16.83,82.68,12.66,86.62,14.03,83.47,21.19,70.28,2638,
2026-02-05T15:35:49.178,23rd Jan,28.98,-90.56,13.83,-22.07,16.10,-18.59,0.801,9.92,2.71,9.35,14.54,84.89,12.06,87.21,13.51,83.93,21.18,70.27,2620,
2026-02-05T15:35:49.178,22nd Jan,307.04,781.08,17.73,59.02,19.77,31.99,0.877,4.35,8.32,2.71,19.84,79.51,14.96,84.36,16.06,81.27,24.27,67.11,2621,
2026-02-05T15:35:49.178,21st Jan,34.85,352.06,11.15,-9.79,14.98,-13.18,1.34,21.33,2.63,7.55,9.61,89.85,9.96,89.32,12.67,84.59,22.01,69.40,2621,
2026-02-05T15:35:49.178,20th Jan,7.71,-82.21,12.36,-49.23,17.25,-39.63,1.64,18.02,1.37,17.82,9.81,89.69,10.92,88.32,14.31,82.98,23.63,67.82,2620,
2026-02-05T15:35:49.178,19th Jan,39.69,-70.70,24.42,-22.94,28.75,-13.21,2.01,11.00,1.97,4.97,18.05,81.49,19.49,79.83,21.73,75.58,29.05,62.53,2637,
2026-02-05T15:35:49.178,16th Jan,158.49,-49.22,31.58,-1.15,32.79,-7.05,1.99,5.89,3.21,2.03,21.79,77.83,23.82,75.42,24.04,73.32,30.43,61.12,2616,
2026-02-05T15:35:49.178,14th Jan,321.88,36.32,31.98,8.39,35.34,7.19,1.99,4.98,3.94,1.22,19.33,80.29,24.03,75.16,25.41,71.91,31.50,60.01,2613,
2026-02-05T15:35:49.178,13th Jan,236.11,224.65,29.47,5.01,32.93,5.78,1.53,4.59,3.25,1.38,17.11,82.59,22.58,76.62,24.11,73.21,31.11,60.43,2613,
2026-02-05T15:35:49.178,12th Jan,67.92,257.91,28.12,-7.92,31.38,-3.96,1.26,12.22,2.74,4.04,15.26,84.32,21.77,77.43,23.26,74.11,31.02,60.56,2627,
2026-02-05T15:35:49.178,9th Jan,17.97,43.75,30.46,-45.13,32.46,-31.12,0.536,8.04,0.881,4.90,16.01,83.49,23.13,75.95,23.86,73.50,32.06,59.40,2611,
2026-02-05T15:35:49.178,8th Jan,13.10,-96.24,55.57,-53.30,47.19,-34.97,1.19,3.98,0.843,6.44,26.78,72.84,35.36,63.64,31.23,66.17,34.33,57.20,2610,
2026-02-05T15:35:49.178,7th Jan,339.29,111.36,118.97,2.82,72.59,7.75,3.22,2.22,3.64,1.07,51.11,48.55,53.79,45.21,40.96,56.43,38.55,52.91,2612,
2026-02-05T15:35:49.178,6th Jan,160.53,-3.68,115.72,-23.18,67.35,-7.80,3.52,2.26,2.34,1.46,48.05,51.49,53.03,45.82,39.20,58.20,38.01,53.41,2610,
2026-02-05T15:35:49.178,5th Jan,135,-72.58,149.33,-27.26,73.04,0.898,5.02,1.79,3.08,2.28,55.59,43.95,59.21,39.65,41.13,56.32,38.66,52.93,2628,
2026-02-05T15:35:49.178,2nd Jan,741.18,116.93,206.42,64.10,72.32,22.89,4.11,0.998,4.83,0.652,67.19,32.23,66.62,32.27,40.91,56.56,39.26,52.15,2606,
2026-02-05T15:35:49.178,1st Jan,328,-10.26,125.72,-2.11,58.76,4.09,2.22,1.19,3.14,0.958,54.75,44.75,55.06,43.79,36.09,61.42,37.47,53.95,2610,
2026-02-05T15:35:49.178,31st Dec,350,130.26,128.48,94.04,56.31,31.63,2.07,1.61,4.03,1.15,56.73,42.62,55.54,43.23,35.10,62.33,37.32,54.05,2607,
2026-02-05T15:35:49.178,30th Dec,152,88.07,66.19,-0.679,42.66,-0.300,1.31,3.61,2.92,1.92,38.10,61.25,39.32,59.41,29.15,68.32,35.25,56.14,2604,
2026-02-05T15:35:49.178,29th Dec,76.83,-58.77,66.95,-29.99,43.12,-15.51,2.06,3.08,2.40,3.12,39.07,60.28,39.64,59.22,29.36,68.09,36.21,55.29,2626,
2026-02-05T15:35:49.178,26th Dec,213.51,-43.95,95.37,-15.20,50.98,-4.51,1.80,1.53,3.03,1.42,53.59,45.76,48.18,50.52,32.83,64.40,37.67,53.78,2607,
2026-02-05T15:35:49.178,24th Dec,363.64,4.49,112.39,-4.98,53.33,-0.986,2.69,1.15,3.07,0.844,62.55,36.57,52.23,46.47,33.81,63.39,38.22,53.22,2606,
2026-02-05T15:35:49.178,23rd Dec,348,-53.91,118.45,20.41,53.98,9.51,2.57,0.729,3.34,0.959,68.35,30.84,53.43,45.11,34.06,63.10,38.67,52.78,2607,
2026-02-05T15:35:49.178,22nd Dec,588.46,54.86,98.39,86.85,49.38,23.06,2.40,1.18,5.83,0.991,66.30,32.75,48.88,49.68,32.14,65.08,37.93,53.60,2623,
2026-02-05T15:35:49.178,19th Dec,454.17,238.70,52.56,63.48,39.78,30.66,1.19,2.84,4.19,0.922,53.42,45.73,33.97,64.64,27.67,69.56,36.32,55.23,2602,
2026-02-05T15:35:49.178,18th Dec,134.09,124.46,32.06,-1.36,30.51,-8.18,1.35,5.73,2.27,1.69,29.59,69.60,23.97,74.76,22.74,74.53,34.28,57.33,2599,
2026-02-05T15:35:49.178,17th Dec,58.97,-45.84,32.59,-19.42,33.25,-12.37,1.19,3.81,1.77,3.00,31.99,67.24,24.26,74.43,24.26,72.97,35.22,56.40,2601,
2026-02-05T15:35:49.178,16th Dec,108.89,-66.67,40.45,-22.28,37.94,-10.89,0.654,2.23,1.88,1.73,39.88,59.23,28.42,70.27,26.73,70.46,36.12,55.50,2600,
2026-02-05T15:35:49.178,15th Dec,297.14,-40.57,52.27,14.02,42.84,-0.559,2.02,2.02,3.97,1.34,52.02,47.17,33.84,64.74,29.14,68.03,37.17,54.51,2618,
2026-02-05T15:35:49.178,12th Dec,576.19,56.05,45.60,54.44,42.74,18.04,1.65,1.27,4.66,0.808,45.98,53.37,30.90,67.76,29.13,68.14,36.86,54.87,2599,
2026-02-05T15:35:49.178,11th Dec,369.23,115.38,29.44,39.70,36.12,20.06,0.732,2.43,3.70,1.00,27.58,71.76,22.46,76.27,25.81,71.46,35.44,56.39,2596,
2026-02-05T15:35:49.178,10th Dec,171.43,-68.94,21.13,-10.35,30.15,-9.98,0.694,1.58,2.77,1.62,20.46,78.96,17.23,81.50,22.50,74.64,34.95,56.88,2595,
2026-02-05T15:35:49.178,9th Dec,555.56,4638.56,23.62,20.94,33.47,6.95,0.501,11.57,5.79,1.04,19.91,79.48,18.87,79.86,24.38,72.84,35.80,56.17,2592,
2026-02-05T15:35:49.178,8th Dec,12.93,-88.58,19.83,-48.93,31.72,-30.44,1.53,11.24,1.46,11.28,14.43,84.92,16.35,82.43,23.41,73.79,33.96,58.10,2606,
2026-02-05T15:35:49.178,5th Dec,120.41,10.16,38.59,9.46,45.21,0.070,1.27,6.41,2.28,1.89,30.99,68.35,27.48,71.21,30.22,66.85,37.94,53.92,2591,
2026-02-05T15:35:49.178,4th Dec,106.82,216.00,35.26,-0.106,45.18,0.501,0.656,5.09,1.81,1.70,28.71,70.51,25.70,72.91,30.18,66.81,38.60,53.26,2591,
2026-02-05T15:35:49.178,3rd Dec,33.80,-56.54,35.35,-26.23,45.01,-12.72,0.772,5.60,0.926,2.74,27.40,71.79,25.74,72.83,30.10,66.89,38.98,52.91,2591,
2026-02-05T15:35:49.178,2nd Dec,77.78,-51.72,47.91,-9.44,51.57,-6.29,1.58,4.44,1.62,2.08,34.90,64.29,31.93,66.64,33.01,64.02,40.27,51.66,2590,
2026-02-05T15:35:49.178,1st Dec,150.85,-27.30,53.07,-5.15,55.47,-0.808,3.49,3.41,3.41,2.26,41.64,57.44,34.16,64.38,34.62,62.42,40.91,51.07,2608,
2026-02-05T15:35:49.178,28th Nov,250,20.13,55.54,2.44,55.21,4.29,1.90,2.48,3.10,1.24,41.80,57.35,35.21,63.40,34.51,62.50,40.95,50.91,2579,
2026-02-05T15:35:49.178,27th Nov,211.11,-54.35,54.34,2.15,53.15,-4.12,2.87,1.71,2.95,1.40,39.42,59.61,34.73,63.91,33.64,63.29,41.63,50.19,2580,
2026-02-05T15:35:49.178,26th Nov,462.50,89.20,53.19,50.45,55.44,23.47,1.63,2.25,4.31,0.932,38.99,60.19,34.29,64.47,34.64,62.49,41.83,50.10,2575,
2026-02-05T15:35:49.178,25th Nov,240.54,729.62,35.27,8.57,44.79,3.33,1.01,5.71,3.46,1.44,20.59,78.55,25.76,73.04,30.07,67.13,39.32,52.64,2574,
2026-02-05T15:35:49.178,24th Nov,29.38,-64.41,32.97,-24.17,43.84,-14.69,1.20,7.29,2.01,6.83,18.90,80.25,24.54,74.42,29.63,67.59,38.85,53.20,2592,
2026-02-05T15:35:49.178,21st Nov,81.36,-43.79,42.87,-23.47,50.85,-19.36,0.896,4.67,1.87,2.30,25.39,73.87,29.71,69.31,32.79,64.49,41.36,50.74,2568,
2026-02-05T15:35:49.178,20th Nov,144.74,28.13,56.04,-2.52,63.19,-1.14,2.88,3.46,2.14,1.48,37.06,62.16,35.58,63.49,37.68,59.63,43.75,48.38,2569,
2026-02-05T15:35:49.178,19th Nov,112.96,17.23,57.43,1.89,63.85,-0.838,2.07,3.55,2.38,2.10,38.97,60.21,36.17,62.98,37.92,59.39,44.08,48.13,2566,
2026-02-05T15:35:49.178,18th Nov,96.36,-45.74,56.42,-25.58,64.45,-11.04,2.11,3.35,2.07,2.14,38.56,60.66,35.79,63.43,38.17,59.22,44.02,48.19,2565,
2026-02-05T15:35:49.178,17th Nov,170.83,0.792,76.24,11.53,72.89,6.90,3.63,3.05,4.76,2.78,46.52,52.75,42.92,56.30,41.07,56.34,46.33,45.98,2586,
2026-02-05T15:35:49.178,14th Nov,170.37,24.81,68.06,1.08,67.65,-2.92,1.33,2.62,3.59,2.11,41.96,57.34,40.16,59.02,39.27,58.04,45.63,46.64,2562,
2026-02-05T15:35:49.178,13th Nov,136.51,-58.17,67.22,-6.32,69.69,-4.52,2.07,2.27,3.36,2.46,40.97,58.48,39.84,59.27,39.99,57.39,45.78,46.60,2558,
2026-02-05T15:35:49.178,12th Nov,326.32,167.34,71.68,31.79,72.92,11.22,2.07,1.80,4.85,1.49,42.23,57.38,41.41,57.77,41.10,56.36,46.42,45.99,2555,
2026-02-05T15:35:49.178,11th Nov,123.53,32.44,54.63,12.16,65.82,-0.067,1.33,4.07,3.29,2.66,31.36,68.28,35.04,64.14,38.72,58.82,44.43,48.06,2557,
2026-02-05T15:35:49.178,10th Nov,94.55,-33.51,49.18,1.25,66.40,0.934,2.09,4.03,4.03,4.26,28.80,70.81,32.67,66.43,38.91,58.60,44.96,47.60,2580,
2026-02-05T15:35:49.178,7th Nov,154.55,397.36,48.13,7.84,65.30,-0.398,1.25,4.50,3.33,2.15,26.31,73.34,32.22,66.95,38.53,59.01,45.46,47.06,2554,
2026-02-05T15:35:49.178,6th Nov,31.64,-75.26,44.71,-43.92,65.67,-26.61,1.57,3.76,2.19,6.93,23.54,76.26,30.63,68.51,38.58,58.75,45.24,47.32,2553,
2026-02-05T15:35:49.178,4th Nov,125,-45.97,79.67,-32.01,89.41,-15.69,1.96,1.80,2.15,1.72,35.41,64.39,43.91,55.11,45.99,51.43,49.28,43.24,2553,
2026-02-05T15:35:49.178,3rd Nov,201.64,44.93,117.04,18.05,106.00,9.00,3.19,1.44,4.78,2.37,47.92,51.85,53.40,45.63,50.14,47.30,50.91,41.62,2573,
2026-02-05T15:35:49.178,31st Oct,163.89,-22.74,99.13,-17.86,97.37,-10.12,2.24,1.18,2.32,1.41,43.75,55.85,49.25,49.69,48.04,49.33,50.08,42.30,2546,
2026-02-05T15:35:49.178,30th Oct,215.15,-35.08,120.75,-9.60,108.41,-1.37,2.32,0.863,2.79,1.30,53.61,45.84,54.12,44.82,50.59,46.66,50.59,41.80,2548,
2026-02-05T15:35:49.178,29th Oct,334.29,107.34,133.58,25.14,109.92,15.56,2.87,1.02,4.59,1.37,60.27,39.07,56.54,42.32,50.92,46.33,50.88,41.50,2547,
2026-02-05T15:35:49.178,28th Oct,163.27,-3.45,106.99,-3.90,95.35,-2.07,2.54,1.02,3.13,1.92,52.00,47.30,50.94,47.61,47.42,49.73,49.18,43.15,2554,
2026-02-05T15:35:49.178,27th Oct,144.78,17.20,110.60,1.18,96.86,0.320,2.68,1.01,3.76,2.60,56.05,43.17,51.78,46.82,47.79,49.34,49.57,42.90,2578,
2026-02-05T15:35:49.178,24th Oct,143.90,-22.21,109.83,-9.81,96.75,-7.96,1.45,0.587,2.31,1.60,53.03,46.07,51.54,46.93,47.75,49.35,49.16,43.18,2557,
2026-02-05T15:35:49.178,23rd Oct,185,-88.72,121.78,0.717,105.12,1.30,3.88,0.470,4.35,2.35,59.55,39.78,54.07,44.40,49.80,47.38,49.14,43.27,2554,
2026-02-05T15:35:49.178,21st Oct,1640,614.87,120.79,42.68,103.71,15.22,2.95,0.903,3.22,0.196,64.53,34.76,53.85,44.58,49.45,47.68,48.74,43.72,2546,
2026-02-05T15:35:49.178,20th Oct,193.55,112.28,84.76,20.65,89.97,10.76,2.91,2.29,4.66,2.41,49.42,49.81,45.11,53.22,45.96,51.09,46.82,45.61,2576,
2026-02-05T15:35:49.178,17th Oct,96.67,-60.96,69.89,-9.03,81.07,-10.09,2.39,1.76,2.27,2.35,42.24,56.90,40.51,57.96,43.49,53.65,46.31,46.12,2550,
2026-02-05T15:35:49.178,16th Oct,247.62,-4.93,76.90,22.09,90.24,9.19,1.96,1.18,4.08,1.65,47.29,51.88,42.82,55.69,46.04,51.02,47.37,45.06,2550,
2026-02-05T15:35:49.178,15th Oct,260.47,367.87,63.01,42.49,82.66,15.96,1.81,2.24,4.40,1.69,41.54,57.75,38.12,60.50,43.97,53.20,45.82,46.68,2547,
2026-02-05T15:35:49.178,14th Oct,55.67,-54.67,44.22,-28.21,71.28,-21.26,2.28,2.79,2.12,3.81,33.42,65.71,30.20,68.30,40.46,56.76,44.70,47.60,2546,
2026-02-05T15:35:49.178,13th Oct,115.38,-54.67,61.97,-22.66,90.75,-10.19,2.14,1.75,2.92,2.53,46.88,52.14,37.72,60.87,46.26,50.97,46.30,46.14,2566,
2026-02-05T15:35:49.178,Symbol Sort table by Symbol in ascending order,Rs_score Sort table by Rs_score in ascending order,Rscore_1mago Sort table by Rscore_1mago in ascending order,Rscore_3mago Sort table by Rscore_3mago in ascending order,Rscore_6mago Sort table by Rscore_6mago in ascending order,Rs_1m Sort table by Rs_1m in ascending order,Rs_3m Sort table by Rs_3m in ascending order,Rs_6m Sort table by Rs_6m in ascending order,,,,,,,,,,,,,
2026-02-05T15:35:49.178,CUPID,116.05,119.21,53.57,22.10,-0.015,0.722,1.52,,,,,,,,,,,,,
2026-02-05T15:35:49.178,SABTNL,76.63,11.12,-4.82,38.72,0.110,1.44,0.742,,,,,,,,,,,,,
2026-02-05T15:35:49.178,FORCEMOT,50.92,48.56,34.59,23.25,0.007,0.176,0.237,,,,,,,,,,,,,
2026-02-05T15:35:49.178,LUMAXTECH,45.89,40.26,29.69,26.84,-0.090,0.317,0.325,,,,,,,,,,,,,
2026-02-05T15:35:49.178,SMLMAH,42.57,44.18,20.24,16.93,-0.104,0.206,0.075,,,,,,,,,,,,,
2026-02-05T15:35:49.178,HINDCOPPER,42.06,32.72,4.22,-5.38,0.079,0.893,1.50,,,,,,,,,,,,,
2026-02-05T15:35:49.178,SBISILVER,41.62,41.97,12.65,7.52,0.040,0.697,1.23,,,,,,,,,,,,,
2026-02-05T15:35:49.178,SILVER,41.51,42.11,12.73,7.33,0.037,0.693,1.22,,,,,,,,,,,,,
2026-02-05T15:35:49.178,HDFCSILVER,41.09,42.19,12.60,7.31,0.032,0.686,1.21,,,,,,,,,,,,,
2026-02-05T15:35:49.178,ESILVER,40.71,41.82,12.65,7.25,0.030,0.675,1.20,,,,,,,,,,,,,
2026-02-05T15:35:49.178,SILVER1,40.65,41.76,12.71,7.36,0.030,0.673,1.20,,,,,,,,,,,,,
2026-02-05T15:35:49.178,TATSILV,40.59,42.30,12.72,7.28,0.020,0.665,1.19,,,,,,,,,,,,,
2026-02-05T15:35:49.178,BGRENERGY,40.37,62.68,213.22,33.46,-0.041,-0.180,2.25,,,,,,,,,,,,,
2026-02-05T15:35:49.178,SILVERIETF,40.34,42.23,12.63,7.27,0.018,0.664,1.19,,,,,,,,,,,,,
2026-02-05T15:35:49.178,AXISILVER,40.34,42.02,12.63,7.29,0.021,0.666,1.19,,,,,,,,,,,,,
2026-02-05T15:35:49.178,SILVERADD,40.10,42.10,12.68,7.34,0.015,0.654,1.18,,,,,,,,,,,,,
2026-02-05T15:35:49.178,SILVERAG,40.08,41.78,12.69,7.30,0.023,0.658,1.18,,,,,,,,,,,,,
2026-02-05T15:35:49.178,SILVERBEES,40.03,42.00,12.51,7.15,0.018,0.663,1.18,,,,,,,,,,,,,
2026-02-05T15:35:49.178,SILVERBETA,39.79,41.82,12.55,6.80,0.015,0.652,1.17,,,,,,,,,,,,,
2026-02-05T15:35:49.178,PFOCUS,37.32,21.96,9.62,2.47,0.081,0.492,0.713,,,,,,,,,,,,,
2026-02-05T15:35:49.178,INFOBEAN,36.64,34.49,12.12,7.14,-0.108,0.409,0.513,,,,,,,,,,,,,
2026-02-05T15:35:49.178,MEGASOFT,35.52,38.94,51.94,16.07,-0.074,-0.108,0.590,,,,,,,,,,,,,
2026-02-05T15:35:49.178,SILGO,34.75,24.88,16.44,12.20,-0.039,0.111,0.321,,,,,,,,,,,,,
2026-02-05T15:35:49.178,ABINFRA,34.21,23.02,NaN,NaN,0.108,0.089,0.124,,,,,,,,,,,,,
2026-02-05T15:35:49.178,LUMAXIND,32.55,31.89,25.61,9.78,-0.090,0.051,0.323,,,,,,,,,,,,,
2026-02-05T15:35:49.178,TDPOWERSYS,31.41,14.11,26.83,6.34,0.176,0.015,0.581,,,,,,,,,,,,,
2026-02-05T15:35:49.178,TFCILTD,31.03,25.10,33.42,13.37,-0.009,-0.007,0.227,,,,,,,,,,,,,
2026-02-05T15:35:49.178,MTARTECH,29.13,14.46,12.05,-5.28,0.286,0.373,1.25,,,,,,,,,,,,,
2026-02-05T15:35:49.178,MCX,27.83,20.46,12.03,18.63,0.080,0.311,0.520,,,,,,,,,,,,,
2026-02-05T15:35:49.178,SBC,26.88,17.86,10.56,-1.49,0.050,0.206,0.700,,,,,,,,,,,,,
2026-02-05T15:35:49.178,SILVERTUC,26.36,25.20,2.89,-1.09,-0.061,0.709,0.850,,,,,,,,,,,,,
2026-02-05T15:35:49.178,GABRIEL,26.18,24.70,42.32,27.74,-0.057,-0.195,-0.043,,,,,,,,,,,,,
2026-02-05T15:35:49.178,BHAGYANGR,26.08,23.14,9.44,-3.64,-0.053,0.333,0.821,,,,,,,,,,,,,
2026-02-05T15:35:49.178,GVT&D,26.00,14.55,18.96,18.30,0.142,0.173,0.267,,,,,,,,,,,,,
2026-02-05T15:35:49.178,GRMOVER,25.84,34.84,24.54,19.29,-0.066,0.078,0.277,,,,,,,,,,,,,
2026-02-05T15:35:49.178,JAYNECOIND,25.09,33.85,19.23,0.609,-0.174,0.031,0.447,,,,,,,,,,,,,
2026-02-05T15:35:49.178,SHARDACROP,24.62,2.03,3.25,21.91,0.393,0.488,0.052,,,,,,,,,,,,,
2026-02-05T15:35:49.178,IMFA,24.55,13.52,16.82,-0.083,0.025,0.174,0.839,,,,,,,,,,,,,
2026-02-05T15:35:49.178,BAJAJCON,24.35,10.29,9.70,-3.04,0.312,0.216,0.635,,,,,,,,,,,,,
2026-02-05T15:35:49.178,NATIONALUM,23.89,17.18,1.52,-1.40,0.051,0.580,0.947,,,,,,,,,,,,,
2026-02-05T15:35:49.178,ATALREAL,23.78,21.77,26.12,30.64,0.050,0.104,0.437,,,,,,,,,,,,,
2026-02-05T15:35:49.178,KMEW,23.64,17.01,NaN,NaN,0.009,0.255,1.05,,,,,,,,,,,,,
2026-02-05T15:35:49.178,GMDCLTD,23.38,22.99,14.85,1.18,0.001,0.082,0.501,,,,,,,,,,,,,
2026-02-05T15:35:49.178,SJS,23.28,15.49,12.91,7.46,0.005,0.049,0.514,,,,,,,,,,,,,
2026-02-05T15:35:49.178,MIRCELECTR,23.15,15.16,7.20,-7.48,-0.012,0.309,1.21,,,,,,,,,,,,,
2026-02-05T15:35:49.178,STALLION,23.13,NaN,NaN,NaN,-0.206,-0.214,0.426,,,,,,,,,,,,,
2026-02-05T15:35:49.178,ROSSTECH,22.54,11.40,NaN,NaN,0.201,0.204,0.305,,,,,,,,,,,,,
2026-02-05T15:35:49.178,LTF,22.26,31.29,21.82,4.65,-0.114,0.029,0.387,,,,,,,,,,,,,
2026-02-05T15:35:49.178,ASHOKLEY,22.19,17.05,8.60,-0.083,0.085,0.430,0.647,,,,,,,,,,,,,
2026-02-05T15:35:49.178,ABCAPITAL,22.07,24.19,14.31,6.30,-0.042,0.056,0.240,,,,,,,,,,,,,
2026-02-05T15:35:49.178,APOLLO,21.93,28.97,37.37,12.15,-0.085,-0.084,0.411,,,,,,,,,,,,,
2026-02-05T15:35:49.178,CRAFTSMAN,21.61,13.17,9.91,5.62,-0.021,0.159,0.184,,,,,,,,,,,,,
2026-02-05T15:35:49.178,IZMO,21.13,16.22,36.03,-5.56,-0.119,-0.221,0.959,,,,,,,,,,,,,
2026-02-05T15:35:49.178,POCL,20.91,20.07,12.68,17.90,-0.174,-0.044,0.097,,,,,,,,,,,,,
2026-02-05T15:35:49.178,GOLDIETF,20.51,17.65,12.05,9.59,0.133,0.284,0.543,,,,,,,,,,,,,
2026-02-05T15:35:49.178,ANURAS,20.50,20.87,11.71,11.60,-0.035,0.223,0.158,,,,,,,,,,,,,
2026-02-05T15:35:49.178,BSLGOLDETF,20.35,17.81,12.10,9.68,0.127,0.276,0.532,,,,,,,,,,,,,
2026-02-05T15:35:49.178,NETWEB,20.22,8.42,9.56,-0.144,-0.072,-0.059,0.348,,,,,,,,,,,,,
2026-02-05T15:35:49.178,IFBAGRO,19.87,40.26,35.01,13.39,-0.302,-0.215,0.240,,,,,,,,,,,,,
2026-02-05T15:35:49.178,SHRIRAMFIN,19.77,17.17,7.05,1.36,-0.008,0.255,0.592,,,,,,,,,,,,,
2026-02-05T15:35:49.178,QGOLDHALF,19.69,17.74,12.12,9.65,0.106,0.255,0.510,,,,,,,,,,,,,
2026-02-05T15:35:49.178,BBNPPGOLD,19.69,17.46,12.24,9.84,0.116,0.261,0.516,,,,,,,,,,,,,
2026-02-05T15:35:49.178,TATAGOLD,19.66,17.52,11.94,9.53,0.112,0.262,0.514,,,,,,,,,,,,,
2026-02-05T15:35:49.178,GOLDCASE,19.66,17.55,12.01,9.59,0.112,0.261,0.514,,,,,,,,,,,,,
2026-02-05T15:35:49.178,RBLBANK,19.58,24.33,21.66,5.22,-0.050,-0.066,0.147,,,,,,,,,,,,,
2026-02-05T15:35:49.178,LICMFGOLD,19.56,17.67,11.98,9.51,0.108,0.248,0.499,,,,,,,,,,,,,
2026-02-05T15:35:49.178,GOLDBETA,19.54,17.83,12.27,9.69,0.104,0.251,0.506,,,,,,,,,,,,,
2026-02-05T15:35:49.178,GROWWGOLD,19.52,17.39,11.84,NaN,0.112,0.257,0.506,,,,,,,,,,,,,
2026-02-05T15:35:49.178,EGOLD,19.49,17.48,11.90,9.49,0.107,0.255,0.506,,,,,,,,,,,,,
2026-02-05T15:35:49.178,HDFCGOLD,19.48,17.58,12.10,9.42,0.106,0.251,0.504,,,,,,,,,,,,,
2026-02-05T15:35:49.178,SKMEGGPROD,19.46,14.96,17.70,4.80,0.035,-0.042,0.253,,,,,,,,,,,,,
2026-02-05T15:35:49.178,GOLDETF,19.39,17.54,12.24,9.54,0.103,0.244,0.503,,,,,,,,,,,,,
2026-02-05T15:35:49.178,THANGAMAYL,19.38,18.69,11.57,0.638,-0.087,0.034,0.672,,,,,,,,,,,,,
2026-02-05T15:35:49.178,AXISGOLD,19.37,17.61,12.02,9.64,0.102,0.251,0.500,,,,,,,,,,,,,
2026-02-05T15:35:49.178,GOLD1,19.30,17.41,12.11,9.67,0.104,0.246,0.498,,,,,,,,,,,,,
2026-02-05T15:35:49.178,GOLDBEES,19.17,17.46,11.99,9.52,0.100,0.244,0.496,,,,,,,,,,,,,
2026-02-05T15:35:49.178,SETFGOLD,19.17,17.49,12.05,9.55,0.101,0.244,0.495,,,,,,,,,,,,,
2026-02-05T15:35:49.178,GOLDADD,19.10,17.76,12.08,9.71,0.096,0.241,0.491,,,,,,,,,,,,,
2026-02-05T15:35:49.178,UJJIVANSFB,18.39,16.92,9.89,0.603,0.087,0.235,0.439,,,,,,,,,,,,,
2026-02-05T15:35:49.178,JKTYRE,17.37,9.93,4.90,-5.73,0.050,0.197,0.622,,,,,,,,,,,,,
2026-02-05T15:35:49.178,Symbol Sort table by Symbol in ascending order,Change Sort table by Change in ascending order,,,,,,,,,,,,,,,,,,,
2026-02-05T15:35:49.178,RML,8.47,,,,,,,,,,,,,,,,,,,
2026-02-05T15:35:49.178,Symbol Sort table by Symbol in ascending order,Cmp Sort table by Cmp in ascending order,%ch Sort table by %ch in ascending order,Low 2% Sort table by Low 2% in ascending order,Low5 Sort table by Low5 in ascending order,Sl Sort table by Sl in ascending order,Target Sort table by Target in ascending order,R_vol Sort table by R_vol in ascending order,Forward pe Sort table by Forward pe in ascending order,Pe Sort table by Pe in ascending order,Rsi Sort table by Rsi in ascending order,Sector Sort table by Sector in ascending order,Industry Sort table by Industry in ascending order,Adx Sort table by Adx in ascending order,%ch sl Sort table by %ch sl in ascending order,Rs Sort table by Rs in ascending order,Srs Sort table by Srs in ascending order,Ars Sort table by Ars in ascending order,Is Sort table by Is in ascending order,Tps Sort table by Tps in ascending order,Rs score Sort table by Rs score in ascending order
2026-02-05T15:35:49.178,GVT&D,3518.30,0.225,3321.32,3089.10,2992.65,4306.77,0.935,77.43,84.16,73.41,industrials,electric equipment,30.21,17.56,47.05,0.162,0.538,3100.53,2833.90,26.00
2026-02-05T15:35:49.178,GMDCLTD,613.10,-0.236,590.94,556,549.43,708.60,1.13,10.46,19.47,60.85,metals & mining,mining / minerals / metals,20.47,11.59,56.76,0.364,0.652,546.35,510.18,23.38
2026-02-05T15:35:49.178,ASHOKLEY,201.93,0.503,196,185.52,192.90,215.48,0.803,39.13,20.48,68.08,auto,automobiles - lcvs / hcvs,53.53,4.68,61.38,0.552,0.629,188.60,179.53,22.19
2026-02-05T15:35:49.178,CRAFTSMAN,7849,0.006,7547.47,7080,7320.60,8641.59,0.343,42.36,50.70,57.88,auto,auto ancillaries,17.54,7.22,31.05,0.130,0.328,7137.76,6614.32,21.61
2026-02-05T15:35:49.178,CUB,293.60,0.513,285.47,271.50,279.89,314.17,0.403,16.38,17.25,55.25,bank,banks - private sector,20.24,4.90,34.80,0.254,0.467,262.24,241.62,16.71
2026-02-05T15:35:49.178,CHENNPETRO,889,0.919,864.36,808.65,834.29,971.07,0.900,3.30,6.10,56.68,energy,refineries,16.99,6.56,20.44,0.277,0.256,796.82,756.68,15.95
2026-02-05T15:35:49.178,SYRMA,860.80,1.25,805.71,720.30,721.60,1069.60,1.36,40.38,55.82,74.56,consumer discretionary,electronics - components,32.10,19.29,32.63,0.116,0.525,756.76,682.93,15.35
2026-02-05T15:35:49.178,INDIANB,879,-0.028,854.27,806.20,868.73,894.40,0.420,9.41,10.29,55.37,bank,banks - public sector,19.49,1.18,37.73,0.250,0.422,813.48,768.29,14.81
2026-02-05T15:35:49.178,UNIONBANK,176.75,0.363,172.00,165.11,176.52,177.09,0.694,6.64,7.10,58.81,bank,banks - public sector,30.79,0.129,22.82,0.229,0.211,162.77,154.74,14.15
2026-02-05T15:35:49.178,POWERINDIA,19150,0.562,18300.52,17850,17464.01,21678.99,0.847,162.12,162.16,56.92,industrials,electric equipment,24.43,9.65,-3.60,-0.148,0.070,17312.31,16105.05,12.32
2026-02-05T15:35:49.178,SAIL,159.50,1.41,149.24,141.30,151.13,172.06,1.05,43.82,23.30,64.02,metals & mining,steel - large,27.73,5.54,19.42,0.191,0.199,145.25,135.06,12.13
2026-02-05T15:35:49.178,TATASTEEL,198,1.33,187.69,182.55,191.44,207.84,1.16,19.88,35.79,61.95,metals & mining,steel - large,27.05,3.43,24.53,0.142,0.184,184.26,174.37,11.86
2026-02-05T15:35:49.178,BANKINDIA,163.10,1.35,157.61,146.40,160.18,167.48,1.12,6.60,7.46,58.28,bank,banks - public sector,25.71,1.82,41.41,0.343,0.350,149.61,141.26,11.72
2026-02-05T15:35:49.178,APLAPOLLO,2182.10,0.363,2111.80,2036.60,2059.44,2366.08,1.52,48.84,52.85,76.34,industrials,steel - large,41.07,5.96,27.75,0.260,0.144,2052.81,1970.15,11.19
2026-02-05T15:35:49.178,HDFCAMC,2760,1.28,2666.48,2432,2477.01,3184.49,2.27,38.40,23.42,64.57,financials,finance & investments,15.41,11.42,7.39,-0.102,0.110,2569.71,2439.50,10.26
2026-02-05T15:35:49.178,SBIN,1072.90,0.440,1046.15,988.30,1051.10,1105.60,1.03,11.76,11.92,62.25,bank,banks - public sector,37.26,2.07,32.31,0.228,0.306,1009.35,969.78,9.98
2026-02-05T15:35:49.178,JINDALSTEL,1179,1.00,1127.20,1082.70,1113.26,1277.61,0.702,157.62,59.77,68.03,metals & mining,steel - large,29.87,5.91,24.87,0.087,0.203,1097.34,1042.10,9.64
2026-02-05T15:35:49.178,M&MFIN,375.30,1.43,361.67,341.40,350.36,412.70,0.765,15.82,20.85,55.92,financials,finance & investments,15.62,7.12,38.85,0.363,0.405,342.24,324.65,9.31
2026-02-05T15:35:49.178,IDFCFIRSTB,85.11,-0.035,82.98,79.38,81.43,90.63,1.01,39.40,44.58,56.57,bank,banks - private sector,15.91,4.52,10.33,0.132,0.207,80.49,77.71,9.10
2026-02-05T15:35:49.178,GESHIP,1268,2.36,1207.56,1125,1172.99,1410.52,2.31,5.57,7.82,76.89,transportation,shipping,20.24,8.10,23.34,0.243,0.312,1168.94,1112.04,8.92
2026-02-05T15:35:49.178,IOC,175.87,1.79,168.97,157.56,160.81,198.47,2.85,7.74,9.56,70.19,energy,refineries,14.51,9.37,17.30,0.143,0.185,165.68,160.06,8.74
2026-02-05T15:35:49.178,ADANIENSOL,1011.40,2.35,960.40,842,846.90,1258.15,1.21,54.97,52.53,59.33,power & utilities,power generation and supply,28.41,19.42,13.71,0.172,0.112,907.44,834.57,8.19
2026-02-05T15:35:49.178,APARINDS,9471,-0.058,9192.89,7749.50,7712.48,12108.77,0.988,45.52,39.10,70.43,industrials,electric equipment,35.69,22.80,7.53,0.004,0.197,8447.73,7843.77,8.15
2026-02-05T15:35:49.178,JSWSTEEL,1241,1.04,1189.92,1172.90,1205.23,1294.65,0.645,35.42,40.24,63.23,metals & mining,steel - large,18.71,2.97,19.32,0.074,0.183,1178.00,1131.54,7.40
2026-02-05T15:35:49.178,RAMCOCEM,1164.90,0.945,1119.65,1069,1089.55,1277.92,0.303,89.06,73.74,69.07,building materials,cement - south india,17.08,6.92,5.72,-0.056,0.156,1089.08,1038.92,6.12
2026-02-05T15:35:49.178,INOXINDIA,1129,-0.106,1100.44,1082,1084.79,1195.31,0.992,42.13,41.74,53.17,industrials,packaging,20.24,4.08,-9.02,-0.081,-0.108,1064.73,1036.52,4.94
2026-02-05T15:35:49.178,KEI,4444.70,0.484,4255.75,3802.10,3873.35,5301.73,0.940,45.22,49.11,62.78,industrials,cables - power,27.66,14.75,20.33,0.066,0.216,4055.30,3786.26,3.99
2026-02-05T15:35:49.178,SARDAEN,530,1.66,504.75,467,468.86,621.70,1.72,14.45,17.28,63.40,metals & mining,steel - medium / small,24.81,13.04,22.39,-0.123,0.191,488.35,465.11,3.92
2026-02-05T15:35:49.178,IFCI,59.53,2.83,56.62,54.80,56.81,63.61,2.25,-248.04,38.85,59.30,financials,finance - term-lending institutions,24.18,4.78,-3.24,0.005,-0.058,52.91,49.67,3.86
2026-02-05T15:35:49.178,WELCORP,836.65,2.57,791.84,710,731.93,993.73,1.23,12.18,11.05,64.06,industrials,steel - large,21.78,14.31,-10.58,-0.117,0.032,766.32,719.12,3.52
2026-02-05T15:35:49.178,MINDACORP,595,2.23,564.63,542.35,537.21,681.68,4.63,41.32,51.32,59.76,auto,auto ancillaries,15.95,10.76,15.09,0.187,0.044,543.55,517.47,3.43
2026-02-05T15:35:49.178,GRASIM,2871.10,0.921,2768.50,2713,2757.30,3041.80,1.30,87.96,44.75,58.05,textiles,textiles - manmade,16.60,4.13,2.64,-0.036,0.061,2741.38,2650.28,3.34
2026-02-05T15:35:49.178,BAJAJ-AUTO,9659.50,0.213,9408,9175.50,9366.75,10098.62,0.455,24.52,30.28,60.62,auto,automobiles - scooters and 3 - wheelers,22.98,3.13,15.54,0.081,0.042,9145.59,8779.67,3.19
2026-02-05T15:35:49.178,ULTRACEMCO,12770,-0.281,12477.36,12191,12542.68,13110.98,0.690,54.42,49.14,62.97,building materials,cement - north india,16.83,1.81,1.66,-0.042,0.081,12186.58,11813.01,2.69
2026-02-05T15:35:49.178,METROPOLIS,1969,3.85,1870.82,1839,1818.08,2195.39,9.13,48.40,61.80,59.31,healthcare,healthcare,11.57,8.30,-4.28,-0.091,0.140,1795.11,1739.69,2.43
2026-02-05T15:35:49.178,SHYAMMETL,862.50,0.653,823.35,827.65,821.84,923.49,0.512,30.37,24.60,58.97,metals & mining,steel - large,17.76,4.95,0.349,-0.180,-0.045,809.42,774.46,1.98
2026-02-05T15:35:49.178,LUPIN,2217.90,1.03,2152.96,2078.20,2129.47,2350.54,1.29,17.13,23.17,63.79,healthcare,pharmaceuticals - indian - bulk drugs & formln,15.95,4.15,15.88,0.051,0.088,2101.21,2040.29,1.96
2026-02-05T15:35:49.178,INDIAMART,2281,0.259,2196.57,2162.30,2180.03,2432.46,2.35,18.18,22.55,57.97,i.t,miscellaneous,20.00,4.63,-11.83,-0.179,-0.045,2138.15,2050.01,1.87
2026-02-05T15:35:49.178,DMART,3930,2.76,3748.60,3529,3637.88,4368.17,1.95,74.71,86.86,62.15,consumer discretionary,trading,19.02,8.03,-6.20,-0.151,-0.072,3710.60,3565.54,1.85
2026-02-05T15:35:49.178,ONGC,268.65,0.637,260.68,247.60,258.39,284.04,1.23,7.83,9.19,64.01,energy,oil drilling / allied services,30.59,3.97,10.68,0.058,0.062,248.39,235.00,1.57
2026-02-05T15:35:49.178,J&KBANK,103.99,-1.31,101.25,98.61,102.44,106.31,0.535,4.92,5.42,52.50,bank,banks - private sector,12.30,1.51,-7.12,-0.066,0.002,97.72,94.38,1.50
2026-02-05T15:35:49.178,BANDHANBNK,157.61,0.172,153.46,145.52,148.76,170.88,0.635,30.78,25.17,63.51,bank,banks - private sector,20.76,5.95,-11.23,-0.126,-0.098,148.57,142.48,1.17
2026-02-05T15:35:49.178,DRREDDY,1245,0.387,1212.26,1167.10,1181.29,1340.56,0.609,21.42,18.55,55.97,healthcare,pharmaceuticals - indian - bulk drugs & formln,23.74,5.39,-1.89,-0.045,-0.032,1175.39,1131.79,1.16
2026-02-05T15:35:49.178,AARTIIND,452.85,2.25,430.27,360.85,368.76,578.99,2.55,30.85,42.55,81.92,chemicals,chemicals,26.98,22.80,-0.874,0.102,-0.085,410.21,381.78,0.797
2026-02-05T15:35:49.178,TORNTPOWER,1420,0.888,1357.79,1266.80,1317.85,1573.22,1.94,24.72,23.59,60.59,power & utilities,power generation and supply,13.72,7.75,-0.490,-0.036,-0.037,1320.10,1252.58,-0.574
2026-02-05T15:35:49.178,BALKRISIND,2678,0.544,2518.99,2226.10,2382.21,3121.68,2.33,33.86,39.24,74.13,auto,tyres,27.54,12.42,2.21,0.017,0.044,2367.91,2202.24,-0.687
2026-02-05T15:35:49.178,BSOFT,463.45,5.25,426.30,408,407.26,547.73,1.74,27.07,26.48,65.47,i.t,computers - software - medium / small,17.41,13.80,8.15,0.118,0.078,419.30,387.75,-1.56
2026-02-05T15:35:49.178,BALRAMCHIN,445.75,0.928,428.06,411.50,406.84,504.11,0.484,41.74,22.02,61.78,fmcg,sugar,25.78,9.56,-25.77,-0.254,-0.228,416.49,396.79,-2.02
2026-02-05T15:35:49.178,BLUEDART,5895,3.30,5499.27,5384.50,5397.71,6640.94,1.43,51.19,53.38,70.00,transportation,couriers,21.09,9.21,-11.14,-0.065,-0.164,5524.02,5252.79,-2.22
2026-02-05T15:35:49.178,TMPV,375.60,0.040,357.01,339.35,344.02,422.96,1.22,-5.37,11.99,64.82,auto,automobiles - passenger cars,18.65,9.18,-10.04,-0.114,-0.161,348.25,327.73,-2.55
2026-02-05T15:35:49.178,BAYERCROP,4464,-0.564,4351.20,4332.20,4327.74,4668.40,0.523,32.84,33.14,52.87,chemicals,pesticides / agrochemicals - multinational,19.90,3.15,-30.72,-0.276,-0.240,4277.38,4190.42,-2.93
2026-02-05T15:35:49.178,IRB,42.22,0.428,40.92,39.75,39.87,45.74,0.841,45.89,3.86,56.13,realty,construction,14.69,5.88,-12.37,-0.132,-0.202,39.67,37.85,-4.59
2026-02-05T15:35:49.178,RKFORGE,566,0.909,538.95,486.70,506.95,654.58,0.749,188.67,47.09,69.02,industrials,castings & forgings,18.63,11.65,-14.63,-0.098,-0.104,516.57,480.04,-5.16
2026-02-05T15:35:49.178,HFCL,71.19,3.40,66.26,63.45,63.39,82.89,1.29,26.56,191.25,61.19,telecom,cables - telephone,18.14,12.30,-13.33,-0.113,-0.212,63.07,58.50,-5.43
