Timestamp,Symbol,Cmp,%ch,Low 2%,Low5,Sl,Target,R_vol,Forward pe,Pe,Rsi,Sector,Industry,Adx,%ch sl,Rs,Srs,Ars,Is,Tps,Rs score,Scan_Date,From52wh,3d range,5d,Free float
2026-08-19T01:43:13.724,HFCL,230.03,4.8,213.65,215.0,207.24,264.21,1.35,38.6,57.16,62.56,telecom,cables - telephone,19.74,11.0,239.64,2.07,2.14,210.32,195.97,53.02,2026-08-19,,,,
2026-08-19T01:43:13.724,NETWEB,5354.5,2.73,4990.94,4753.0,4940.34,5975.74,1.55,89.36,113.56,69.06,i.t,computers - hardware,28.02,8.38,59.99,0.61,0.61,4872.22,4552.41,33.65,2026-08-19,,,,
2026-08-19T01:43:13.724,RRKABEL,2784.9,1.32,2685.69,2708.3,2806.16,2753.02,1.05,38.38,51.16,65.59,industrials,cables - power,46.26,-0.76,88.78,0.82,0.92,2599.42,2545.4,29.71,2026-08-19,,,,
2026-08-19T01:43:13.724,WELCORP,1917.1,1.86,1844.36,1840.0,1854.69,2010.72,0.71,12.08,21.49,77.1,industrials,steel - large,43.39,3.37,160.28,1.18,1.19,1826.67,1776.64,29.67,2026-08-19,,,,
2026-08-19T01:43:13.724,SYRMA,1500.1,2.19,1459.12,1451.0,1435.47,1597.05,1.61,72.26,76.25,63.42,consumer discretionary,electronics - components,30.18,4.5,111.84,0.6,0.82,1392.94,1333.47,26.12,2026-08-19,,,,
2026-08-19T01:43:13.724,CHENNPETRO,1404.0,1.56,1357.2,1308.0,1320.08,1529.88,1.87,5.07,4.93,62.21,energy,refineries,25.98,6.36,63.38,0.46,0.46,1248.12,1181.71,25.62,2026-08-19,,,,
2026-08-19T01:43:13.724,IDEA,14.12,2.99,13.23,12.83,12.82,16.07,1.93,-10.09,3.97,61.95,telecom-service,telecommunications - service provider,31.48,10.15,36.97,0.14,0.35,13.04,12.42,24.99,2026-08-19,,,,
2026-08-19T01:43:13.724,APARINDS,17214.0,4.18,15875.02,16199.0,16601.48,18132.77,1.88,36.98,56.18,64.16,industrials,electric equipment,39.5,3.69,132.3,0.67,0.87,15456.08,14218.64,24.02,2026-08-19,,,,
2026-08-19T01:43:13.724,NATIONALUM,388.0,0.12,378.08,375.0,386.63,390.06,0.28,8.89,10.54,56.7,metals & mining,aluminium and aluminium products,28.64,0.36,7.47,0.03,0.41,358.83,339.81,23.26,2026-08-19,,,,
2026-08-19T01:43:13.724,DATAPATTNS,4737.2,4.6,4434.5,4399.9,4383.85,5267.23,1.24,300.58,94.62,61.01,aerospace & defence,electronics - components,9.12,8.06,86.39,0.54,0.58,4408.32,4174.46,22.45,2026-08-19,,,,
2026-08-19T01:43:13.724,MCX,3040.0,3.64,2857.68,2880.1,2760.86,3458.71,1.17,46.88,19.0,65.8,financials,miscellaneous,22.08,10.11,24.28,0.2,0.44,2833.31,2696.29,22.05,2026-08-19,,,,
2026-08-19T01:43:13.724,SONACOMS,824.0,2.35,789.88,790.0,813.86,839.21,1.13,71.03,71.88,71.78,auto,auto ancillaries,63.14,1.25,79.11,0.45,0.57,781.15,752.36,20.22,2026-08-19,,,,
2026-08-19T01:43:13.724,MOTHERSON,170.4,1.39,164.74,166.71,166.14,176.79,0.6,43.47,40.5,73.98,auto,auto ancillaries,33.45,2.56,48.78,0.19,0.38,162.6,157.26,20.04,2026-08-19,,,,
2026-08-19T01:43:13.724,SAILIFE,1440.1,1.67,1395.03,1409.0,1425.31,1462.29,0.92,104.05,82.49,65.17,healthcare,pharmaceuticals - indian - bulk drugs & formln,32.59,1.04,65.12,0.44,0.59,1339.54,1297.02,17.76,2026-08-19,,,,
2026-08-19T01:43:13.724,NAVINFLUOR,8255.0,1.28,7987.98,8110.0,8076.97,8522.04,0.48,43.49,52.87,58.84,chemicals,chemicals,29.89,2.2,34.09,0.22,0.38,7791.56,7488.98,16.06,2026-08-19,,,,
2026-08-19T01:43:13.724,ANANDRATHI,2194.8,0.86,2129.25,2160.1,2114.58,2315.13,0.32,55.88,46.92,70.33,financials,finance & investments,35.29,3.79,41.98,0.35,0.45,2108.09,2047.26,16.03,2026-08-19,,,,
2026-08-19T01:43:13.724,CRAFTSMAN,10890.5,3.92,10280.69,10205.0,10451.24,11549.39,0.8,43.83,52.15,69.88,auto,auto ancillaries,42.59,4.2,40.2,0.3,0.51,10152.37,9668.28,15.93,2026-08-19,,,,
2026-08-19T01:43:13.724,RADICO,4732.9,0.84,4532.99,4485.0,4615.43,4909.11,1.0,68.99,89.3,77.48,fmcg,breweries & distilleries,58.07,2.55,63.71,0.56,0.42,4527.14,4372.82,15.9,2026-08-19,,,,
2026-08-19T01:43:13.724,FINCABLES,1329.35,0.64,1274.29,1231.65,1145.74,1604.76,0.87,20.41,25.25,77.23,industrials,cables - power,36.48,16.03,70.52,0.52,0.73,1200.86,1114.45,14.74,2026-08-19,,,,
2026-08-19T01:43:13.724,MINDACORP,745.25,2.77,713.24,706.55,717.62,786.69,2.98,21.29,34.08,63.12,auto,auto ancillaries,30.18,3.85,32.99,0.15,0.2,680.65,652.29,13.73,2026-08-19,,,,
2026-08-19T01:43:13.724,AUROPHARMA,1645.0,1.09,1593.77,1617.9,1626.8,1672.3,0.47,23.03,25.43,59.26,healthcare,pharmaceuticals - indian - bulk drugs & formln,31.43,1.12,40.33,0.28,0.31,1576.44,1525.92,13.51,2026-08-19,,,,
2026-08-19T01:43:13.724,IFCI,81.36,3.08,76.79,72.71,74.76,91.26,0.96,169.5,123.33,64.53,financials,finance - term-lending institutions,13.07,8.83,34.61,0.2,0.54,75.41,71.38,12.92,2026-08-19,,,,
2026-08-19T01:43:13.724,WELSPUNLIV,177.79,5.73,164.44,159.01,157.43,208.33,9.8,26.3,55.13,65.27,textiles,textiles - products,20.16,12.93,47.02,0.18,0.26,158.95,149.93,11.66,2026-08-19,,,,
2026-08-19T01:43:13.724,HEG,739.25,5.86,682.08,671.0,696.71,803.06,2.75,29.15,37.56,77.51,industrials,electrodes - graphites,57.86,6.11,28.06,0.28,0.37,685.52,654.97,11.29,2026-08-19,,,,
2026-08-19T01:43:13.724,DIVISLAB,8588.0,1.26,8333.92,8414.0,8642.74,8505.89,0.88,63.24,76.96,74.07,healthcare,pharmaceuticals - indian - bulk drugs,59.96,-0.63,37.72,0.29,0.29,8258.64,8053.62,10.66,2026-08-19,,,,
2026-08-19T01:43:13.724,ZENTEC,1982.4,6.32,1818.1,1810.1,1724.02,2369.97,3.97,129.4,93.04,72.14,aerospace & defence,miscellaneous,20.38,14.99,49.23,0.37,0.38,1838.88,1761.23,10.4,2026-08-19,,,,
2026-08-19T01:43:13.724,SOLARINDS,20280.0,1.4,19629.4,18530.0,18922.64,22316.04,1.25,70.31,90.88,69.49,aerospace & defence,chemicals,18.37,7.17,58.01,0.43,0.47,19068.97,18302.69,10.25,2026-08-19,,,,
2026-08-19T01:43:13.724,AUBANK,1075.7,0.33,1043.21,1062.0,1070.42,1083.62,0.24,25.3,28.05,55.95,bank,banks - private sector,23.71,0.49,4.97,-0.02,0.09,1031.81,1002.79,10.09,2026-08-19,,,,
2026-08-19T01:43:13.724,AARTIIND,530.1,0.65,510.43,503.25,507.17,564.49,0.52,31.04,35.98,65.14,chemicals,chemicals,25.61,4.52,49.63,0.07,0.36,497.31,476.42,9.75,2026-08-19,,,,
2026-08-19T01:43:13.724,GRAPHITE,737.15,1.05,709.62,717.75,723.3,757.92,0.76,20.89,66.8,65.87,industrials,electrodes - graphites,40.31,1.91,15.32,0.01,0.31,691.0,661.04,9.44,2026-08-19,,,,
2026-08-19T01:43:13.724,IPCALAB,1882.1,-0.13,1825.05,1720.0,1702.55,2151.42,1.99,29.7,35.46,62.38,healthcare,pharmaceuticals - indian - bulk drugs & formln,20.87,10.55,24.7,0.16,0.27,1700.13,1600.55,9.05,2026-08-19,,,,
2026-08-19T01:43:13.724,MRPL,177.44,0.16,172.68,170.0,168.87,190.3,3.12,8.21,9.88,57.7,energy,refineries,24.56,5.08,17.85,-0.12,0.08,160.51,159.37,8.29,2026-08-19,,,,
2026-08-19T01:43:13.724,SIEMENS,3957.0,0.36,3857.67,3910.3,3973.18,3932.73,0.32,16.44,42.85,62.73,industrials,electric equipment,30.23,-0.41,35.56,0.13,0.14,3771.35,3663.62,7.52,2026-08-19,,,,
2026-08-19T01:43:13.724,APLAPOLLO,2115.0,1.62,2033.6,1989.4,2021.04,2255.95,0.66,55.78,47.01,75.25,industrials,steel - large,31.11,4.65,9.02,-0.12,0.18,2011.41,1940.72,7.42,2026-08-19,,,,
2026-08-19T01:43:13.724,BOSCHLTD,48730.0,3.75,45839.5,45040.0,44718.12,54747.81,2.23,50.89,58.62,81.36,auto,auto ancillaries,41.24,8.97,32.29,0.27,0.29,46119.78,44372.11,7.03,2026-08-19,,,,
2026-08-19T01:43:13.724,ENGINERSIN,244.78,1.92,234.47,238.0,236.34,257.44,0.88,21.78,17.22,58.3,realty,engineering - turnkey services,24.78,3.57,30.99,-0.01,0.2,228.09,219.79,5.88,2026-08-19,,,,
2026-08-19T01:43:13.724,CARTRADE,2802.6,0.2,2724.5,2690.9,2716.4,2931.9,0.25,65.54,57.73,54.1,consumer discretionary,miscellaneous,35.1,3.17,3.32,0.27,-0.1,2649.83,2587.65,5.8,2026-08-19,,,,
2026-08-19T01:43:13.724,GRASIM,3278.7,0.87,3185.49,3201.0,3248.13,3324.56,2.12,25.91,38.72,56.95,textiles,textiles - manmade,25.0,0.94,16.73,0.04,0.16,3122.92,3025.08,5.23,2026-08-19,,,,
2026-08-19T01:43:13.724,HEROMOTOCO,5745.5,0.01,5580.61,5694.5,5848.92,5590.37,0.66,20.35,21.09,66.25,auto,automobiles - motorcycles / mopeds,50.5,-1.77,1.66,-0.04,-0.11,5512.91,5370.98,5.19,2026-08-19,,,,
2026-08-19T01:43:13.724,THELEELA,519.15,3.21,493.23,494.4,499.17,549.12,0.75,88.9,27.74,62.02,services,hotels,26.76,4.0,17.91,0.09,0.21,483.04,458.76,4.9,2026-08-19,,,,
2026-08-19T01:43:13.724,ENDURANCE,3018.3,1.35,2909.62,2878.0,2930.75,3149.62,0.89,43.42,43.19,65.71,auto,auto ancillaries,22.4,2.99,19.52,0.12,0.1,2838.66,2721.93,4.26,2026-08-19,,,,
2026-08-19T01:43:13.724,IKS,1861.6,1.72,1786.54,1740.2,1744.17,2037.75,0.61,40.26,40.1,57.13,i.t,computers - software - medium / small,18.19,6.73,9.4,0.06,0.07,1756.63,1691.29,3.9,2026-08-19,,,,
2026-08-19T01:43:13.724,ANANTRAJ,627.05,-0.08,609.51,600.15,617.91,640.76,0.47,37.68,38.03,61.49,realty,construction,23.11,1.48,13.78,0.06,0.09,593.74,574.71,3.72,2026-08-19,,,,
2026-08-19T01:43:13.724,HAL,5099.0,0.79,4938.22,4803.4,4931.34,5350.5,1.36,53.63,36.3,77.02,aerospace & defence,engineering,31.99,3.4,15.15,0.11,0.09,4858.02,4698.29,3.5,2026-08-19,,,,
2026-08-19T01:43:13.724,UNOMINDA,1273.0,0.24,1237.74,1230.1,1259.39,1293.42,0.53,62.16,60.91,67.22,auto,auto ancillaries,21.85,1.08,7.52,-0.04,-0.05,1216.11,1181.64,3.39,2026-08-19,,,,
2026-08-19T01:43:13.724,ASAHIINDIA,962.8,3.39,916.15,879.1,895.96,1063.06,4.35,41.15,54.23,66.52,building materials,glass & glass products,20.2,7.46,1.69,-0.05,-0.13,901.81,864.13,3.32,2026-08-19,,,,
2026-08-19T01:43:13.724,ACE,1184.8,6.38,1094.66,1062.3,1101.91,1309.14,2.93,29.5,30.34,67.7,industrials,engineering,35.79,7.52,39.73,0.2,0.17,1097.96,1036.03,3.08,2026-08-19,,,,
2026-08-19T01:43:13.724,PVRINOX,1198.1,0.51,1164.73,1155.0,1186.85,1214.97,1.35,52.09,26.33,69.98,media,entertainment / electronic media software,50.03,0.95,16.52,0.07,0.05,1118.33,1089.2,2.85,2026-08-19,,,,
2026-08-19T01:43:13.724,OIL,480.5,1.23,469.13,465.8,460.22,510.92,1.23,5.38,9.24,64.86,energy,oil drilling / allied services,32.7,4.41,7.13,-0.05,0.12,453.84,440.55,2.57,2026-08-19,,,,
2026-08-19T01:43:13.724,GLAXO,2877.4,6.46,2637.28,2579.5,2642.94,3229.08,4.33,51.38,43.59,80.26,healthcare,pharmaceuticals - multinational,34.05,8.87,22.68,0.02,0.1,2699.02,2606.83,2.42,2026-08-19,,,,
2026-08-19T01:43:13.724,PIDILITIND,1674.0,0.3,1624.15,1657.3,1679.13,1666.31,0.63,48.83,64.14,58.45,chemicals,chemicals,21.51,-0.31,13.41,0.04,0.1,1619.26,1578.2,2.4,2026-08-19,,,,
2026-08-19T01:43:13.724,MEDANTA,1442.7,1.95,1382.68,1380.0,1427.87,1464.94,1.21,61.03,68.36,58.76,healthcare,healthcare,21.85,1.04,26.13,0.16,0.14,1358.72,1300.04,1.45,2026-08-19,,,,
2026-08-19T01:43:13.724,M&M,3421.5,0.92,3322.4,3378.3,3460.33,3363.26,0.51,17.53,20.51,58.21,auto,automobiles - passenger cars,33.43,-1.12,-6.45,-0.1,-0.11,3299.4,3221.32,1.39,2026-08-19,,,,
2026-08-19T01:43:13.724,PETRONET,286.25,1.58,276.16,273.0,277.9,298.78,1.22,9.44,10.04,59.29,energy,miscellaneous,11.41,3.01,0.7,-0.11,0.02,273.49,264.63,1.01,2026-08-19,,,,
2026-08-19T01:43:13.724,SUMICHEM,563.1,0.59,540.96,540.1,533.79,607.07,0.28,32.74,48.22,63.3,chemicals,pesticides / agrochemicals - indian,25.3,5.49,30.88,0.27,0.18,524.33,499.1,0.57,2026-08-19,,,,
2026-08-19T01:43:13.724,NAUKRI,1354.9,-0.07,1304.48,1329.6,1312.4,1418.65,0.61,49.23,54.89,69.96,i.t,miscellaneous,40.49,3.24,1.96,0.11,-0.06,1272.99,1225.47,0.55,2026-08-19,,,,
2026-08-19T01:43:13.724,INDGN,567.7,1.06,545.17,552.05,559.4,580.16,0.4,29.32,33.62,64.62,healthcare,miscellaneous,28.79,1.48,14.5,0.1,0.03,533.96,510.46,0.54,2026-08-19,,,,
2026-08-19T01:43:13.724,BEML,1965.5,2.99,1857.39,1869.1,1807.31,2202.78,2.11,-151.66,78.47,66.68,aerospace & defence,engineering,21.13,8.75,9.84,0.05,0.06,1830.04,1737.95,0.4,2026-08-19,,,,
2026-08-19T01:43:13.724,CONCORDBIO,1565.7,3.35,1493.52,1418.0,1427.55,1772.93,2.33,70.91,58.07,77.33,healthcare,pharmaceuticals - indian - bulk drugs & formln,29.17,9.68,15.91,0.24,0.05,1442.52,1382.44,0.2,2026-08-19,,,,
2026-08-19T01:43:13.724,ZFCVINDIA,2672.7,1.87,2548.98,2601.0,2603.09,2777.12,0.78,72.79,12.07,63.96,auto,auto ancillaries,29.36,2.67,-4.88,-0.23,-0.1,2553.8,2482.93,0.09,2026-08-19,,,,
2026-08-19T01:43:13.724,MFSL,1584.5,0.81,1516.06,1492.5,1485.75,1732.63,1.29,142.49,491.16,59.1,financials,finance & investments,17.28,6.65,-4.06,-0.21,-0.1,1500.17,1440.33,0.04,2026-08-19,,,,
2026-08-19T01:43:13.724,POLICYBZR,1747.0,1.09,1686.68,1691.2,1676.96,1852.05,0.64,123.73,106.48,66.04,i.t,miscellaneous,29.31,4.18,7.84,0.07,-0.1,1651.55,1600.46,-0.25,2026-08-19,,,,
2026-08-19T01:43:13.724,MAZDOCK,2587.0,0.67,2504.98,2485.9,2513.08,2697.88,1.45,47.49,36.27,67.11,aerospace & defence,miscellaneous,28.63,2.94,5.72,0.01,-0.06,2458.17,2392.75,-0.55,2026-08-19,,,,
2026-08-19T01:43:13.724,NIACL,184.08,0.24,179.08,176.6,174.99,197.71,0.13,-31.31,39.24,58.5,financials,finance & investments,23.24,5.19,23.35,0.12,0.06,172.98,166.47,-0.56,2026-08-19,,,,
2026-08-19T01:43:13.724,JYOTICNC,929.2,8.3,842.85,802.6,820.66,1092.02,4.04,92.55,60.68,70.88,industrials,engineering,28.89,13.23,0.65,0.03,-0.09,840.93,793.43,-0.59,2026-08-19,,,,
2026-08-19T01:43:13.724,LTFOODS,426.3,2.19,407.88,416.0,422.14,432.55,0.73,20.18,22.62,65.21,fmcg,food - processing - indian,31.46,0.99,17.01,-0.08,-0.01,404.58,391.38,-1.14,2026-08-19,,,,
2026-08-19T01:43:13.724,RELIANCE,1322.0,0.46,1284.98,1298.1,1306.8,1344.8,0.78,21.35,23.83,54.25,energy,refineries,9.86,1.16,-9.26,-0.15,-0.17,1281.52,1257.77,-1.25,2026-08-19,,,,
2026-08-19T01:43:13.724,BDL,1393.0,0.94,1327.41,1308.0,1307.29,1521.56,1.81,107.48,97.11,66.55,aerospace & defence,engineering,18.17,6.56,-8.11,0.02,-0.12,1301.86,1242.01,-1.69,2026-08-19,,,,
2026-08-19T01:43:13.724,DIXON,14150.0,0.89,13784.68,13645.0,13914.99,14502.51,0.71,29.98,40.78,57.3,consumer discretionary,electronics - consumer,22.56,1.69,31.85,0.11,-0.06,13480.61,13248.57,-2.21,2026-08-19,,,,
2026-08-19T01:43:13.724,SUPREMEIND,3604.0,0.39,3508.4,3383.0,3467.8,3808.29,0.51,40.77,44.17,61.75,plastic products,plastics products,13.81,3.93,3.3,-0.15,0.05,3433.05,3323.64,-2.99,2026-08-19,,,,
2026-08-19T01:43:13.724,HAVELLS,1299.7,0.05,1260.38,1254.3,1289.07,1315.64,0.95,70.18,49.88,67.42,consumer discretionary,electric equipment,23.52,0.83,-8.84,-0.16,-0.12,1249.98,1224.79,-3.03,2026-08-19,,,,
2026-08-19T01:43:13.724,COHANCE,455.2,2.35,435.86,437.8,431.48,490.78,1.09,-180.63,159.98,58.66,healthcare,pharmaceuticals - indian - bulk drugs & formln,32.65,5.5,7.04,0.37,-0.19,417.73,401.33,-11.36,2026-08-19,,,,
2026-08-19T01:43:13.724,URBANCO,144.97,0.26,140.15,137.39,140.22,152.1,1.79,-60.4,-65.14,63.2,i.t,miscellaneous,39.11,3.39,11.49,0.14,0.04,135.01,129.26,NaN,2026-08-19,,,,
2026-08-19T01:43:13.724,TMCV,471.65,0.27,454.23,448.3,459.62,489.69,0.72,16.97,41.34,69.06,auto,automobiles - lcvs / hcvs,37.5,2.62,7.75,-0.09,0.29,443.11,424.96,NaN,2026-08-19,,,,
2026-08-19T01:43:13.724,LENSKART,628.4,3.42,594.71,581.3,586.64,691.03,1.69,122.73,158.64,78.07,fmcg,personal care - indian,46.51,7.12,39.45,0.16,0.43,586.27,566.28,NaN,2026-08-19,,,,
2026-08-19T01:43:13.724,MEESHO,192.95,-0.45,186.8,190.1,187.29,201.44,0.24,-172.28,-70.48,56.43,i.t,miscellaneous,13.19,3.02,19.11,0.16,NaN,183.69,177.62,NaN,2026-08-19,,,,
2026-08-18T23:44:57.213,HFCL,230.03,4.8,213.65,215.0,207.24,264.21,1.35,38.6,57.16,62.56,telecom,cables - telephone,19.74,11.0,239.64,2.07,2.14,210.32,195.97,53.02,2026-08-18,,,,
2026-08-18T23:44:57.213,NETWEB,5354.5,2.73,4990.94,4753.0,4940.34,5975.74,1.55,89.36,113.56,69.06,i.t,computers - hardware,28.02,8.38,59.99,0.61,0.61,4872.22,4552.41,33.65,2026-08-18,,,,
2026-08-18T23:44:57.213,RRKABEL,2784.9,1.32,2685.69,2708.3,2806.16,2753.02,1.05,38.38,51.16,65.59,industrials,cables - power,46.26,-0.76,88.78,0.82,0.92,2599.42,2545.4,29.71,2026-08-18,,,,
2026-08-18T23:44:57.213,WELCORP,1917.1,1.86,1844.36,1840.0,1854.69,2010.72,0.71,12.08,21.49,77.1,industrials,steel - large,43.39,3.37,160.28,1.18,1.19,1826.67,1776.64,29.67,2026-08-18,,,,
2026-08-18T23:44:57.213,SYRMA,1500.1,2.19,1459.12,1451.0,1435.47,1597.05,1.61,72.26,76.25,63.42,consumer discretionary,electronics - components,30.18,4.5,111.84,0.6,0.82,1392.94,1333.47,26.12,2026-08-18,,,,
2026-08-18T23:44:57.213,CHENNPETRO,1404.0,1.56,1357.2,1308.0,1320.08,1529.88,1.87,5.07,4.93,62.21,energy,refineries,25.98,6.36,63.38,0.46,0.46,1248.12,1181.71,25.62,2026-08-18,,,,
2026-08-18T23:44:57.213,IDEA,14.12,2.99,13.23,12.83,12.82,16.07,1.93,-10.09,3.97,61.95,telecom-service,telecommunications - service provider,31.48,10.15,36.97,0.14,0.35,13.04,12.42,24.99,2026-08-18,,,,
2026-08-18T23:44:57.213,APARINDS,17214.0,4.18,15875.02,16199.0,16601.48,18132.77,1.88,36.98,56.18,64.16,industrials,electric equipment,39.5,3.69,132.3,0.67,0.87,15456.08,14218.64,24.02,2026-08-18,,,,
2026-08-18T23:44:57.213,NATIONALUM,388.0,0.12,378.08,375.0,386.63,390.06,0.28,8.89,10.54,56.7,metals & mining,aluminium and aluminium products,28.64,0.36,7.47,0.03,0.41,358.83,339.81,23.26,2026-08-18,,,,
2026-08-18T23:44:57.213,DATAPATTNS,4737.2,4.6,4434.5,4399.9,4383.85,5267.23,1.24,300.58,94.62,61.01,aerospace & defence,electronics - components,9.12,8.06,86.39,0.54,0.58,4408.32,4174.46,22.45,2026-08-18,,,,
2026-08-18T23:44:57.213,MCX,3040.0,3.64,2857.68,2880.1,2760.86,3458.71,1.17,46.88,19.0,65.8,financials,miscellaneous,22.08,10.11,24.28,0.2,0.44,2833.31,2696.29,22.05,2026-08-18,,,,
2026-08-18T23:44:57.213,SONACOMS,824.0,2.35,789.88,790.0,813.86,839.21,1.13,71.03,71.88,71.78,auto,auto ancillaries,63.14,1.25,79.11,0.45,0.57,781.15,752.36,20.22,2026-08-18,,,,
2026-08-18T23:44:57.213,MOTHERSON,170.4,1.39,164.74,166.71,166.14,176.79,0.6,43.47,40.5,73.98,auto,auto ancillaries,33.45,2.56,48.78,0.19,0.38,162.6,157.26,20.04,2026-08-18,,,,
2026-08-18T23:44:57.213,SAILIFE,1440.1,1.67,1395.03,1409.0,1425.31,1462.29,0.92,104.05,82.49,65.17,healthcare,pharmaceuticals - indian - bulk drugs & formln,32.59,1.04,65.12,0.44,0.59,1339.54,1297.02,17.76,2026-08-18,,,,
2026-08-18T23:44:57.213,NAVINFLUOR,8255.0,1.28,7987.98,8110.0,8076.97,8522.04,0.48,43.49,52.87,58.84,chemicals,chemicals,29.89,2.2,34.09,0.22,0.38,7791.56,7488.98,16.06,2026-08-18,,,,
2026-08-18T23:44:57.213,ANANDRATHI,2194.8,0.86,2129.25,2160.1,2114.58,2315.13,0.32,55.88,46.92,70.33,financials,finance & investments,35.29,3.79,41.98,0.35,0.45,2108.09,2047.26,16.03,2026-08-18,,,,
2026-08-18T23:44:57.213,CRAFTSMAN,10890.5,3.92,10280.69,10205.0,10451.24,11549.39,0.8,43.83,52.15,69.88,auto,auto ancillaries,42.59,4.2,40.2,0.3,0.51,10152.37,9668.28,15.93,2026-08-18,,,,
2026-08-18T23:44:57.213,RADICO,4732.9,0.84,4532.99,4485.0,4615.43,4909.11,1.0,68.99,89.3,77.48,fmcg,breweries & distilleries,58.07,2.55,63.71,0.56,0.42,4527.14,4372.82,15.9,2026-08-18,,,,
2026-08-18T23:44:57.213,FINCABLES,1329.35,0.64,1274.29,1231.65,1145.74,1604.76,0.87,20.41,25.25,77.23,industrials,cables - power,36.48,16.03,70.52,0.52,0.73,1200.86,1114.45,14.74,2026-08-18,,,,
2026-08-18T23:44:57.213,MINDACORP,745.25,2.77,713.24,706.55,717.62,786.69,2.98,21.29,34.08,63.12,auto,auto ancillaries,30.18,3.85,32.99,0.15,0.2,680.65,652.29,13.73,2026-08-18,,,,
2026-08-18T23:44:57.213,AUROPHARMA,1645.0,1.09,1593.77,1617.9,1626.8,1672.3,0.47,23.03,25.43,59.26,healthcare,pharmaceuticals - indian - bulk drugs & formln,31.43,1.12,40.33,0.28,0.31,1576.44,1525.92,13.51,2026-08-18,,,,
2026-08-18T23:44:57.213,IFCI,81.36,3.08,76.79,72.71,74.76,91.26,0.96,169.5,123.33,64.53,financials,finance - term-lending institutions,13.07,8.83,34.61,0.2,0.54,75.41,71.38,12.92,2026-08-18,,,,
2026-08-18T23:44:57.213,WELSPUNLIV,177.79,5.73,164.44,159.01,157.43,208.33,9.8,26.3,55.13,65.27,textiles,textiles - products,20.16,12.93,47.02,0.18,0.26,158.95,149.93,11.66,2026-08-18,,,,
2026-08-18T23:44:57.213,HEG,739.25,5.86,682.08,671.0,696.71,803.06,2.75,29.15,37.56,77.51,industrials,electrodes - graphites,57.86,6.11,28.06,0.28,0.37,685.52,654.97,11.29,2026-08-18,,,,
2026-08-18T23:44:57.213,DIVISLAB,8588.0,1.26,8333.92,8414.0,8642.74,8505.89,0.88,63.24,76.96,74.07,healthcare,pharmaceuticals - indian - bulk drugs,59.96,-0.63,37.72,0.29,0.29,8258.64,8053.62,10.66,2026-08-18,,,,
2026-08-18T23:44:57.213,ZENTEC,1982.4,6.32,1818.1,1810.1,1724.02,2369.97,3.97,129.4,93.04,72.14,aerospace & defence,miscellaneous,20.38,14.99,49.23,0.37,0.38,1838.88,1761.23,10.4,2026-08-18,,,,
2026-08-18T23:44:57.213,SOLARINDS,20280.0,1.4,19629.4,18530.0,18922.64,22316.04,1.25,70.31,90.88,69.49,aerospace & defence,chemicals,18.37,7.17,58.01,0.43,0.47,19068.97,18302.69,10.25,2026-08-18,,,,
2026-08-18T23:44:57.213,AUBANK,1075.7,0.33,1043.21,1062.0,1070.42,1083.62,0.24,25.3,28.05,55.95,bank,banks - private sector,23.71,0.49,4.97,-0.02,0.09,1031.81,1002.79,10.09,2026-08-18,,,,
2026-08-18T23:44:57.213,AARTIIND,530.1,0.65,510.43,503.25,507.17,564.49,0.52,31.04,35.98,65.14,chemicals,chemicals,25.61,4.52,49.63,0.07,0.36,497.31,476.42,9.75,2026-08-18,,,,
2026-08-18T23:44:57.213,GRAPHITE,737.15,1.05,709.62,717.75,723.3,757.92,0.76,20.89,66.8,65.87,industrials,electrodes - graphites,40.31,1.91,15.32,0.01,0.31,691.0,661.04,9.44,2026-08-18,,,,
2026-08-18T23:44:57.213,IPCALAB,1882.1,-0.13,1825.05,1720.0,1702.55,2151.42,1.99,29.7,35.46,62.38,healthcare,pharmaceuticals - indian - bulk drugs & formln,20.87,10.55,24.7,0.16,0.27,1700.13,1600.55,9.05,2026-08-18,,,,
2026-08-18T23:44:57.213,MRPL,177.44,0.16,172.68,170.0,168.87,190.3,3.12,8.21,9.88,57.7,energy,refineries,24.56,5.08,17.85,-0.12,0.08,160.51,159.37,8.29,2026-08-18,,,,
2026-08-18T23:44:57.213,SIEMENS,3957.0,0.36,3857.67,3910.3,3973.18,3932.73,0.32,16.44,42.85,62.73,industrials,electric equipment,30.23,-0.41,35.56,0.13,0.14,3771.35,3663.62,7.52,2026-08-18,,,,
2026-08-18T23:44:57.213,APLAPOLLO,2115.0,1.62,2033.6,1989.4,2021.04,2255.95,0.66,55.78,47.01,75.25,industrials,steel - large,31.11,4.65,9.02,-0.12,0.18,2011.41,1940.72,7.42,2026-08-18,,,,
2026-08-18T23:44:57.213,BOSCHLTD,48730.0,3.75,45839.5,45040.0,44718.12,54747.81,2.23,50.89,58.62,81.36,auto,auto ancillaries,41.24,8.97,32.29,0.27,0.29,46119.78,44372.11,7.03,2026-08-18,,,,
2026-08-18T23:44:57.213,ENGINERSIN,244.78,1.92,234.47,238.0,236.34,257.44,0.88,21.78,17.22,58.3,realty,engineering - turnkey services,24.78,3.57,30.99,-0.01,0.2,228.09,219.79,5.88,2026-08-18,,,,
2026-08-18T23:44:57.213,CARTRADE,2802.6,0.2,2724.5,2690.9,2716.4,2931.9,0.25,65.54,57.73,54.1,consumer discretionary,miscellaneous,35.1,3.17,3.32,0.27,-0.1,2649.83,2587.65,5.8,2026-08-18,,,,
2026-08-18T23:44:57.213,GRASIM,3278.7,0.87,3185.49,3201.0,3248.13,3324.56,2.12,25.91,38.72,56.95,textiles,textiles - manmade,25.0,0.94,16.73,0.04,0.16,3122.92,3025.08,5.23,2026-08-18,,,,
2026-08-18T23:44:57.213,HEROMOTOCO,5745.5,0.01,5580.61,5694.5,5848.92,5590.37,0.66,20.35,21.09,66.25,auto,automobiles - motorcycles / mopeds,50.5,-1.77,1.66,-0.04,-0.11,5512.91,5370.98,5.19,2026-08-18,,,,
2026-08-18T23:44:57.213,THELEELA,519.15,3.21,493.23,494.4,499.17,549.12,0.75,88.9,27.74,62.02,services,hotels,26.76,4.0,17.91,0.09,0.21,483.04,458.76,4.9,2026-08-18,,,,
2026-08-18T23:44:57.213,ENDURANCE,3018.3,1.35,2909.62,2878.0,2930.75,3149.62,0.89,43.42,43.19,65.71,auto,auto ancillaries,22.4,2.99,19.52,0.12,0.1,2838.66,2721.93,4.26,2026-08-18,,,,
2026-08-18T23:44:57.213,IKS,1861.6,1.72,1786.54,1740.2,1744.17,2037.75,0.61,40.26,40.1,57.13,i.t,computers - software - medium / small,18.19,6.73,9.4,0.06,0.07,1756.63,1691.29,3.9,2026-08-18,,,,
2026-08-18T23:44:57.213,ANANTRAJ,627.05,-0.08,609.51,600.15,617.91,640.76,0.47,37.68,38.03,61.49,realty,construction,23.11,1.48,13.78,0.06,0.09,593.74,574.71,3.72,2026-08-18,,,,
2026-08-18T23:44:57.213,HAL,5099.0,0.79,4938.22,4803.4,4931.34,5350.5,1.36,53.63,36.3,77.02,aerospace & defence,engineering,31.99,3.4,15.15,0.11,0.09,4858.02,4698.29,3.5,2026-08-18,,,,
2026-08-18T23:44:57.213,UNOMINDA,1273.0,0.24,1237.74,1230.1,1259.39,1293.42,0.53,62.16,60.91,67.22,auto,auto ancillaries,21.85,1.08,7.52,-0.04,-0.05,1216.11,1181.64,3.39,2026-08-18,,,,
2026-08-18T23:44:57.213,ASAHIINDIA,962.8,3.39,916.15,879.1,895.96,1063.06,4.35,41.15,54.23,66.52,building materials,glass & glass products,20.2,7.46,1.69,-0.05,-0.13,901.81,864.13,3.32,2026-08-18,,,,
2026-08-18T23:44:57.213,ACE,1184.8,6.38,1094.66,1062.3,1101.91,1309.14,2.93,29.5,30.34,67.7,industrials,engineering,35.79,7.52,39.73,0.2,0.17,1097.96,1036.03,3.08,2026-08-18,,,,
2026-08-18T23:44:57.213,PVRINOX,1198.1,0.51,1164.73,1155.0,1186.85,1214.97,1.35,52.09,26.33,69.98,media,entertainment / electronic media software,50.03,0.95,16.52,0.07,0.05,1118.33,1089.2,2.85,2026-08-18,,,,
2026-08-18T23:44:57.213,OIL,480.5,1.23,469.13,465.8,460.22,510.92,1.23,5.38,9.24,64.86,energy,oil drilling / allied services,32.7,4.41,7.13,-0.05,0.12,453.84,440.55,2.57,2026-08-18,,,,
2026-08-18T23:44:57.213,GLAXO,2877.4,6.46,2637.28,2579.5,2642.94,3229.08,4.33,51.38,43.59,80.26,healthcare,pharmaceuticals - multinational,34.05,8.87,22.68,0.02,0.1,2699.02,2606.83,2.42,2026-08-18,,,,
2026-08-18T23:44:57.213,PIDILITIND,1674.0,0.3,1624.15,1657.3,1679.13,1666.31,0.63,48.83,64.14,58.45,chemicals,chemicals,21.51,-0.31,13.41,0.04,0.1,1619.26,1578.2,2.4,2026-08-18,,,,
2026-08-18T23:44:57.213,MEDANTA,1442.7,1.95,1382.68,1380.0,1427.87,1464.94,1.21,61.03,68.36,58.76,healthcare,healthcare,21.85,1.04,26.13,0.16,0.14,1358.72,1300.04,1.45,2026-08-18,,,,
2026-08-18T23:44:57.213,M&M,3421.5,0.92,3322.4,3378.3,3460.33,3363.26,0.51,17.53,20.51,58.21,auto,automobiles - passenger cars,33.43,-1.12,-6.45,-0.1,-0.11,3299.4,3221.32,1.39,2026-08-18,,,,
2026-08-18T23:44:57.213,PETRONET,286.25,1.58,276.16,273.0,277.9,298.78,1.22,9.44,10.04,59.29,energy,miscellaneous,11.41,3.01,0.7,-0.11,0.02,273.49,264.63,1.01,2026-08-18,,,,
2026-08-18T23:44:57.213,SUMICHEM,563.1,0.59,540.96,540.1,533.79,607.07,0.28,32.74,48.22,63.3,chemicals,pesticides / agrochemicals - indian,25.3,5.49,30.88,0.27,0.18,524.33,499.1,0.57,2026-08-18,,,,
2026-08-18T23:44:57.213,NAUKRI,1354.9,-0.07,1304.48,1329.6,1312.4,1418.65,0.61,49.23,54.89,69.96,i.t,miscellaneous,40.49,3.24,1.96,0.11,-0.06,1272.99,1225.47,0.55,2026-08-18,,,,
2026-08-18T23:44:57.213,INDGN,567.7,1.06,545.17,552.05,559.4,580.16,0.4,29.32,33.62,64.62,healthcare,miscellaneous,28.79,1.48,14.5,0.1,0.03,533.96,510.46,0.54,2026-08-18,,,,
2026-08-18T23:44:57.213,BEML,1965.5,2.99,1857.39,1869.1,1807.31,2202.78,2.11,-151.66,78.47,66.68,aerospace & defence,engineering,21.13,8.75,9.84,0.05,0.06,1830.04,1737.95,0.4,2026-08-18,,,,
2026-08-18T23:44:57.213,CONCORDBIO,1565.7,3.35,1493.52,1418.0,1427.55,1772.93,2.33,70.91,58.07,77.33,healthcare,pharmaceuticals - indian - bulk drugs & formln,29.17,9.68,15.91,0.24,0.05,1442.52,1382.44,0.2,2026-08-18,,,,
2026-08-18T23:44:57.213,ZFCVINDIA,2672.7,1.87,2548.98,2601.0,2603.09,2777.12,0.78,72.79,12.07,63.96,auto,auto ancillaries,29.36,2.67,-4.88,-0.23,-0.1,2553.8,2482.93,0.09,2026-08-18,,,,
2026-08-18T23:44:57.213,MFSL,1584.5,0.81,1516.06,1492.5,1485.75,1732.63,1.29,142.49,491.16,59.1,financials,finance & investments,17.28,6.65,-4.06,-0.21,-0.1,1500.17,1440.33,0.04,2026-08-18,,,,
2026-08-18T23:44:57.213,POLICYBZR,1747.0,1.09,1686.68,1691.2,1676.96,1852.05,0.64,123.73,106.48,66.04,i.t,miscellaneous,29.31,4.18,7.84,0.07,-0.1,1651.55,1600.46,-0.25,2026-08-18,,,,
2026-08-18T23:44:57.213,MAZDOCK,2587.0,0.67,2504.98,2485.9,2513.08,2697.88,1.45,47.49,36.27,67.11,aerospace & defence,miscellaneous,28.63,2.94,5.72,0.01,-0.06,2458.17,2392.75,-0.55,2026-08-18,,,,
2026-08-18T23:44:57.213,NIACL,184.08,0.24,179.08,176.6,174.99,197.71,0.13,-31.31,39.24,58.5,financials,finance & investments,23.24,5.19,23.35,0.12,0.06,172.98,166.47,-0.56,2026-08-18,,,,
2026-08-18T23:44:57.213,JYOTICNC,929.2,8.3,842.85,802.6,820.66,1092.02,4.04,92.55,60.68,70.88,industrials,engineering,28.89,13.23,0.65,0.03,-0.09,840.93,793.43,-0.59,2026-08-18,,,,
2026-08-18T23:44:57.213,LTFOODS,426.3,2.19,407.88,416.0,422.14,432.55,0.73,20.18,22.62,65.21,fmcg,food - processing - indian,31.46,0.99,17.01,-0.08,-0.01,404.58,391.38,-1.14,2026-08-18,,,,
2026-08-18T23:44:57.213,RELIANCE,1322.0,0.46,1284.98,1298.1,1306.8,1344.8,0.78,21.35,23.83,54.25,energy,refineries,9.86,1.16,-9.26,-0.15,-0.17,1281.52,1257.77,-1.25,2026-08-18,,,,
2026-08-18T23:44:57.213,BDL,1393.0,0.94,1327.41,1308.0,1307.29,1521.56,1.81,107.48,97.11,66.55,aerospace & defence,engineering,18.17,6.56,-8.11,0.02,-0.12,1301.86,1242.01,-1.69,2026-08-18,,,,
2026-08-18T23:44:57.213,DIXON,14150.0,0.89,13784.68,13645.0,13914.99,14502.51,0.71,29.98,40.78,57.3,consumer discretionary,electronics - consumer,22.56,1.69,31.85,0.11,-0.06,13480.61,13248.57,-2.21,2026-08-18,,,,
2026-08-18T23:44:57.213,SUPREMEIND,3604.0,0.39,3508.4,3383.0,3467.8,3808.29,0.51,40.77,44.17,61.75,plastic products,plastics products,13.81,3.93,3.3,-0.15,0.05,3433.05,3323.64,-2.99,2026-08-18,,,,
2026-08-18T23:44:57.213,HAVELLS,1299.7,0.05,1260.38,1254.3,1289.07,1315.64,0.95,70.18,49.88,67.42,consumer discretionary,electric equipment,23.52,0.83,-8.84,-0.16,-0.12,1249.98,1224.79,-3.03,2026-08-18,,,,
2026-08-18T23:44:57.213,COHANCE,455.2,2.35,435.86,437.8,431.48,490.78,1.09,-180.63,159.98,58.66,healthcare,pharmaceuticals - indian - bulk drugs & formln,32.65,5.5,7.04,0.37,-0.19,417.73,401.33,-11.36,2026-08-18,,,,
2026-08-18T23:44:57.213,LENSKART,628.4,3.42,594.71,581.3,586.64,691.03,1.69,122.73,158.64,78.07,fmcg,personal care - indian,46.51,7.12,39.45,0.16,0.43,586.27,566.28,NaN,2026-08-18,,,,
2026-08-18T23:44:57.213,MEESHO,192.95,-0.45,186.8,190.1,187.29,201.44,0.24,-172.28,-70.48,56.43,i.t,miscellaneous,13.19,3.02,19.11,0.16,NaN,183.69,177.62,NaN,2026-08-18,,,,
2026-08-18T23:44:57.213,URBANCO,144.97,0.26,140.15,137.39,140.22,152.1,1.79,-60.4,-65.14,63.2,i.t,miscellaneous,39.11,3.39,11.49,0.14,0.04,135.01,129.26,NaN,2026-08-18,,,,
2026-08-18T23:44:57.213,TMCV,471.65,0.27,454.23,448.3,459.62,489.69,0.72,16.97,41.34,69.06,auto,automobiles - lcvs / hcvs,37.5,2.62,7.75,-0.09,0.29,443.11,424.96,NaN,2026-08-18,,,,
2026-08-14T10:36:17.349,HFCL,229.1,0.77,221.77,207.83,200.97,271.29,0.23,38.44,59.21,64.05,telecom,cables - telephone,19.55,14.0,266.43,1.95,2.16,212.06,200.89,53.15,2026-08-14,,,,
2026-08-14T10:36:17.349,GRANULES,858.8,0.15,837.65,850.0,827.8,905.3,0.06,29.57,31.69,54.09,healthcare,pharmaceuticals - indian - bulk drugs & formln,21.23,3.74,45.36,0.39,0.49,812.91,784.3,21.8,2026-08-14,,,,
2026-08-14T10:36:17.349,BELRISE,258.8,1.72,246.15,249.46,246.01,277.99,0.35,42.29,41.64,66.66,auto,auto ancillaries,26.74,5.2,47.8,0.27,0.49,240.57,228.58,21.37,2026-08-14,,,,
2026-08-14T10:36:17.349,NEULANDLAB,23575.0,1.59,22569.4,22123.0,21539.89,26627.66,0.53,51.21,59.82,73.52,healthcare,pharmaceuticals - indian - bulk drugs,41.48,9.45,64.56,0.68,0.32,21752.93,20461.39,18.72,2026-08-14,,,,
2026-08-14T10:36:17.349,POWERINDIA,35665.0,0.86,34652.8,34225.0,33009.34,39648.49,0.29,135.12,137.01,61.88,industrials,electric equipment,24.72,8.05,108.49,0.45,0.56,33153.7,31835.22,18.13,2026-08-14,,,,
2026-08-14T10:36:17.349,HSCL,784.35,0.8,763.42,751.05,760.46,820.18,0.12,43.1,48.79,61.97,chemicals,chemicals,26.86,3.14,65.62,0.6,0.73,742.69,717.09,17.96,2026-08-14,,,,
2026-08-14T10:36:17.349,BHEL,422.75,0.66,408.22,400.2,403.87,451.07,0.37,97.86,60.09,59.27,industrials,electric equipment,18.76,4.67,59.5,0.49,0.41,399.51,389.32,17.89,2026-08-14,,,,
2026-08-14T10:36:17.349,SHRIRAMFIN,1130.9,-0.12,1105.93,1106.1,1107.48,1166.03,0.07,19.03,19.98,62.66,financials,finance & investments,21.38,2.11,15.53,-0.04,0.28,1082.72,1050.58,17.49,2026-08-14,,,,
2026-08-14T10:36:17.349,GLAND,3017.5,1.68,2891.39,2610.1,2689.8,3509.06,0.29,39.23,43.32,78.87,healthcare,pharmaceuticals - indian - formulations,46.63,12.18,75.56,0.53,0.66,2794.44,2634.64,13.92,2026-08-14,,,,
2026-08-14T10:36:17.349,MINDACORP,764.0,7.3,702.37,706.55,714.82,837.78,3.41,21.83,33.46,65.91,auto,auto ancillaries,26.99,6.88,32.87,0.19,0.27,696.4,646.59,13.73,2026-08-14,,,,
2026-08-14T10:36:17.349,NYKAA,331.3,0.05,321.98,320.75,328.86,334.97,0.08,295.8,372.08,56.66,i.t,trading,33.5,0.74,30.24,0.09,0.2,315.97,306.07,13.06,2026-08-14,,,,
2026-08-14T10:36:17.349,ABB,7735.0,0.32,7523.46,7535.0,7591.69,7949.97,0.22,113.15,54.68,63.49,industrials,electric equipment,33.84,1.89,55.76,0.23,0.45,7392.56,7225.73,12.88,2026-08-14,,,,
2026-08-14T10:36:17.349,FINCABLES,1251.25,0.16,1207.02,1010.45,1067.07,1527.52,0.69,19.21,23.88,72.71,industrials,cables - power,30.96,17.26,64.32,0.41,0.61,1116.43,1048.02,11.85,2026-08-14,,,,
2026-08-14T10:36:17.349,WELSPUNLIV,174.21,9.0,161.86,159.01,156.2,201.23,11.17,40.33,70.1,61.83,textiles,textiles - products,16.0,11.53,43.67,0.13,0.13,156.89,147.69,11.58,2026-08-14,,,,
2026-08-14T10:36:17.349,TITAN,5084.7,0.42,4945.47,4886.2,5045.9,5142.9,0.18,63.46,78.0,69.95,consumer discretionary,diamond cutting / jewellery,51.3,0.77,19.96,0.1,0.26,4884.8,4740.68,11.33,2026-08-14,,,,
2026-08-14T10:36:17.349,AJANTPHARM,3683.2,1.9,3531.04,3468.1,3464.68,4010.98,0.31,34.42,39.79,70.29,healthcare,pharmaceuticals - indian - formulations,32.1,6.31,34.9,0.17,0.39,3498.47,3377.32,11.09,2026-08-14,,,,
2026-08-14T10:36:17.349,VIJAYA,1501.7,1.02,1435.7,1352.4,1379.0,1685.75,0.2,72.76,81.54,67.74,healthcare,healthcare,31.96,8.9,50.35,0.39,0.45,1365.14,1269.01,10.89,2026-08-14,,,,
2026-08-14T10:36:17.349,ACMESOLAR,376.4,0.51,366.03,362.75,360.61,400.08,0.08,25.36,38.25,55.37,realty,engineering - turnkey services,17.2,4.38,67.68,0.55,0.58,356.85,344.79,10.73,2026-08-14,,,,
2026-08-14T10:36:17.349,ASHOKLEY,178.02,1.02,173.07,172.0,174.45,183.38,0.18,20.23,25.36,68.56,auto,automobiles - lcvs / hcvs,27.82,2.05,-3.77,-0.22,0.09,169.52,164.1,10.44,2026-08-14,,,,
2026-08-14T10:36:17.349,BAJAJ-AUTO,11715.0,0.46,11431.7,11607.0,11872.33,11479.0,0.12,25.36,27.69,66.7,auto,automobiles - scooters and 3 - wheelers,56.22,-1.33,22.62,0.1,0.25,11346.32,11105.81,10.21,2026-08-14,,,,
2026-08-14T10:36:17.349,UNIONBANK,187.86,0.73,182.77,179.88,179.69,200.11,0.29,6.36,6.89,69.12,bank,banks - public sector,27.8,4.55,13.24,-0.04,0.19,179.03,173.89,9.63,2026-08-14,,,,
2026-08-14T10:36:17.349,IFCI,77.1,0.57,75.07,72.71,73.46,82.56,0.13,160.63,119.78,56.24,financials,finance - term-lending institutions,11.84,4.96,34.68,0.15,0.46,72.02,68.96,9.61,2026-08-14,,,,
2026-08-14T10:36:17.349,EICHERMOT,8106.0,0.07,7869.4,7938.0,8034.11,8213.83,0.14,38.02,38.49,66.26,auto,automobiles - motorcycles / mopeds,31.04,0.9,9.48,-0.06,0.11,7859.59,7690.78,9.48,2026-08-14,,,,
2026-08-14T10:36:17.349,DIVISLAB,8540.0,0.47,8296.19,8258.5,8544.13,8533.81,0.24,62.89,77.13,73.68,healthcare,pharmaceuticals - indian - bulk drugs,58.67,-0.05,32.69,0.27,0.27,8167.08,7921.89,9.35,2026-08-14,,,,
2026-08-14T10:36:17.349,FLUOROCHEM,4879.1,3.49,4643.53,4401.8,4549.69,5373.22,1.18,60.47,84.66,70.84,chemicals,chemicals,39.98,7.24,41.25,0.33,0.38,4469.32,4180.88,8.73,2026-08-14,,,,
2026-08-14T10:36:17.349,HEG,704.45,2.54,671.59,668.0,692.23,722.77,1.3,27.78,36.96,72.35,industrials,electrodes - graphites,55.69,1.76,27.96,0.22,0.29,662.91,638.51,8.64,2026-08-14,,,,
2026-08-14T10:36:17.349,INDIANB,890.4,-0.74,871.22,873.1,867.08,925.38,0.12,8.93,9.45,62.89,bank,banks - public sector,23.99,2.69,8.93,-0.07,-0.01,852.22,835.98,8.01,2026-08-14,,,,
2026-08-14T10:36:17.349,RKFORGE,734.05,0.1,715.4,728.45,730.24,739.77,0.07,71.13,124.5,73.58,industrials,castings & forgings,49.42,0.52,47.91,0.17,0.29,686.94,659.36,8.0,2026-08-14,,,,
2026-08-14T10:36:17.349,NESTLEIND,1510.3,0.23,1468.14,1491.3,1514.82,1503.52,0.09,75.97,76.22,56.51,fmcg,food - processing - mnc,16.83,-0.3,14.56,0.07,0.16,1450.89,1406.93,7.98,2026-08-14,,,,
2026-08-14T10:36:17.349,ZENTEC,1846.0,0.78,1795.16,1701.0,1672.55,2106.17,0.21,120.5,91.41,61.64,aerospace & defence,miscellaneous,17.03,10.37,49.34,0.26,0.27,1740.17,1683.6,7.64,2026-08-14,,,,
2026-08-14T10:36:17.349,SIEMENS,3984.1,-0.07,3888.74,3854.6,3947.71,4038.68,0.31,16.55,43.33,66.37,industrials,electric equipment,30.48,0.92,35.18,0.17,0.17,3775.93,3687.7,7.32,2026-08-14,,,,
2026-08-14T10:36:17.349,CHOLAFIN,1908.6,-1.0,1861.31,1862.0,1879.13,1952.81,0.12,24.56,28.42,59.66,financials,finance & investments,20.8,1.57,12.23,0.02,0.06,1817.93,1755.03,6.73,2026-08-14,,,,
2026-08-14T10:36:17.349,ENGINERSIN,245.98,2.24,237.41,238.0,233.05,265.37,1.66,17.72,19.56,59.97,realty,engineering - turnkey services,23.83,5.55,27.34,0.25,0.21,228.99,223.67,5.37,2026-08-14,,,,
2026-08-14T10:36:17.349,ANTHEM,871.35,-0.41,852.75,843.05,847.37,907.32,0.12,102.27,85.36,68.93,healthcare,pharmaceuticals - indian - bulk drugs & formln,32.83,2.83,38.43,0.14,0.33,822.9,798.7,5.27,2026-08-14,,,,
2026-08-14T10:36:17.349,KPIL,1358.8,-0.46,1315.94,1299.8,1289.12,1463.31,0.13,18.71,20.51,57.3,realty,transmisson line towers / equipment,24.5,5.4,20.57,0.14,0.1,1264.73,1195.38,4.81,2026-08-14,,,,
2026-08-14T10:36:17.349,GLENMARK,2336.6,0.72,2266.54,2245.0,2230.86,2495.21,0.39,34.14,36.41,63.45,healthcare,pharmaceuticals - indian - bulk drugs & formln,13.19,4.74,16.38,0.06,0.16,2248.16,2186.82,4.33,2026-08-14,,,,
2026-08-14T10:36:17.349,TBOTEK,1649.4,2.77,1568.0,1589.0,1599.22,1724.67,0.3,53.07,64.87,63.76,i.t,travel agencies,33.02,3.14,7.35,0.03,-0.04,1533.51,1460.0,4.31,2026-08-14,,,,
2026-08-14T10:36:17.349,ELGIEQUIP,606.65,5.22,573.3,569.45,570.46,660.93,6.24,37.36,42.3,60.92,industrials,compressors / drilling equipment,15.25,6.34,37.94,0.09,0.15,570.86,552.98,3.57,2026-08-14,,,,
2026-08-14T10:36:17.349,ENRIN,3561.6,0.01,3487.04,3488.0,3336.22,3899.66,0.1,71.92,85.22,58.63,power & utilities,power generation and supply,23.1,6.76,48.16,0.2,0.09,3299.59,3160.48,3.18,2026-08-14,,,,
2026-08-14T10:36:17.349,PIDILITIND,1697.0,0.05,1650.71,1652.8,1667.99,1740.51,0.09,49.5,65.18,64.94,chemicals,chemicals,22.66,1.74,13.28,0.04,0.12,1642.11,1602.44,3.14,2026-08-14,,,,
2026-08-14T10:36:17.349,PPLPHARMA,208.23,-2.09,197.97,202.01,210.25,205.2,0.61,-100.11,-89.73,65.93,healthcare,pharmaceuticals - indian - bulk drugs & formln,52.94,-0.96,23.76,0.17,0.08,190.96,185.63,2.9,2026-08-14,,,,
2026-08-14T10:36:17.349,360ONE,1180.7,-0.19,1151.5,1140.0,1162.39,1208.16,0.12,36.31,38.0,59.36,financials,finance & investments,12.41,1.57,3.87,-0.05,-0.04,1122.88,1090.32,2.79,2026-08-14,,,,
2026-08-14T10:36:17.349,PNB,118.16,0.49,115.3,112.3,115.3,122.45,0.17,5.84,6.13,68.89,bank,banks - public sector,29.45,2.48,-4.82,-0.1,-0.08,113.68,111.06,2.64,2026-08-14,,,,
2026-08-14T10:36:17.349,KALYANKJIL,616.55,0.51,598.88,585.05,614.82,619.15,0.11,45.6,44.13,65.52,consumer discretionary,diamond cutting / jewellery,33.35,0.28,24.62,0.31,0.18,571.18,540.3,2.29,2026-08-14,,,,
2026-08-14T10:36:17.349,HAL,4959.5,0.29,4825.72,4803.4,4848.47,5126.05,0.44,52.16,35.48,71.75,aerospace & defence,engineering,28.28,2.29,11.41,0.1,0.06,4726.29,4557.89,2.2,2026-08-14,,,,
2026-08-14T10:36:17.349,ETERNAL,321.35,1.05,310.46,306.2,314.56,331.53,0.48,803.38,676.6,66.51,i.t,miscellaneous,37.27,2.16,9.17,-0.01,0.04,305.5,297.26,1.97,2026-08-14,,,,
2026-08-14T10:36:17.349,LODHA,1238.3,0.49,1202.46,1185.0,1227.49,1254.52,0.11,22.55,29.83,60.11,realty,construction,35.38,0.88,15.26,0.05,0.04,1169.8,1123.92,0.54,2026-08-14,,,,
2026-08-14T10:36:17.349,HYUNDAI,2235.7,-0.06,2179.52,2192.7,2214.61,2267.34,0.21,51.09,36.72,71.11,auto,automobiles - passenger cars,40.44,0.95,-3.04,-0.05,-0.07,2140.6,2088.57,0.52,2026-08-14,,,,
2026-08-14T10:36:17.349,BRITANNIA,5622.5,0.13,5479.18,5512.5,5511.16,5789.51,0.06,57.26,51.94,61.17,fmcg,food - processing - mnc,15.33,2.02,-4.98,-0.15,-0.07,5422.52,5278.54,0.46,2026-08-14,,,,
2026-08-14T10:36:17.349,JSL,737.1,0.23,718.98,712.5,727.4,751.65,0.05,19.73,18.65,55.3,metals & mining,steel - large,13.52,1.33,-5.99,-0.15,-0.08,707.82,688.86,0.11,2026-08-14,,,,
2026-08-14T10:36:17.349,POLICYBZR,1743.7,-0.02,1697.46,1590.2,1638.7,1901.19,0.05,123.49,107.46,67.06,i.t,miscellaneous,24.8,6.41,6.47,0.03,-0.07,1646.95,1579.69,0.09,2026-08-14,,,,
2026-08-14T10:36:17.349,BERGEPAINT,556.6,1.88,532.14,530.8,535.79,587.81,0.71,40.1,52.33,63.13,building materials,paints / varnishes,31.43,3.88,6.91,0.11,-0.05,518.31,493.93,0.02,2026-08-14,,,,
2026-08-14T10:36:17.349,GLAXO,2673.8,0.23,2595.04,2576.1,2620.65,2753.53,0.08,47.75,43.02,67.37,healthcare,pharmaceuticals - multinational,31.07,2.03,12.87,-0.08,0.01,2560.33,2479.22,-0.16,2026-08-14,,,,
2026-08-14T10:36:17.349,MMTC,64.55,1.03,62.72,63.3,62.25,67.99,0.06,23.39,21.44,52.66,services,trading,11.37,3.69,3.15,-0.09,0.03,61.43,59.54,-0.21,2026-08-14,,,,
2026-08-14T10:36:17.349,DMART,4081.7,0.29,3957.24,3897.0,3924.64,4317.29,0.16,77.3,86.65,55.67,consumer discretionary,trading,14.45,4.0,6.66,-0.05,-0.01,3923.98,3822.89,-0.68,2026-08-14,,,,
2026-08-14T10:36:17.349,SUMICHEM,546.9,0.72,531.99,530.0,525.68,578.73,0.04,31.8,46.77,59.9,chemicals,pesticides / agrochemicals - indian,23.73,4.04,23.99,0.22,0.13,512.03,486.93,-0.99,2026-08-14,,,,
2026-08-14T10:36:17.349,ECLERX,1890.8,1.14,1824.86,1733.0,1836.07,1972.89,0.14,26.47,15.82,58.58,i.t,computers - software - medium / small,27.66,2.98,-17.67,-0.07,-0.2,1733.99,1626.59,-1.38,2026-08-14,,,,
2026-08-14T10:36:17.349,MAZDOCK,2581.0,0.39,2502.92,2485.9,2460.25,2762.13,0.59,47.38,36.29,67.4,aerospace & defence,miscellaneous,27.4,4.91,4.03,-0.02,-0.07,2452.71,2379.19,-1.46,2026-08-14,,,,
2026-08-14T10:36:17.349,LTFOODS,423.25,1.03,410.57,415.4,417.68,431.6,0.18,20.04,22.72,64.34,fmcg,food - processing - indian,29.66,1.33,13.37,-0.09,0.0,400.63,386.36,-1.72,2026-08-14,,,,
2026-08-14T10:36:17.349,LTM,4748.0,-0.36,4630.5,4682.5,4728.98,4776.53,0.1,24.0,27.0,67.0,i.t,computers - software - large,32.91,0.4,-22.16,-0.16,-0.25,4501.21,4369.32,-1.84,2026-08-14,,,,
2026-08-14T10:36:17.349,TEGA,1697.0,1.65,1630.62,1524.4,1550.24,1917.14,1.23,-36.99,440.5,62.38,industrials,engineering,16.25,9.47,-9.64,-0.12,-0.15,1559.9,1483.77,-1.92,2026-08-14,,,,
2026-08-14T10:36:17.349,SARDAEN,525.2,0.36,502.5,487.9,497.77,566.35,0.89,10.1,16.33,59.41,metals & mining,steel - medium / small,15.22,5.51,8.91,-0.03,0.04,487.9,462.33,-2.07,2026-08-14,,,,
2026-08-14T10:36:17.349,DEVYANI,143.11,3.32,135.49,131.76,130.77,161.61,0.93,298.15,-629.59,73.69,consumer discretionary,hotels,43.99,9.43,6.67,-0.02,0.02,129.5,120.72,-2.16,2026-08-14,,,,
2026-08-14T10:36:17.349,ESCORTS,3107.1,0.44,3018.4,3059.0,3085.15,3140.03,0.08,22.14,24.61,62.12,auto,automobiles - tractors,35.6,0.71,-16.52,-0.21,-0.21,3006.19,2938.41,-2.27,2026-08-14,,,,
2026-08-14T10:36:17.349,MGL,1146.1,1.8,1104.85,1114.0,1105.49,1207.02,0.38,14.66,15.55,57.88,energy,miscellaneous,26.07,3.67,7.8,-0.09,-0.08,1088.42,1055.57,-2.49,2026-08-14,,,,
2026-08-14T10:36:17.349,DIXON,14100.0,0.46,13719.02,13645.0,13955.98,14316.04,0.13,29.87,40.81,56.9,consumer discretionary,electronics - consumer,23.64,1.03,25.47,0.12,-0.07,13454.26,13014.96,-2.88,2026-08-14,,,,
2026-08-14T10:36:17.349,DLF,665.65,0.25,646.41,639.3,641.89,701.29,0.14,51.84,36.97,55.2,realty,construction,8.51,3.7,2.15,-0.06,-0.11,635.85,616.46,-3.03,2026-08-14,,,,
2026-08-14T10:36:17.349,BRIGADE,596.85,1.22,575.55,580.8,582.7,618.08,0.24,25.08,22.37,61.03,realty,construction,25.54,2.43,-7.01,-0.08,-0.14,559.73,540.95,-4.28,2026-08-14,,,,
2026-08-14T10:36:17.349,JUBLFOOD,509.3,3.61,485.1,471.6,479.39,554.16,2.49,86.62,75.16,71.16,consumer discretionary,hotels,37.78,6.24,-3.41,-0.13,-0.18,468.82,450.16,-4.37,2026-08-14,,,,
2026-08-14T10:36:17.349,BLS,270.28,-0.14,263.82,252.1,254.46,294.01,0.25,14.63,15.78,70.86,i.t,computers - software - medium / small,29.41,6.22,-9.08,-0.11,-0.21,254.55,245.26,-7.18,2026-08-14,,,,
2026-08-14T10:36:17.349,BATAINDIA,756.95,4.03,710.89,697.0,707.9,830.52,1.93,38.0,64.0,67.09,consumer discretionary,leather / leather products,26.75,6.93,-16.52,-0.21,-0.27,699.52,667.45,-8.51,2026-08-14,,,,
2026-08-14T10:36:17.349,URBANCO,142.87,1.08,137.03,137.39,138.11,150.01,0.51,-59.53,-63.67,60.65,i.t,miscellaneous,37.47,3.45,5.9,0.09,0.02,132.02,124.71,NaN,2026-08-14,,,,
2026-08-14T10:36:17.349,LGEINDIA,1705.1,8.03,1578.78,1546.6,1541.95,1949.83,8.11,41.75,63.56,71.97,consumer discretionary,electronics - consumer,12.15,10.58,21.95,0.07,-0.01,1604.84,1538.55,NaN,2026-08-14,,,,
2026-08-14T10:36:17.349,TMCV,476.0,0.25,463.83,444.1,449.43,515.85,0.38,17.12,41.72,72.49,auto,automobiles - lcvs / hcvs,35.31,5.91,12.26,-0.12,0.31,446.51,434.7,NaN,2026-08-14,,,,
2026-08-14T10:36:17.349,HEALTHCARE,21.69,0.05,21.2,21.57,21.55,21.9,0.07,NaN,0.0,60.34,indices,indices,45.24,0.66,NaN,NaN,NaN,21.05,20.59,NaN,2026-08-14,,,,
2026-08-14T10:36:17.349,LENSKART,606.3,1.57,585.79,566.1,576.63,650.81,0.59,118.42,155.85,74.85,fmcg,personal care - indian,42.16,5.15,35.8,0.09,0.43,568.87,550.5,NaN,2026-08-14,,,,
2026-05-22T14:12:52.865,GVT&D,4864.3,1.45,4668.72,4251.8,4442.19,5497.47,0.76,88.51,99.53,68.67,industrials,electric equipment,38.45,9.5,64.37,0.46,0.73,4406.36,4111.0,35.52,2026-05-22,,,,
2026-05-22T14:12:52.865,IDEA,13.84,1.62,13.26,12.45,13.25,14.73,0.87,0.72,4.3,84.14,telecom-service,telecommunications - service provider,50.62,4.46,55.93,0.25,1.02,12.74,12.07,22.54,2026-05-22,,,,
2026-05-22T14:12:52.865,SYRMA,1045.0,1.99,998.13,957.4,1027.09,1071.86,0.48,49.39,60.81,59.57,consumer discretionary,electronics - components,34.52,1.74,34.11,0.1,0.21,952.54,888.69,21.66,2026-05-22,,,,
2026-05-22T14:12:52.865,HFCL,145.0,2.29,138.3,134.93,152.79,133.32,0.52,29.96,66.55,69.75,telecom,cables - telephone,56.07,-5.1,90.3,0.82,1.0,128.72,119.22,17.97,2026-05-22,,,,
2026-05-22T14:12:52.865,GABRIEL,1120.8,1.3,1069.47,1050.0,1103.2,1147.2,0.34,73.54,63.55,65.21,auto,auto ancillaries,29.31,1.6,-13.36,-0.02,-0.11,1049.91,1003.45,16.76,2026-05-22,,,,
2026-05-22T14:12:52.865,BHEL,409.8,0.4,398.96,386.1,415.58,401.13,0.36,27.61,88.73,71.45,industrials,electric equipment,50.54,-1.39,75.72,0.32,0.88,384.5,369.27,16.58,2026-05-22,,,,
2026-05-22T14:12:52.865,HINDALCO,1099.6,0.03,1070.94,1037.1,1059.53,1159.71,0.4,29.78,15.18,62.64,metals & mining,aluminium and aluminium products,28.44,3.78,39.93,0.27,0.44,1043.92,1008.57,16.08,2026-05-22,,,,
2026-05-22T14:12:52.865,NAVINFLUOR,7139.5,0.3,6890.38,6875.5,7069.67,7244.24,0.87,43.02,54.61,66.43,chemicals,chemicals,35.64,0.99,38.53,0.1,0.45,6778.61,6543.44,15.66,2026-05-22,,,,
2026-05-22T14:12:52.865,SAIL,199.27,1.39,191.69,188.21,193.76,207.53,0.64,11.22,24.08,64.88,metals & mining,steel - large,34.07,2.84,53.91,0.33,0.51,184.51,175.01,15.37,2026-05-22,,,,
2026-05-22T14:12:52.865,CRAFTSMAN,8686.5,1.68,8256.5,8242.5,8595.05,8823.67,0.25,41.88,48.61,66.76,auto,auto ancillaries,42.47,1.06,29.78,0.18,0.23,8070.9,7696.69,14.31,2026-05-22,,,,
2026-05-22T14:12:52.865,ADANIENSOL,1369.6,2.04,1335.84,1248.2,1317.74,1447.39,0.82,60.18,70.64,61.35,power & utilities,power generation and supply,18.35,3.94,46.21,0.27,0.75,1243.11,1170.45,13.29,2026-05-22,,,,
2026-05-22T14:12:52.865,MAHABANK,79.56,-0.25,77.43,76.2,79.4,79.8,0.38,7.48,8.74,55.68,bank,banks - public sector,18.28,0.2,33.55,0.23,0.48,75.65,73.26,13.27,2026-05-22,,,,
2026-05-22T14:12:52.865,POLYCAB,9284.5,0.99,9010.12,8943.5,9231.76,9363.6,0.23,44.48,51.54,72.83,industrials,cables - power,36.27,0.57,20.99,0.12,0.24,8886.02,8619.15,12.04,2026-05-22,,,,
2026-05-22T14:12:52.865,NEULANDLAB,16979.0,1.73,16387.56,16244.0,16914.54,17075.69,0.81,25.61,58.83,63.1,healthcare,pharmaceuticals - indian - bulk drugs,31.19,0.38,3.26,-0.07,0.12,15653.34,14930.1,12.0,2026-05-22,,,,
2026-05-22T14:12:52.865,HONASA,394.0,9.29,371.47,340.55,349.49,460.76,28.31,63.96,75.26,78.84,services,trading,34.08,12.74,42.17,0.25,0.26,360.76,344.62,11.98,2026-05-22,,,,
2026-05-22T14:12:52.865,DATAPATTNS,3967.0,0.83,3875.9,3600.1,3916.42,4042.86,0.69,40.14,81.17,54.42,aerospace & defence,electronics - components,25.23,1.29,42.6,0.18,0.57,3532.99,3324.99,10.35,2026-05-22,,,,
2026-05-22T14:12:52.865,MANAPPURAM,324.75,0.73,313.75,295.75,313.93,340.98,0.55,17.02,27.49,67.87,financials,finance & investments,23.5,3.45,12.85,0.06,0.11,304.19,290.98,9.52,2026-05-22,,,,
2026-05-22T14:12:52.865,ADANIGREEN,1366.8,0.63,1336.43,1312.4,1393.65,1326.52,0.26,146.65,140.75,64.84,power & utilities,power generation and supply,39.97,-1.93,32.2,0.19,0.42,1259.4,1193.85,9.04,2026-05-22,,,,
2026-05-22T14:12:52.865,TORNTPHARM,4507.4,0.86,4351.89,4306.0,4410.43,4652.86,0.44,60.03,66.5,63.01,healthcare,pharmaceuticals - indian - formulations,22.48,2.2,26.24,0.12,0.21,4285.92,4147.41,8.74,2026-05-22,,,,
2026-05-22T14:12:52.865,JBCHEPHARM,2198.3,0.89,2127.58,2087.1,2154.82,2263.52,0.42,86.55,48.14,64.17,healthcare,pharmaceuticals - indian - bulk drugs & formln,31.4,2.02,30.04,0.16,0.23,2089.58,2026.74,8.02,2026-05-22,,,,
2026-05-22T14:12:52.865,LLOYDSME,1735.1,1.23,1673.84,1636.1,1713.66,1767.26,0.34,16.2,24.56,60.26,metals & mining,mining / minerals / metals,36.23,1.25,31.42,0.27,0.29,1626.89,1547.04,7.92,2026-05-22,,,,
2026-05-22T14:12:52.865,SAMMAANCAP,157.55,2.13,149.24,134.75,139.14,185.16,1.04,-0.4,-1.77,63.54,financials,finance - housing,13.95,13.23,-8.14,-0.08,0.11,142.77,132.63,6.31,2026-05-22,,,,
2026-05-22T14:12:52.865,SIEMENS,3820.2,2.68,3639.72,3454.5,3589.18,4166.73,0.89,122.44,74.89,60.4,industrials,electric equipment,22.35,6.44,23.38,0.09,0.17,3555.93,3371.53,5.95,2026-05-22,,,,
2026-05-22T14:12:52.865,TIMKEN,3755.9,1.17,3598.76,3411.0,3499.24,4140.9,0.6,44.61,67.31,64.84,industrials,bearings,22.25,7.33,28.32,0.12,0.26,3503.25,3322.87,5.77,2026-05-22,,,,
2026-05-22T14:12:52.865,INDIACEM,402.9,-0.1,393.37,388.45,390.77,421.1,0.23,52.46,-185.0,51.87,building materials,cement - south india,17.89,3.1,2.81,-0.09,-0.03,381.28,372.67,5.52,2026-05-22,,,,
2026-05-22T14:12:52.865,AIAENG,3982.0,-0.34,3893.83,3788.6,3828.43,4212.36,0.55,31.56,32.09,56.15,industrials,castings & forgings,13.44,4.01,20.3,-0.05,0.25,3766.24,3672.31,5.2,2026-05-22,,,,
2026-05-22T14:12:52.865,TATACOMM,1966.8,3.72,1846.81,1630.2,1664.71,2419.93,3.43,53.21,53.95,80.2,telecom-service,telecommunications - service provider,24.15,18.15,3.25,-0.06,0.22,1784.26,1659.55,4.99,2026-05-22,,,,
2026-05-22T14:12:52.865,ENDURANCE,2724.2,3.86,2567.6,2490.2,2544.43,2993.86,2.6,34.66,38.77,68.28,auto,auto ancillaries,27.24,7.07,-8.13,-0.09,-0.1,2521.77,2402.36,4.95,2026-05-22,,,,
2026-05-22T14:12:52.865,APOLLOHOSP,8368.5,0.72,8089.9,7814.5,8060.19,8830.96,0.93,56.82,61.52,72.26,healthcare,healthcare,23.42,3.83,4.48,0.04,0.02,7978.54,7758.08,4.27,2026-05-22,,,,
2026-05-22T14:12:52.865,STARHEALTH,528.1,0.28,508.47,491.9,507.85,558.48,0.73,69.85,55.61,64.79,financials,finance & investments,33.5,3.99,6.67,-0.04,0.15,497.26,481.99,4.23,2026-05-22,,,,
2026-05-22T14:12:52.865,INDUSINDBK,909.45,1.06,884.65,870.2,905.02,916.09,0.26,29.8,78.87,55.71,bank,banks - private sector,19.43,0.49,19.74,0.01,0.16,866.41,839.18,4.06,2026-05-22,,,,
2026-05-22T14:12:52.865,SONACOMS,595.0,1.83,572.61,555.55,573.69,626.97,0.72,48.14,56.67,58.0,auto,auto ancillaries,21.58,3.72,29.05,0.08,0.31,558.69,536.41,3.45,2026-05-22,,,,
2026-05-22T14:12:52.865,HDFCAMC,2741.6,0.5,2665.6,2600.1,2660.0,2864.01,0.33,47.14,27.0,54.6,financials,finance & investments,16.16,3.07,-4.06,-0.07,-0.05,2582.09,2487.85,3.15,2026-05-22,,,,
2026-05-22T14:12:52.865,ASIANPAINT,2656.0,2.2,2548.2,2556.0,2583.83,2764.25,0.93,60.04,64.78,66.61,building materials,paints / varnishes,27.08,2.79,5.56,-0.14,-0.0,2531.44,2446.72,2.79,2026-05-22,,,,
2026-05-22T14:12:52.865,DIVISLAB,6928.0,1.02,6654.2,6658.0,6867.7,7018.46,0.71,78.8,73.45,67.97,healthcare,pharmaceuticals - indian - bulk drugs,38.38,0.88,4.91,-0.01,0.09,6637.34,6423.84,2.7,2026-05-22,,,,
2026-05-22T14:12:52.865,360ONE,1111.8,0.0,1080.94,1066.8,1092.04,1141.44,0.36,39.04,36.86,59.76,financials,finance & investments,11.44,1.81,-6.0,-0.1,0.04,1050.49,1014.5,2.58,2026-05-22,,,,
2026-05-22T14:12:52.865,ADANIENT,2723.0,0.94,2651.98,2647.5,2682.84,2783.25,0.32,-398.1,34.38,72.24,services,trading,47.13,1.5,6.87,0.03,0.16,2557.09,2454.65,2.26,2026-05-22,,,,
2026-05-22T14:12:52.865,DEEPAKFERT,1473.2,6.47,1359.16,1252.8,1308.12,1720.83,2.63,32.85,19.96,71.68,chemicals,chemicals,32.13,12.62,3.51,-0.06,-0.01,1339.18,1250.47,2.17,2026-05-22,,,,
2026-05-22T14:12:52.865,MINDACORP,547.7,2.02,521.41,507.4,510.02,604.22,0.97,37.62,43.9,60.44,auto,auto ancillaries,10.14,7.39,-5.02,-0.16,0.05,507.98,481.48,2.15,2026-05-22,,,,
2026-05-22T14:12:52.865,JSWENERGY,551.45,0.55,534.54,508.1,525.43,590.47,0.29,65.03,42.75,56.28,power & utilities,power generation and supply,15.12,4.95,5.14,0.01,0.06,521.63,500.21,2.09,2026-05-22,,,,
2026-05-22T14:12:52.865,VBL,537.8,3.45,516.07,494.3,509.84,579.74,2.0,52.11,55.3,71.59,fmcg,food - processing - indian,26.11,5.48,17.97,0.1,0.06,509.2,490.26,1.84,2026-05-22,,,,
2026-05-22T14:12:52.865,PNBHOUSING,1060.1,0.4,1026.84,1040.0,1077.04,1034.7,0.44,10.53,12.0,62.41,financials,finance - housing,39.19,-1.57,21.98,0.08,0.31,1014.44,984.5,1.47,2026-05-22,,,,
2026-05-22T14:12:52.865,JUBLPHARMA,1020.0,0.83,992.84,979.5,1003.76,1044.36,0.32,72.44,37.04,70.46,healthcare,pharmaceuticals - indian - bulk drugs,29.75,1.62,-6.93,-0.13,-0.07,969.13,935.72,1.31,2026-05-22,,,,
2026-05-22T14:12:52.865,MOTILALOFS,847.65,0.53,820.26,821.1,851.54,841.82,0.32,-57.43,27.06,57.65,financials,finance & investments,23.26,-0.46,-16.86,-0.18,-0.06,801.39,770.79,1.05,2026-05-22,,,,
2026-05-22T14:12:52.865,YESBANK,21.87,1.39,20.99,20.93,22.25,21.29,0.56,16.08,19.43,59.29,bank,banks - private sector,29.13,-1.72,0.0,-0.11,0.04,20.43,19.45,0.91,2026-05-22,,,,
2026-05-22T14:12:52.865,TECHNOE,1328.6,2.65,1270.57,1143.8,1203.88,1515.68,2.33,32.4,30.48,66.16,realty,engineering - turnkey services,18.62,10.36,-0.15,0.01,-0.15,1215.42,1151.74,0.59,2026-05-22,,,,
2026-05-22T14:12:52.865,MEDANTA,1240.9,0.06,1207.85,1218.1,1233.33,1252.26,0.19,57.88,59.88,66.74,healthcare,healthcare,44.95,0.61,-10.33,-0.06,-0.16,1170.57,1126.92,0.38,2026-05-22,,,,
2026-05-22T14:12:52.865,JKCEMENT,5555.0,0.15,5395.39,5327.5,5306.26,5928.1,0.28,61.45,42.02,53.38,building materials,cement - north india,10.8,4.69,-13.58,-0.09,-0.2,5256.56,5098.73,0.34,2026-05-22,,,,
2026-05-22T14:12:52.865,SHYAMMETL,940.05,0.57,907.14,860.05,887.43,1018.98,0.85,20.98,24.53,65.84,metals & mining,steel - large,21.2,5.93,1.73,0.04,-0.02,885.41,848.33,0.05,2026-05-22,,,,
2026-05-22T14:12:52.865,GODREJIND,1138.95,2.47,1085.15,1105.5,1143.33,1132.38,0.18,21.59,30.18,60.78,chemicals,chemicals,44.22,-0.38,3.54,0.0,-0.08,1020.67,949.01,-0.1,2026-05-22,,,,
2026-05-22T14:12:52.865,ATGL,653.0,2.34,622.45,596.15,608.1,720.35,0.7,106.7,107.06,61.37,energy,miscellaneous,30.39,7.38,5.32,-0.01,0.06,595.88,560.05,-0.44,2026-05-22,,,,
2026-05-22T14:12:52.865,NIVABUPA,85.87,2.69,82.04,78.06,80.93,93.28,1.48,11.48,117.77,69.11,financials,finance & investments,33.42,6.1,16.12,0.03,0.02,79.63,75.55,-0.67,2026-05-22,,,,
2026-05-22T14:12:52.865,HINDPETRO,389.2,0.1,377.64,355.8,371.56,415.66,0.24,3.41,4.58,55.64,energy,refineries,14.9,4.75,-13.91,-0.25,-0.02,363.96,346.83,-1.43,2026-05-22,,,,
2026-05-22T14:12:52.865,HONAUT,35395.0,1.23,33912.9,28150.0,28907.15,45126.78,4.87,49.0,58.89,72.96,consumer discretionary,electronics - components,27.69,22.44,-2.61,-0.06,-0.05,31689.97,30066.19,-1.88,2026-05-22,,,,
2026-05-22T14:12:52.865,KOTAKBANK,384.55,0.97,373.38,376.3,377.96,394.43,0.36,17.64,5.07,53.79,bank,banks - private sector,14.4,1.74,-13.1,-0.16,-0.05,366.46,354.64,-1.99,2026-05-22,,,,
2026-05-22T14:12:52.865,TATATECH,669.4,0.8,643.22,609.0,643.57,708.14,0.36,33.27,49.34,69.39,i.t,computers - software - medium / small,40.1,4.01,-1.62,-0.09,-0.04,625.55,595.67,-2.13,2026-05-22,,,,
2026-05-22T14:12:52.865,ABBOTINDIA,27780.0,0.23,26641.3,27185.0,27490.07,28214.89,0.47,37.37,37.95,62.97,healthcare,pharmaceuticals - multinational,35.06,1.05,-7.18,-0.14,-0.17,26540.62,25721.08,-2.48,2026-05-22,,,,
2026-05-22T14:12:52.865,SUZLON,53.35,0.91,51.94,52.0,52.96,53.93,0.43,41.68,22.4,55.4,industrials,electric equipment,19.84,0.73,1.88,-0.13,-0.1,50.54,48.8,-3.01,2026-05-22,,,,
2026-05-22T14:12:52.865,CROMPTON,295.5,1.25,285.18,287.15,294.64,296.79,0.43,-8.91,-77.83,63.42,consumer discretionary,electric equipment,37.23,0.29,3.14,0.01,-0.13,276.27,266.25,-3.37,2026-05-22,,,,
2026-05-22T14:12:52.865,ELECON,533.8,5.88,497.84,469.65,506.46,574.8,3.09,494.26,33.15,63.27,industrials,engineering,25.4,5.4,-1.66,-0.08,-0.07,485.33,454.67,-4.09,2026-05-22,,,,
2026-05-22T14:12:52.865,COFORGE,1386.6,0.7,1342.31,1274.6,1324.58,1479.63,0.51,19.02,29.7,61.16,i.t,computers - software - large,18.66,4.68,-20.6,-0.31,-0.21,1275.87,1208.12,-4.31,2026-05-22,,,,
2026-05-22T14:12:52.865,BAJAJHLDNG,10514.0,1.08,10162.6,10100.0,10230.94,10938.59,0.27,11.36,12.01,57.01,financials,finance & investments,13.15,2.77,-16.59,-0.18,-0.22,9872.55,9452.47,-5.06,2026-05-22,,,,
2026-05-22T14:12:52.865,SAREGAMA,408.85,0.6,390.58,383.6,376.85,456.85,0.27,26.48,37.95,66.6,media,entertainment / electronic media software,35.33,8.49,-9.9,-0.03,-0.2,359.82,329.15,-5.37,2026-05-22,,,,
2026-05-22T14:12:52.865,TRENT,4298.5,3.07,4074.15,3980.6,4052.37,4667.69,0.68,95.44,86.22,60.96,consumer discretionary,trading,16.84,6.07,-10.47,-0.1,-0.25,4063.69,3896.29,-5.43,2026-05-22,,,,
2026-05-22T14:12:52.865,LATENTVIEW,327.4,1.91,311.05,292.1,302.19,365.22,0.33,32.1,33.5,61.33,i.t,computers - software - medium / small,18.52,8.34,-23.72,-0.39,-0.26,293.66,272.81,-5.54,2026-05-22,,,,
2026-05-22T14:12:52.865,ABFRL,67.64,1.32,64.39,60.52,62.76,74.96,0.54,-13.53,-12.57,60.85,consumer discretionary,textiles - products,13.17,7.77,-18.07,-0.21,-0.21,62.74,59.68,-5.95,2026-05-22,,,,
2026-05-22T14:12:52.865,FSL,265.17,4.49,245.98,225.1,242.05,299.85,0.69,22.32,26.0,62.92,i.t,computers - software - medium / small,26.54,9.55,-16.64,-0.32,-0.29,235.47,214.79,-6.92,2026-05-22,,,,
2026-05-22T14:12:52.865,DIXON,11680.0,3.75,11035.78,10570.0,10721.05,13118.43,1.49,59.33,41.34,60.46,consumer discretionary,electronics - consumer,11.08,8.94,-27.34,-0.3,-0.37,10764.58,10258.01,-7.25,2026-05-22,,,,
2026-05-22T14:12:52.865,POLYMED,1566.8,1.04,1522.63,1426.1,1533.05,1617.43,0.46,55.96,45.38,56.04,healthcare,healthcare,23.79,2.2,-16.6,-0.23,-0.26,1438.1,1360.77,-7.74,2026-05-22,,,,
2026-05-22T14:12:52.865,TEJASNET,471.55,1.26,452.07,425.95,457.91,492.01,0.27,-9.91,-9.07,56.61,telecom,telecommunications - equipment,19.13,2.98,-12.6,-0.15,-0.24,419.53,385.96,-7.78,2026-05-22,,,,
2026-05-22T14:12:52.865,HEXT,515.5,2.51,486.23,471.1,485.3,560.8,0.49,NaN,0.0,63.65,n/a,indices,20.53,6.22,-28.43,-0.35,-0.32,475.1,446.39,-8.03,2026-05-22,,,,
2026-05-22T14:12:52.865,KPITTECH,756.5,0.75,729.51,690.45,712.38,822.69,0.48,31.57,32.05,58.25,i.t,computers - software - medium / small,16.93,6.19,-34.01,-0.42,-0.4,708.32,680.19,-10.77,2026-05-22,,,,
2026-05-22T14:12:52.865,PIRAMALFIN,1966.6,2.21,1879.64,1862.1,1923.61,2031.08,0.17,NaN,0.0,58.79,n/a,indices,20.18,2.23,NaN,0.08,NaN,1850.72,1768.2,NaN,2026-05-22,,,,
2026-05-22T14:12:52.865,JSWCEMENT,136.8,7.33,127.5,120.01,120.55,161.17,22.37,12.35,-13.84,71.26,building materials,cement - north india,17.37,13.48,0.0,-0.0,-0.13,124.52,121.01,NaN,2026-05-22,,,,
2026-05-22T14:12:52.865,BELRISE,217.72,2.6,208.75,202.51,207.69,232.76,0.63,37.54,33.85,57.13,auto,auto ancillaries,18.11,4.83,45.29,0.22,0.53,202.89,194.54,NaN,2026-05-22,,,,
2026-05-22T14:12:52.865,MEESHO,197.66,2.69,188.17,184.8,193.28,204.23,0.34,-137.26,-61.11,60.17,i.t,miscellaneous,28.93,2.26,NaN,NaN,NaN,178.72,165.75,NaN,2026-05-22,,,,
2026-05-20T14:17:03.149,MCX,3435.0,0.6,3301.82,3210.0,3270.34,3681.99,0.48,41.33,19.18,78.97,financials,miscellaneous,43.21,5.04,84.08,0.64,1.17,3229.07,3075.43,40.79,2026-05-20,,,,
2026-05-20T14:17:03.149,GVT&D,4696.6,7.1,4326.01,4249.0,4414.93,5119.1,2.87,85.45,91.04,64.29,industrials,electric equipment,36.74,6.38,60.97,0.44,0.65,4218.83,3963.81,36.26,2026-05-20,,,,
2026-05-20T14:17:03.149,ACUTAAS,2879.1,-0.26,2792.02,2702.8,2796.41,3003.14,0.52,44.73,66.34,67.86,healthcare,pharmaceuticals - indian - bulk drugs,35.74,2.96,85.36,0.55,0.98,2685.5,2570.99,35.49,2026-05-20,,,,
2026-05-20T14:17:03.149,LAURUSLABS,1360.5,1.16,1308.89,1283.1,1291.79,1463.56,0.85,65.79,81.66,83.0,healthcare,pharmaceuticals - indian - bulk drugs & formln,39.59,5.32,55.91,0.25,0.53,1295.46,1249.18,27.85,2026-05-20,,,,
2026-05-20T14:17:03.149,VEDL,336.5,-0.34,324.82,320.65,321.67,358.74,0.32,4.91,7.58,68.47,metals & mining,mining / minerals / metals,36.57,4.61,94.62,0.68,1.08,310.89,294.64,27.38,2026-05-20,,,,
2026-05-20T14:17:03.149,POWERINDIA,35105.0,5.23,32055.8,31195.0,33542.27,37449.09,1.34,149.64,174.99,70.33,industrials,electric equipment,37.26,4.66,98.33,0.51,0.8,32192.85,30403.73,25.38,2026-05-20,,,,
2026-05-20T14:17:03.149,ADANIPOWER,219.84,0.34,211.87,213.78,224.59,212.71,0.36,26.42,16.2,60.73,power & utilities,power generation and supply,30.95,-2.12,40.03,0.35,0.75,203.2,191.12,24.64,2026-05-20,,,,
2026-05-20T14:17:03.149,SCHNEIDER,1280.5,2.88,1205.3,1175.0,1310.46,1235.56,0.78,78.85,121.43,59.25,industrials,electric equipment,32.9,-2.29,54.87,0.54,0.41,1135.61,1039.44,23.58,2026-05-20,,,,
2026-05-20T14:17:03.149,IDEA,13.55,0.22,13.05,12.45,12.69,14.84,1.01,0.71,4.26,82.71,telecom-service,telecommunications - service provider,47.33,6.8,56.5,0.16,1.01,12.34,11.53,23.33,2026-05-20,,,,
2026-05-20T14:17:03.149,BSE,4199.2,0.2,4067.0,3917.2,4045.48,4429.78,0.79,54.25,69.14,78.75,financials,miscellaneous,48.37,3.8,67.39,0.37,0.85,3942.95,3772.27,17.83,2026-05-20,,,,
2026-05-20T14:17:03.149,BHEL,402.95,0.46,388.08,386.1,412.84,388.11,0.36,27.15,87.2,69.69,industrials,electric equipment,50.63,-2.4,70.71,0.28,0.81,374.57,354.34,17.47,2026-05-20,,,,
2026-05-20T14:17:03.149,WELCORP,1316.0,2.76,1247.05,1267.7,1353.61,1259.58,0.86,19.16,17.35,67.82,industrials,steel - large,58.02,-2.78,57.4,0.34,0.54,1219.49,1166.11,16.65,2026-05-20,,,,
2026-05-20T14:17:03.149,EMCURE,1731.2,1.23,1666.98,1659.9,1661.65,1835.53,0.26,33.71,35.07,59.44,healthcare,pharmaceuticals - indian - bulk drugs & formln,19.81,4.19,28.22,0.17,0.23,1621.78,1565.41,14.05,2026-05-20,,,,
2026-05-20T14:17:03.149,CRAFTSMAN,8560.0,0.28,8232.98,8242.5,8520.2,8619.7,0.22,41.27,48.57,64.64,auto,auto ancillaries,41.49,0.47,25.88,0.18,0.19,7887.72,7442.52,13.3,2026-05-20,,,,
2026-05-20T14:17:03.149,RRKABEL,1964.9,2.4,1862.0,1898.1,2000.47,1911.55,0.69,33.08,44.08,70.06,industrials,cables - power,39.78,-1.78,53.86,0.34,0.59,1793.01,1674.0,12.92,2026-05-20,,,,
2026-05-20T14:17:03.149,NAM-INDIA,1088.9,0.62,1043.7,1060.1,1080.93,1100.85,0.39,45.07,45.02,60.34,financials,finance & investments,26.4,0.74,22.77,0.16,0.33,1019.28,968.46,12.65,2026-05-20,,,,
2026-05-20T14:17:03.149,POLYCAB,9221.0,0.64,8836.17,8925.5,9118.37,9374.94,0.42,44.18,51.37,71.74,industrials,cables - power,35.8,1.13,21.68,0.11,0.24,8751.88,8417.05,12.51,2026-05-20,,,,
2026-05-20T14:17:03.149,ANURAS,1377.7,1.2,1326.53,1342.7,1360.95,1402.83,0.61,79.91,88.4,63.47,chemicals,chemicals,25.89,1.23,22.38,0.15,0.19,1313.11,1266.36,11.73,2026-05-20,,,,
2026-05-20T14:17:03.149,SAILIFE,1144.9,1.73,1089.96,949.3,1103.56,1206.92,0.64,58.06,67.75,67.36,healthcare,pharmaceuticals - indian - bulk drugs & formln,24.85,3.75,30.11,0.22,0.34,1026.38,943.58,11.67,2026-05-20,,,,
2026-05-20T14:17:03.149,KEI,5096.0,0.27,4939.3,4871.0,5068.85,5136.72,0.42,42.84,52.89,59.84,industrials,cables - power,15.5,0.54,22.14,0.14,0.24,4738.13,4512.72,11.57,2026-05-20,,,,
2026-05-20T14:17:03.149,ADANIGREEN,1362.4,-1.12,1321.14,1312.4,1394.53,1314.2,0.44,146.18,142.78,64.7,power & utilities,power generation and supply,40.79,-2.3,28.58,0.17,0.41,1236.74,1149.09,10.37,2026-05-20,,,,
2026-05-20T14:17:03.149,MOTHERSON,132.55,0.81,126.92,125.15,126.67,141.36,0.55,34.16,33.12,60.38,auto,auto ancillaries,21.5,4.64,24.24,0.12,0.33,124.14,118.04,10.2,2026-05-20,,,,
2026-05-20T14:17:03.149,ZYDUSWELL,513.5,0.86,492.25,483.1,497.26,537.87,0.15,25.22,22.85,58.43,fmcg,food - processing - indian,42.58,3.27,9.36,0.05,0.1,469.86,446.43,9.99,2026-05-20,,,,
2026-05-20T14:17:03.149,MANAPPURAM,318.8,1.11,305.17,295.75,310.96,330.56,0.86,16.71,26.88,65.08,financials,finance & investments,23.45,2.52,11.16,0.05,0.1,294.63,281.5,8.49,2026-05-20,,,,
2026-05-20T14:17:03.149,FORTIS,971.2,1.11,932.96,945.1,965.62,979.56,0.49,94.47,75.51,63.58,healthcare,healthcare,26.07,0.58,-11.32,-0.04,0.01,927.06,895.7,8.33,2026-05-20,,,,
2026-05-20T14:17:03.149,ASTERDM,760.0,1.48,727.21,731.1,744.89,782.67,0.28,69.85,99.32,66.63,healthcare,healthcare,27.03,2.03,8.72,0.03,0.16,716.19,686.33,7.85,2026-05-20,,,,
2026-05-20T14:17:03.149,SOLARINDS,18234.0,0.65,17566.5,15850.0,16752.15,20456.77,0.81,75.32,97.72,78.36,aerospace & defence,chemicals,44.02,8.85,29.92,0.22,0.26,17017.52,16110.16,7.85,2026-05-20,,,,
2026-05-20T14:17:03.149,ADANIPORTS,1768.0,0.3,1709.41,1744.3,1782.09,1746.87,0.26,30.59,30.28,64.43,transportation,miscellaneous,28.2,-0.79,19.53,0.09,0.28,1668.41,1600.31,7.25,2026-05-20,,,,
2026-05-20T14:17:03.149,AUROPHARMA,1522.8,0.66,1475.0,1491.6,1495.54,1563.69,0.57,24.29,25.2,73.0,healthcare,pharmaceuticals - indian - bulk drugs & formln,30.3,1.82,37.69,0.13,0.44,1458.97,1427.31,7.06,2026-05-20,,,,
2026-05-20T14:17:03.149,BIOCON,433.85,1.33,416.7,416.5,410.73,468.52,0.54,137.29,153.46,78.6,healthcare,pharmaceuticals - indian - bulk drugs & formln,33.59,5.63,21.22,-0.05,0.18,409.39,391.74,6.81,2026-05-20,,,,
2026-05-20T14:17:03.149,ONGC,298.45,0.66,287.97,293.65,290.71,310.06,0.44,9.37,9.83,59.46,energy,oil drilling / allied services,27.56,2.66,20.54,0.11,0.2,284.24,276.88,5.55,2026-05-20,,,,
2026-05-20T14:17:03.149,OIL,505.25,0.71,488.77,498.75,485.77,534.48,0.28,9.78,12.33,59.17,energy,oil drilling / allied services,25.77,4.01,21.09,0.07,0.22,474.53,458.19,5.05,2026-05-20,,,,
2026-05-20T14:17:03.149,MARICO,837.95,0.78,805.56,822.0,835.92,841.0,0.56,68.91,61.0,67.21,fmcg,solvent extraction,36.49,0.24,15.57,0.02,0.09,805.72,781.69,4.09,2026-05-20,,,,
2026-05-20T14:17:03.149,KIMS,755.95,2.01,710.65,714.0,740.27,779.47,0.78,178.29,123.1,60.3,healthcare,healthcare,31.37,2.12,3.13,0.04,-0.01,686.2,639.09,3.9,2026-05-20,,,,
2026-05-20T14:17:03.149,TRITURBINE,649.4,1.78,604.76,560.85,589.17,739.75,2.49,50.58,58.0,72.7,industrials,electric equipment,38.02,10.22,24.51,0.11,0.18,570.03,523.8,3.89,2026-05-20,,,,
2026-05-20T14:17:03.149,OFSS,9736.0,0.93,9405.55,8646.5,9539.16,10031.26,0.8,25.17,31.78,71.58,i.t,computers - software - large,41.77,2.06,10.69,0.1,0.11,9030.92,8681.11,3.81,2026-05-20,,,,
2026-05-20T14:17:03.149,CARBORUNIV,1070.95,-0.49,1040.42,990.1,1050.35,1101.85,0.49,-287.89,104.38,67.92,industrials,abrasives and grinding wheels,52.43,1.96,16.91,0.15,0.1,970.75,912.6,3.54,2026-05-20,,,,
2026-05-20T14:17:03.149,ONESOURCE,1851.7,-0.15,1794.87,1760.1,1831.0,1882.75,0.28,1157.31,-287.97,65.85,healthcare,pharmaceuticals - indian - bulk drugs & formln,35.69,1.13,0.33,-0.01,-0.06,1685.85,1614.77,3.3,2026-05-20,,,,
2026-05-20T14:17:03.149,ENDURANCE,2549.4,0.17,2470.87,2427.5,2508.56,2610.65,0.16,32.44,37.62,57.77,auto,auto ancillaries,24.81,1.63,-13.06,-0.1,-0.15,2358.59,2226.08,3.23,2026-05-20,,,,
2026-05-20T14:17:03.149,ASIANPAINT,2610.0,0.36,2510.76,2556.0,2568.39,2672.41,0.29,59.0,64.82,62.64,building materials,paints / varnishes,27.47,1.62,8.34,-0.17,-0.01,2485.29,2395.76,3.02,2026-05-20,,,,
2026-05-20T14:17:03.149,DIVISLAB,6915.0,0.04,6664.49,6658.0,6829.54,7043.18,2.69,78.65,74.03,69.43,healthcare,pharmaceuticals - indian - bulk drugs,39.78,1.25,4.77,-0.02,0.09,6600.91,6410.35,2.94,2026-05-20,,,,
2026-05-20T14:17:03.149,TATACOMM,1767.0,7.31,1597.6,1573.8,1608.44,2004.83,5.36,47.81,46.84,70.79,telecom-service,telecommunications - service provider,18.48,9.86,-10.35,-0.14,0.1,1623.62,1533.89,2.24,2026-05-20,,,,
2026-05-20T14:17:03.149,DRREDDY,1329.8,-0.4,1295.85,1255.0,1300.15,1374.27,0.3,125.45,26.49,57.97,healthcare,pharmaceuticals - indian - bulk drugs & formln,17.53,2.28,7.26,-0.02,0.03,1266.39,1225.04,2.24,2026-05-20,,,,
2026-05-20T14:17:03.149,NH,1917.0,1.75,1828.58,1804.2,1828.1,2050.34,0.91,76.8,49.13,64.56,healthcare,healthcare,16.43,4.86,8.67,-0.1,0.05,1809.84,1730.88,1.96,2026-05-20,,,,
2026-05-20T14:17:03.149,JUBLINGREA,733.5,0.98,705.7,708.15,732.92,734.37,0.13,61.74,43.21,59.96,chemicals,chemicals,26.34,0.08,3.82,-0.04,-0.03,686.17,652.17,1.59,2026-05-20,,,,
2026-05-20T14:17:03.149,ATUL,7043.5,-0.09,6799.24,6778.0,6978.61,7140.84,0.61,24.67,30.62,58.85,chemicals,chemicals,33.15,0.93,20.86,0.06,0.07,6621.27,6376.09,1.16,2026-05-20,,,,
2026-05-20T14:17:03.149,POLICYBZR,1841.2,2.02,1735.78,1630.0,1685.77,2074.34,1.56,81.47,124.04,74.46,i.t,computers - software - medium / small,25.46,9.22,8.93,-0.06,-0.03,1703.73,1604.93,1.05,2026-05-20,,,,
2026-05-20T14:17:03.149,MANKIND,2570.5,3.13,2450.0,2417.0,2462.88,2731.93,5.66,64.91,57.83,76.29,healthcare,pharmaceuticals - indian - bulk drugs & formln,41.08,4.37,4.72,0.06,-0.02,2397.24,2321.79,0.53,2026-05-20,,,,
2026-05-20T14:17:03.149,WELSPUNLIV,140.29,-0.07,136.22,132.6,135.04,148.17,0.71,32.47,61.57,66.42,textiles,textiles - products,15.42,3.89,11.02,-0.08,0.2,130.78,125.25,0.45,2026-05-20,,,,
2026-05-20T14:17:03.149,VBL,513.75,-0.2,496.81,489.45,510.06,519.28,0.66,49.78,54.77,63.38,fmcg,food - processing - indian,26.15,0.72,11.49,0.03,-0.01,487.68,470.38,0.32,2026-05-20,,,,
2026-05-20T14:17:03.149,SHYAMMETL,918.65,1.45,877.15,860.05,876.13,982.44,0.98,20.51,23.76,62.26,metals & mining,steel - large,19.55,4.85,0.33,-0.0,-0.02,855.36,812.64,0.16,2026-05-20,,,,
2026-05-20T14:17:03.149,FLUOROCHEM,3747.6,-0.01,3618.16,3628.5,3748.14,3746.79,0.28,100.85,62.74,65.22,chemicals,chemicals,24.68,-0.02,0.11,-0.03,0.06,3516.3,3375.23,-0.17,2026-05-20,,,,
2026-05-20T14:17:03.149,NIVABUPA,81.56,0.68,78.4,78.06,80.43,83.25,0.24,10.9,114.1,59.04,financials,finance & investments,31.43,1.4,5.13,-0.03,-0.05,75.83,72.5,-0.53,2026-05-20,,,,
2026-05-20T14:17:03.149,GODREJIND,1124.75,-0.82,1089.22,1078.0,1134.35,1110.35,0.12,21.32,30.79,59.9,chemicals,chemicals,43.45,-0.85,3.97,-0.02,-0.1,991.67,901.95,-0.62,2026-05-20,,,,
2026-05-20T14:17:03.149,TATATECH,676.05,1.12,646.07,609.0,630.07,745.02,0.96,33.6,49.67,73.55,i.t,computers - software - medium / small,37.74,7.3,-2.31,-0.08,-0.04,629.76,598.8,-0.74,2026-05-20,,,,
2026-05-20T14:17:03.149,DEEPAKNTR,1835.5,1.64,1745.18,1718.0,1855.27,1805.84,0.66,28.48,44.73,63.95,chemicals,chemicals,37.37,-1.07,3.44,-0.01,0.01,1672.72,1566.13,-1.4,2026-05-20,,,,
2026-05-20T14:17:03.149,CIPLA,1407.6,-0.16,1364.45,1362.2,1385.0,1441.5,0.52,51.22,29.35,64.08,healthcare,pharmaceuticals - indian - bulk drugs & formln,34.96,1.63,-10.26,-0.14,-0.13,1333.07,1291.67,-1.47,2026-05-20,,,,
2026-05-20T14:17:03.149,PIDILITIND,1459.1,0.23,1402.77,1428.2,1445.21,1479.93,0.23,64.11,47.47,58.32,chemicals,chemicals,20.88,0.96,-4.14,-0.1,-0.1,1388.39,1335.46,-1.48,2026-05-20,,,,
2026-05-20T14:17:03.149,BHARTIHEXA,1603.5,-0.5,1558.2,1481.8,1494.16,1767.51,0.52,44.89,46.51,62.99,telecom-service,telecommunications - service provider,15.65,7.32,-8.34,-0.19,-0.13,1518.32,1473.93,-1.57,2026-05-20,,,,
2026-05-20T14:17:03.149,BERGEPAINT,507.4,-0.06,486.72,496.65,505.64,510.04,0.23,44.2,52.5,58.41,building materials,paints / varnishes,31.42,0.35,-4.69,-0.2,-0.1,465.08,437.84,-2.0,2026-05-20,,,,
2026-05-20T14:17:03.149,MAXHEALTH,1075.8,0.66,1031.69,1024.3,1031.65,1142.03,0.48,86.76,73.2,69.24,healthcare,healthcare,13.01,4.28,-8.42,-0.11,-0.11,1020.63,981.46,-2.32,2026-05-20,,,,
2026-05-20T14:17:03.149,CROMPTON,290.75,-0.97,281.41,280.35,292.82,287.65,0.32,-8.77,-78.29,60.79,consumer discretionary,electric equipment,35.48,-0.71,1.04,-0.02,-0.16,268.8,254.48,-2.73,2026-05-20,,,,
2026-05-20T14:17:03.149,CHALET,799.25,-0.21,773.22,737.1,757.73,861.53,0.23,26.82,27.15,57.39,services,hotels,13.26,5.48,-17.53,-0.16,-0.23,741.73,703.13,-3.04,2026-05-20,,,,
2026-05-20T14:17:03.149,COLPAL,2189.3,0.05,2119.84,2113.6,2162.59,2229.37,0.31,45.96,44.85,61.34,fmcg,personal care - multinational,21.64,1.24,-4.2,-0.08,-0.12,2097.36,2031.6,-3.24,2026-05-20,,,,
2026-05-20T14:17:03.149,TMPV,361.55,0.1,348.98,333.65,343.21,389.06,0.68,5.75,-602.0,58.87,auto,automobiles - passenger cars,19.84,5.34,-8.82,-0.1,-0.15,339.22,325.93,-3.29,2026-05-20,,,,
2026-05-20T14:17:03.149,COFORGE,1421.0,0.64,1372.0,1249.8,1289.39,1618.41,1.02,19.49,30.46,65.85,i.t,computers - software - large,18.62,10.21,-19.3,-0.27,-0.22,1300.88,1234.19,-3.86,2026-05-20,,,,
2026-05-20T14:17:03.149,PPLPHARMA,175.55,1.34,166.8,170.2,176.74,173.77,0.38,-626.96,-70.13,60.92,healthcare,pharmaceuticals - indian - bulk drugs & formln,34.24,-0.67,-9.27,-0.16,-0.09,160.43,150.03,-4.33,2026-05-20,,,,
2026-05-20T14:17:03.149,SAREGAMA,401.7,1.88,379.26,339.35,363.65,458.78,2.62,26.02,36.82,64.95,media,entertainment / electronic media software,31.12,10.46,-12.23,-0.07,-0.21,344.39,322.72,-5.99,2026-05-20,,,,
2026-05-20T14:17:03.149,OLAELEC,36.82,0.66,35.3,34.43,34.4,40.45,0.47,-8.37,-7.33,56.91,auto,automobiles - motorcycles / mopeds,31.89,7.03,-32.5,-0.2,-0.43,33.05,31.26,-6.08,2026-05-20,,,,
2026-05-20T14:17:03.149,CYIENT,903.55,-0.25,877.1,856.3,862.51,965.11,0.38,45.54,23.36,52.87,i.t,computers - software - medium / small,12.89,4.76,-23.46,-0.26,-0.27,850.64,821.81,-7.06,2026-05-20,,,,
2026-05-20T14:17:03.149,TEJASNET,470.05,1.59,442.57,425.95,454.28,493.71,0.42,-9.88,-9.01,56.16,telecom,telecommunications - equipment,18.7,3.47,-20.47,-0.16,-0.23,407.89,365.82,-7.37,2026-05-20,,,,
2026-05-20T14:17:03.149,HEXT,512.35,0.35,493.19,469.95,474.8,568.68,0.9,NaN,0.0,64.57,n/a,indices,20.2,7.91,-28.85,-0.33,-0.34,472.3,450.41,-7.82,2026-05-20,,,,
2026-05-20T14:17:03.149,KPITTECH,752.3,1.16,726.67,690.45,709.06,817.16,1.18,31.4,31.74,57.01,i.t,computers - software - medium / small,19.1,6.1,-35.2,-0.42,-0.4,697.67,665.29,-10.72,2026-05-20,,,,
2026-05-20T14:17:03.149,HEALTHCARE,20.36,0.49,19.8,19.84,20.02,20.87,1.29,NaN,0.0,77.16,indices,indices,52.27,1.71,NaN,NaN,NaN,19.3,19.31,NaN,2026-05-20,,,,
2026-05-20T14:17:03.149,ENRIN,3404.0,7.6,3077.1,3013.6,3131.01,3813.49,4.93,80.89,85.99,68.05,power & utilities,power generation and supply,23.55,8.72,8.44,-0.06,-0.07,3123.64,2918.37,NaN,2026-05-20,,,,
2026-05-20T14:17:03.149,MEESHO,194.65,1.01,186.3,184.8,194.37,195.07,0.45,-135.17,-61.17,58.54,i.t,miscellaneous,29.19,0.14,NaN,NaN,NaN,174.97,163.27,NaN,2026-05-20,,,,
2026-04-21T11:24:54.6,DEEDEV,,,,,,,,,,,metals & mining,steel - medium / small,,,,,,,,,2026-04-21,0.0,10.77,10.77,842.6
2026-04-21T11:24:54.6,CUPID,,,,,,,,,,,fmcg,personal care - indian,,,,,,,,,2026-04-21,0.3,14.75,18.09,7949.73
2026-04-21T11:24:54.6,CEIGALL,,,,,,,,,,,realty,construction,,,,,,,,,2026-04-21,0.33,6.57,7.8,990.72
2026-04-21T11:24:54.6,GAEL,,,,,,,,,,,fmcg,miscellaneous,,,,,,,,,2026-04-21,0.51,8.32,8.32,2600.26
2026-04-21T11:24:54.6,JAYNECOIND,,,,,,,,,,,metals & mining,steel - large,,,,,,,,,2026-04-21,0.71,7.51,14.34,4394.85
2026-04-21T11:24:54.6,STLTECH,,,,,,,,,,,industrials,cables - telephone,,,,,,,,,2026-04-21,1.08,8.27,13.98,7442.05
2026-04-21T11:24:54.6,MMFL,,,,,,,,,,,industrials,castings & forgings,,,,,,,,,2026-04-21,1.21,8.71,12.31,1043.55
2026-04-21T11:24:54.6,NDLVENTURE,,,,,,,,,,,financials,finance & investments,,,,,,,,,2026-04-21,1.37,15.7,16.06,157.17
2026-04-21T11:24:54.6,LOKESHMACH,,,,,,,,,,,industrials,engineering,,,,,,,,,2026-04-21,1.48,9.43,9.63,262.18
2026-04-21T11:24:54.6,J&KBANK,,,,,,,,,,,bank,banks - private sector,,,,,,,,,2026-04-21,1.53,4.54,8.56,5943.09
2026-04-21T11:24:54.6,PRECWIRE,,,,,,,,,,,metals & mining,mining / minerals / metals,,,,,,,,,2026-04-21,1.87,10.31,17.22,3102.26
2026-04-21T11:24:54.6,VOLTAMP,,,,,,,,,,,industrials,electric equipment,,,,,,,,,2026-04-21,1.88,8.48,13.26,7477.12
2026-04-21T11:24:54.6,KTKBANK,,,,,,,,,,,bank,banks - private sector,,,,,,,,,2026-04-21,1.9,5.32,5.84,9478.09
2026-04-21T11:24:54.6,VISHNU,,,,,,,,,,,chemicals,chemicals,,,,,,,,,2026-04-21,1.93,8.82,14.89,1245.85
2026-04-21T11:24:54.6,SHRIPISTON,,,,,,,,,,,auto,auto ancillaries,,,,,,,,,2026-04-21,2.02,4.67,6.81,9140.13
2026-04-21T11:24:54.6,AXISCADES,,,,,,,,,,,aerospace & defence,computers - software - medium / small,,,,,,,,,2026-04-21,2.13,6.58,14.16,3349.83
2026-04-21T11:24:54.6,MACPOWER,,,,,,,,,,,industrials,engineering,,,,,,,,,2026-04-21,2.15,14.75,14.75,313.41
2026-04-21T11:24:54.6,GRAPHITE,,,,,,,,,,,industrials,electrodes - graphites,,,,,,,,,2026-04-21,2.49,12.72,17.74,5018.09
2026-04-21T11:24:54.6,AFIL,,,,,,,,,,,financials,finance & investments,,,,,,,,,2026-04-21,2.56,8.02,13.36,255.47
2026-04-21T11:24:54.6,HEG,,,,,,,,,,,industrials,electrodes - graphites,,,,,,,,,2026-04-21,2.95,9.62,18.53,5551.46
2026-04-21T11:24:54.6,PAISALO,,,,,,,,,,,financials,finance & investments,,,,,,,,,2026-04-21,3.04,5.87,15.09,2335.43
2026-04-21T11:24:54.6,NITINSPIN,,,,,,,,,,,textiles,textiles - cotton/blended,,,,,,,,,2026-04-21,3.06,7.84,7.84,1017.45
2026-04-21T11:24:54.6,APEX,,,,,,,,,,,fmcg,aquaculture,,,,,,,,,2026-04-21,3.18,19.65,21.49,426.21
2026-04-21T11:24:54.6,ARVIND,,,,,,,,,,,textiles,textiles - cotton/blended,,,,,,,,,2026-04-21,3.18,3.55,5.32,6199.46
2026-04-21T11:24:54.6,ASIANTILES,,,,,,,,,,,building materials,ceramics - tiles / sanitaryware,,,,,,,,,2026-04-21,3.48,7.78,12.7,1384.76
2026-04-21T11:24:54.6,INOXINDIA,,,,,,,,,,,industrials,packaging,,,,,,,,,2026-04-21,3.74,6.27,7.65,3395.92
2026-04-21T11:24:54.6,DCBBANK,,,,,,,,,,,bank,banks - private sector,,,,,,,,,2026-04-21,3.76,5.61,7.14,5286.08
2026-04-21T11:24:54.6,TFCILTD,,,,,,,,,,,financials,finance - term-lending institutions,,,,,,,,,2026-04-21,3.79,12.17,15.25,3445.63
2026-04-21T11:24:54.6,SATIN,,,,,,,,,,,financials,finance & investments,,,,,,,,,2026-04-21,4.18,11.12,12.04,1204.31
2026-04-21T11:24:54.6,SANGAMIND,,,,,,,,,,,textiles,textiles - spinning - synthetic / blended,,,,,,,,,2026-04-21,4.39,12.86,13.79,742.23
2026-04-21T11:24:54.6,WHEELS,,,,,,,,,,,auto,auto ancillaries,,,,,,,,,2026-04-21,4.44,6.25,7.88,1079.46
2026-04-21T11:24:54.6,SENORES,,,,,,,,,,,healthcare,pharmaceuticals - indian - formulations,,,,,,,,,2026-04-21,4.54,7.94,12.43,2249.91
2026-04-21T11:24:54.6,ANURAS,,,,,,,,,,,chemicals,chemicals,,,,,,,,,2026-04-21,4.9,6.56,6.56,6234.45
2026-04-21T11:24:54.6,NATCOPHARM,,,,,,,,,,,healthcare,pharmaceuticals - indian - bulk drugs & formln,,,,,,,,,2026-04-21,4.96,5.11,5.42,9758.69
2026-04-21T11:24:54.6,EMCURE,,,,,,,,,,,healthcare,pharmaceuticals - indian - bulk drugs & formln,,,,,,,,,2026-04-21,5.09,12.75,12.75,6722.21
2026-04-21T11:24:54.6,GOKULAGRO,,,,,,,,,,,fmcg,solvent extraction,,,,,,,,,2026-04-21,5.24,6.27,7.68,1595.43
2026-04-21T11:24:54.6,VTL,,,,,,,,,,,textiles,textiles - cotton/blended,,,,,,,,,2026-04-21,5.58,10.77,10.97,5745.96
2026-04-21T11:24:54.6,IMFA,,,,,,,,,,,metals & mining,mining / minerals / metals,,,,,,,,,2026-04-21,5.63,6.79,14.19,3329.29
2026-04-21T11:24:54.6,DYNAMATECH,,,,,,,,,,,industrials,engineering,,,,,,,,,2026-04-21,5.68,4.4,5.91,4077.9
2026-04-21T11:24:54.6,CCL,,,,,,,,,,,fmcg,tea,,,,,,,,,2026-04-21,5.82,5.91,6.86,8017.57
2026-04-21T11:24:54.6,CIEINDIA,,,,,,,,,,,industrials,castings & forgings,,,,,,,,,2026-04-21,6.59,4.04,5.38,6393.61
2026-04-21T11:24:54.6,SHAH,,,,,,,,,,,metals & mining,steel - medium / small,,,,,,,,,2026-04-21,6.67,6.89,7.95,324.88
2026-04-21T11:24:54.6,MUFIN,,,,,,,,,,,financials,finance & investments,,,,,,,,,2026-04-21,6.7,8.09,8.89,1230.98
2026-04-21T11:24:54.6,FINCABLES,,,,,,,,,,,industrials,cables - power,,,,,,,,,2026-04-21,6.89,7.0,14.86,9389.96
2026-04-21T11:24:54.6,CANFINHOME,,,,,,,,,,,financials,finance - housing,,,,,,,,,2026-04-21,7.38,7.62,9.74,8388.27
2026-04-21T11:24:54.6,RRKABEL,,,,,,,,,,,industrials,cables - power,,,,,,,,,2026-04-21,7.49,4.47,10.3,6331.0
2026-04-21T11:24:54.6,MAYURUNIQ,,,,,,,,,,,consumer discretionary,leather / leather products,,,,,,,,,2026-04-21,7.62,2.36,4.11,1042.43
2026-04-21T11:24:54.6,INDSWFTLAB,,,,,,,,,,,healthcare,pharmaceuticals - indian - bulk drugs & formln,,,,,,,,,2026-04-21,7.64,13.9,18.96,715.08
2026-04-21T11:24:54.6,CHENNPETRO,,,,,,,,,,,energy,refineries,,,,,,,,,2026-04-21,7.7,6.7,10.86,4959.26
2026-04-21T11:24:54.6,BAJAJCON,,,,,,,,,,,fmcg,personal care - indian,,,,,,,,,2026-04-21,8.1,15.55,16.66,3401.37
2026-04-21T11:24:54.6,AARTIIND,,,,,,,,,,,chemicals,chemicals,,,,,,,,,2026-04-21,8.26,5.02,8.1,9534.77
2026-04-21T11:24:54.6,GMDCLTD,,,,,,,,,,,metals & mining,mining / minerals / metals,,,,,,,,,2026-04-21,9.06,12.03,24.5,5804.14
2026-04-21T11:24:54.6,PRIVISCL,,,,,,,,,,,chemicals,chemicals,,,,,,,,,2026-04-21,9.22,8.25,10.45,4807.14
2026-04-21T11:24:54.6,CENTUM,,,,,,,,,,,consumer discretionary,electronics - components,,,,,,,,,2026-04-21,9.28,10.84,12.84,2229.97
2026-04-21T11:24:54.6,AEROFLEX,,,,,,,,,,,metals & mining,steel - medium / small,,,,,,,,,2026-04-21,10.37,11.79,12.57,1316.26
2026-04-21T11:24:54.6,MASFIN,,,,,,,,,,,financials,finance & investments,,,,,,,,,2026-04-21,10.62,2.88,5.18,1909.49
2026-04-21T11:24:54.6,SILGO,,,,,,,,,,,consumer discretionary,diamond cutting / jewellery,,,,,,,,,2026-04-21,10.78,6.73,6.88,91.1
2026-04-21T11:24:54.6,ALIVUS,,,,,,,,,,,healthcare,pharmaceuticals - indian - bulk drugs & formln,,,,,,,,,2026-04-21,11.19,4.74,4.88,3355.4
2026-04-21T11:24:54.6,GRMOVER,,,,,,,,,,,fmcg,food - processing - indian,,,,,,,,,2026-04-21,11.95,5.59,9.28,953.62
2026-04-21T11:24:54.6,KMEW,,,,,,,,,,,transportation,miscellaneous,,,,,,,,,2026-04-21,12.29,11.5,11.5,1948.11
2026-04-21T11:24:54.6,NETWEB,,,,,,,,,,,i.t,computers - hardware,,,,,,,,,2026-04-21,13.06,5.37,16.7,7320.39
2026-04-21T11:24:54.6,PRICOLLTD,,,,,,,,,,,auto,auto ancillaries,,,,,,,,,2026-04-21,13.95,4.25,5.37,4476.94
2026-04-21T11:24:54.6,PGIL,,,,,,,,,,,consumer discretionary,textiles - products,,,,,,,,,2026-04-21,15.26,6.6,10.67,3027.25
2026-04-21T11:24:54.6,MEDPLUS,,,,,,,,,,,consumer discretionary,trading,,,,,,,,,2026-04-21,16.61,2.75,5.44,6256.17
2026-04-21T11:24:54.6,RICOAUTO,,,,,,,,,,,auto,auto ancillaries,,,,,,,,,2026-04-21,17.32,5.11,5.46,791.08
2026-04-21T11:24:54.6,AVALON,,,,,,,,,,,consumer discretionary,electronics - components,,,,,,,,,2026-04-21,17.39,6.05,10.03,4039.38
2026-04-21T11:24:54.6,POKARNA,,,,,,,,,,,consumer discretionary,miscellaneous,,,,,,,,,2026-04-21,18.16,9.41,11.0,1260.42
2026-04-21T11:24:54.6,RAJRATAN,,,,,,,,,,,metals & mining,steel - medium / small,,,,,,,,,2026-04-21,18.46,7.91,9.22,779.3
2026-04-21T11:24:54.6,VIYASH,,,,,,,,,,,healthcare,pharmaceuticals - indian - bulk drugs & formln,,,,,,,,,2026-04-21,18.75,3.46,4.5,3525.93
2026-04-21T11:24:54.6,AYMSYNTEX,,,,,,,,,,,textiles,textiles - processing,,,,,,,,,2026-04-21,19.24,26.7,27.72,451.41
2026-04-21T11:24:54.6,LUMAXIND,,,,,,,,,,,auto,auto ancillaries,,,,,,,,,2026-04-21,19.77,3.0,5.99,1300.2
2026-04-21T11:24:54.6,KESORAMIND,,,,,,,,,,,miscellaneous,miscellaneous,,,,,,,,,2026-04-21,20.59,9.12,13.57,194.85
2026-04-21T11:24:54.6,RACLGEAR,,,,,,,,,,,auto,auto ancillaries,,,,,,,,,2026-04-21,20.98,7.14,8.32,903.35
2026-04-21T11:24:54.6,ANTELOPUS,,,,,,,,,,,energy,oil drilling / allied services,,,,,,,,,2026-04-21,21.74,4.56,6.32,635.22
2026-04-21T11:24:54.6,SILVERTUC,,,,,,,,,,,i.t,computers - software - medium / small,,,,,,,,,2026-04-21,23.45,6.58,7.0,416.33
2026-04-21T11:24:54.6,WAAREEINDO,,,,,,,,,,,industrials,electric equipment,,,,,,,,,2026-04-21,29.12,10.15,19.84,535.96
