Timestamp,Symbol,F_pe,Pe,Eps[a],Eps[a1],Eps,Eps[1],Eps[3],Sales[a],Sales[a1],Sales,Sales[2],Sales[3],Roce,Fii,Fii[1],Fii[2],Fii[a],Fii[a1],Scan_Date
2026-02-08T04:26:08.957,MRF,22.45,27.85,31.62,5.03,1631.23,1239.38,1180.04,9.1,-3.87,8050.43,7378.72,7675.69,13.27,18.17,18.27,18.67,-0.522,-2.13,2026-02-08
2026-02-08T04:26:08.957,FORCEMOT,17.35,20.61,15.81,98.88,308.22,266.14,133.82,2.27,-9.4,2128.56,2081.4,2297.25,29.59,10.46,10.27,9.77,1.82,5.16,2026-02-08
2026-02-08T04:26:08.957,TVSHLTD,15.44,19.59,11.36,31.98,243.75,218.89,165.85,4.57,14.34,14583.15,13945.52,12196.81,17.65,3.12,3.0,2.84,4.06,5.58,2026-02-08
2026-02-08T04:26:08.957,ABBOTINDIA,35.01,38.54,13.5,-0.318,195.42,172.17,172.72,1.08,8.34,1757.15,1738.35,1604.59,44.95,0.182,0.156,0.163,16.89,-4.36,2026-02-08
2026-02-08T04:26:08.957,BOSCHLTD,48.32,39.95,-50.32,101.65,188.01,378.41,187.66,0.13,-2.48,4794.8,4788.6,4910.6,20.48,7.34,7.13,6.18,2.91,15.43,2026-02-08
2026-02-08T04:26:08.957,BAJAJHLDNG,15.18,13.93,29.34,-55.28,181.2,140.1,313.3,-27.56,22.24,287.51,396.87,324.66,11.53,10.26,10.33,10.31,-0.695,0.22,2026-02-08
2026-02-08T04:26:08.957,3MINDIA,55.78,79.83,148.98,-37.27,157.73,63.35,100.99,-0.189,9.93,1195.97,1198.23,1089.95,37.56,3.5,3.43,3.84,2.06,-10.65,2026-02-08
2026-02-08T04:26:08.957,HONAUT,59.12,54.75,-4.13,-10.94,135.13,140.95,158.26,-2.85,6.16,1149.4,1183.1,1114.5,18.29,3.46,3.01,2.77,15.07,8.69,2026-02-08
2026-02-08T04:26:08.957,MARUTI,30.39,31.58,15.83,-11.69,123.38,106.52,120.62,18.43,9.6,47537.2,40138.7,36624.1,20.98,15.76,15.78,15.2,-0.124,3.79,2026-02-08
2026-02-08T04:26:08.957,BAJAJ-AUTO,24.16,29.9,29.61,-4.04,98.5,76.0,79.2,0.817,20.61,15378.24,15253.64,12646.59,28.09,8.84,9.65,10.3,-8.46,-6.27,2026-02-08
2026-02-08T04:26:08.957,VOLTAMP,20.35,22.77,25.66,-0.877,97.94,77.94,78.63,30.62,13.92,630.32,482.56,423.58,29.44,21.78,22.85,23.23,-4.71,-1.6,2026-02-08
2026-02-08T04:26:08.957,PGHH,32.02,44.93,43.65,9.26,92.87,64.65,59.17,9.67,22.85,1259.91,1148.85,935.16,134.56,1.07,1.11,1.38,-4.27,-19.5,2026-02-08
2026-02-08T04:26:08.957,MCX,7.57,12.95,103.13,-2.81,78.65,38.72,39.84,77.86,0.273,665.62,374.23,373.21,27.47,20.64,19.0,21.69,8.6,-12.38,2026-02-08
2026-02-08T04:26:08.957,NEULANDLAB,43.15,69.62,597.05,-50.02,75.49,10.83,21.67,75.67,-10.84,514.27,292.75,328.36,18.58,20.9,20.6,21.69,1.43,-5.01,2026-02-08
2026-02-08T04:26:08.957,OFSS,25.91,25.86,11.52,-14.94,70.08,62.84,73.88,9.9,-3.42,1965.9,1788.8,1852.2,38.11,8.36,8.65,8.55,-3.35,1.13,2026-02-08
2026-02-08T04:26:08.957,BHARATRAS,6.81,5.7,-29.7,57.82,67.1,95.45,60.48,-24.23,23.12,285.96,377.4,306.53,16.61,0.431,0.466,0.557,-7.49,-16.29,2026-02-08
2026-02-08T04:26:08.957,ALKEM,22.21,28.79,15.17,117.29,63.99,55.56,25.57,18.68,7.23,4000.99,3371.14,3143.75,20.03,9.97,9.48,9.11,5.24,4.03,2026-02-08
2026-02-08T04:26:08.957,HEROMOTOCO,22.7,21.14,-3.13,-23.28,63.36,65.41,85.26,2.2,25.6,12486.82,12218.39,9727.75,30.47,29.42,28.75,27.04,2.35,6.34,2026-02-08
2026-02-08T04:26:08.957,MUTHOOTFIN,15.36,20.28,20.05,36.43,60.29,50.22,36.81,12.91,14.74,7282.79,6450.13,5621.75,13.27,11.75,11.58,10.84,1.5,6.78,2026-02-08
2026-02-08T04:26:08.957,ULTRACEMCO,54.22,48.82,40.1,-44.67,58.66,41.87,75.67,11.34,-7.84,21829.68,19606.93,21275.45,10.89,14.44,15.33,15.23,-5.82,0.653,2026-02-08
2026-02-08T04:26:08.957,POWERINDIA,93.23,114.72,-1.11,100.85,58.65,59.31,29.53,14.83,23.15,2021.31,1760.23,1429.35,19.38,10.69,9.66,7.2,10.65,34.22,2026-02-08
2026-02-08T04:26:08.957,ZFCVINDIA,65.19,58.47,-11.53,-3.43,57.08,64.52,66.81,-6.39,-3.59,913.24,975.56,1011.88,19.95,5.79,5.73,5.57,1.14,2.84,2026-02-08
2026-02-08T04:26:08.957,IRIS,1.1,4.16,51590.91,-92.09,56.86,0.11,1.39,13.38,-27.28,28.56,25.19,34.64,27.63,1.73,0.502,1.42,245.67,-64.53,2026-02-08
2026-02-08T04:26:08.957,DIXON,54.19,38.25,-57.07,165.98,53.06,123.6,46.47,-28.16,15.73,10671.59,14855.04,12835.66,41.96,18.68,20.69,20.55,-9.72,0.694,2026-02-08
2026-02-08T04:26:08.957,GILLETTE,41.17,45.78,20.08,-1.41,52.93,44.08,44.71,-2.57,14.73,790.0,810.81,706.72,67.97,4.78,5.01,4.83,-4.66,3.83,2026-02-08
2026-02-08T04:26:08.957,APARINDS,45.62,39.16,-17.0,-4.26,52.01,62.66,65.45,-4.09,11.99,5461.04,5693.8,5084.2,32.64,9.35,9.25,9.07,1.15,1.97,2026-02-08
2026-02-08T04:26:08.957,ESABINDIA,27.66,42.13,93.46,-13.69,51.46,26.6,30.82,8.39,-4.27,381.55,352.02,367.72,68.79,1.51,1.53,1.56,-1.35,-1.84,2026-02-08
2026-02-08T04:26:08.957,EICHERMOT,35.94,38.53,13.61,-11.55,49.93,43.95,49.69,22.76,-3.98,6071.19,4945.62,5150.38,28.66,27.01,26.98,25.83,0.115,4.48,2026-02-08
2026-02-08T04:26:08.957,VINDHYATEL,6.24,5.53,0.849,-46.67,49.89,49.47,92.77,5.76,-26.29,959.83,907.52,1231.22,8.01,1.49,1.46,1.5,1.84,-2.5,2026-02-08
2026-02-08T04:26:08.957,SUNDARMFIN,27.68,29.13,10.91,2.71,49.12,44.29,43.12,5.38,1.56,2513.95,2385.64,2348.93,9.69,19.13,19.06,18.81,0.372,1.33,2026-02-08
2026-02-08T04:26:08.957,ADANIENT,11.9,19.67,70.85,354.82,46.78,27.38,6.02,16.81,-3.25,24819.59,21248.51,21961.2,9.01,11.65,11.72,11.54,-0.616,1.51,2026-02-08
2026-02-08T04:26:08.957,VADILALIND,24.63,24.51,-50.1,204.44,46.5,93.19,30.61,-32.54,84.32,341.3,505.91,274.47,27.6,0.569,0.574,0.764,-1.01,-24.83,2026-02-08
2026-02-08T04:26:08.957,CRAFTSMAN,42.28,50.6,13.86,10.27,46.32,40.68,36.89,2.78,12.2,2057.28,2001.59,1784.0,11.26,16.02,15.44,15.83,3.74,-2.43,2026-02-08
2026-02-08T04:26:08.957,JINDALPHOT,7.49,9.25,-9.48,79.32,46.23,51.07,28.48,1925.93,1.89,10.94,0.54,0.53,13.8,0.0,0.004,0.019,-100.0,-79.49,2026-02-08
2026-02-08T04:26:08.957,POLYCAB,46.15,43.69,-9.31,15.7,41.3,45.54,39.36,17.89,9.67,7636.13,6477.21,5905.98,30.77,14.82,13.97,11.44,6.13,22.05,2026-02-08
2026-02-08T04:26:08.957,ECLERX,25.64,29.41,4.64,29.31,40.81,39.0,30.16,6.52,7.52,1070.33,1004.85,934.56,28.33,11.43,10.95,10.16,4.45,7.75,2026-02-08
2026-02-08T04:26:08.957,ICRA,36.71,30.84,-18.8,12.63,40.34,49.68,44.11,19.78,9.71,163.59,136.58,124.49,22.37,7.25,8.66,8.78,-16.34,-1.32,2026-02-08
2026-02-08T04:26:08.957,SEAMECLTD,8.24,17.2,462.44,-136.28,39.18,-10.81,29.8,225.45,-53.81,317.05,97.42,210.92,8.49,3.35,3.61,3.25,-7.23,11.34,2026-02-08
2026-02-08T04:26:08.957,CEATLTD,25.42,28.65,-16.07,65.4,38.59,45.98,27.8,10.19,6.89,4157.05,3772.65,3529.41,14.68,16.92,16.21,17.38,4.4,-6.76,2026-02-08
2026-02-08T04:26:08.957,LUMAXIND,32.17,30.72,-1.5,-17.71,38.13,38.71,47.04,9.33,-0.092,1008.6,922.52,923.37,16.02,1.38,1.14,1.18,21.62,-3.55,2026-02-08
2026-02-08T04:26:08.957,UNICHEMLAB,2.64,9.46,2321.3,-13.42,37.54,-1.69,-1.49,-9.98,9.94,521.17,578.96,526.6,6.19,0.992,0.996,0.981,-0.371,1.56,2026-02-08
2026-02-08T04:26:08.957,WAAREEENER,20.89,27.13,25.98,13.07,36.95,29.33,25.94,24.72,37.05,7565.05,6065.64,4425.83,30.54,6.91,6.35,2.68,8.77,136.92,2026-02-08
2026-02-08T04:26:08.957,MASTEK,14.41,16.46,11.09,5.82,34.97,31.48,29.75,-3.69,2.81,905.68,940.37,914.7,17.16,10.26,11.24,11.04,-8.66,1.77,2026-02-08
2026-02-08T04:26:08.957,SWARAJENG,25.59,23.03,-15.24,-0.608,34.66,40.89,41.14,-6.12,4.12,473.2,504.04,484.1,55.47,3.15,3.93,3.72,-19.83,5.59,2026-02-08
2026-02-08T04:26:08.957,BBTC,12.83,10.98,0.406,-22.02,34.64,34.5,44.24,4.95,3.65,4852.85,4623.77,4461.14,45.22,9.42,9.3,9.33,1.3,-0.358,2026-02-08
2026-02-08T04:26:08.957,TIIL,17.19,20.04,-3.48,20.39,33.8,35.02,29.09,18.83,-9.89,752.0,632.85,702.28,15.95,0.434,0.508,0.485,-14.57,4.77,2026-02-08
2026-02-08T04:26:08.957,THANGAMAYL,25.22,43.92,79.12,27.94,33.71,18.82,14.71,40.87,9.6,2401.21,1704.6,1555.32,13.74,4.7,4.49,4.41,4.72,1.62,2026-02-08
2026-02-08T04:26:08.957,APOLLOHOSP,53.88,61.51,10.27,11.07,33.19,30.1,27.1,7.9,4.47,6303.5,5842.1,5592.2,17.49,43.54,44.2,43.49,-1.5,1.64,2026-02-08
2026-02-08T04:26:08.957,M&M,27.19,28.06,-10.06,23.92,32.9,36.58,29.52,0.989,6.69,45885.4,45435.88,42585.67,14.11,36.88,37.43,37.92,-1.46,-1.29,2026-02-08
2026-02-08T04:26:08.957,KINGFA,32.42,33.61,-5.03,21.02,32.86,34.6,28.59,-1.62,6.63,461.93,469.55,440.37,30.5,7.73,7.78,6.34,-0.57,22.68,2026-02-08
2026-02-08T04:26:08.957,LTIM,42.45,34.66,-30.73,11.69,32.75,47.28,42.33,3.72,5.63,10781.0,10394.3,9840.6,27.57,6.51,6.4,6.62,1.72,-3.42,2026-02-08
2026-02-08T04:26:08.957,LUPIN,16.79,22.94,21.2,57.71,32.36,26.7,16.93,10.83,10.81,6831.43,6163.75,5562.2,20.88,21.49,20.49,21.25,4.88,-3.57,2026-02-08
2026-02-08T04:26:08.957,DPABHUSHAN,9.46,14.9,42.71,40.45,32.21,22.57,16.07,26.32,79.07,1222.38,967.65,540.37,33.54,0.22,0.223,0.217,-1.43,2.67,2026-02-08
2026-02-08T04:26:08.957,POWERMECH,16.64,18.92,90.37,-55.2,31.62,16.61,37.08,-4.29,-30.21,1237.87,1293.41,1853.28,20.75,6.55,7.01,0.233,-6.51,2903.9,2026-02-08
2026-02-08T04:26:08.957,INDIAMART,17.84,22.19,127.81,-46.19,31.37,13.77,25.59,2.71,5.08,401.6,391.0,372.1,27.3,18.27,21.53,19.22,-15.14,12.06,2026-02-08
2026-02-08T04:26:08.957,TCS,24.97,22.31,-11.75,-5.39,29.45,33.37,35.27,1.96,3.72,67087.0,65799.0,63437.0,64.41,10.37,10.33,11.47,0.421,-9.96,2026-02-08
2026-02-08T04:26:08.957,LGBBROSLTD,15.91,18.63,39.81,-20.3,29.36,21.0,26.35,19.78,-1.81,787.02,657.05,669.17,20.93,7.0,5.85,5.97,19.61,-1.87,2026-02-08
2026-02-08T04:26:08.957,CHOLAHLDNG,14.09,13.91,-4.97,-5.72,29.28,30.81,32.68,1.78,4.3,9461.41,9296.32,8913.37,11.41,16.47,17.39,18.32,-5.3,-5.09,2026-02-08
2026-02-08T04:26:08.957,V2RETAIL,17.05,46.14,489.29,-30.57,29.17,4.95,7.13,31.12,12.09,929.18,708.64,632.22,10.23,2.1,1.9,1.31,10.75,45.49,2026-02-08
2026-02-08T04:26:08.957,CIGNITITEC,12.96,13.79,-2.8,25.27,29.15,29.99,23.94,2.13,6.2,579.4,567.3,534.2,33.39,11.6,11.88,11.33,-2.38,4.86,2026-02-08
2026-02-08T04:26:08.957,ESCORTS,32.54,17.58,-77.23,338.57,28.92,127.01,28.96,11.66,2.26,2791.56,2500.05,2444.88,14.73,5.25,5.27,5.22,-0.504,1.01,2026-02-08
2026-02-08T04:26:08.957,VSTTILLERS,50.2,52.85,-43.51,80.97,28.9,51.16,28.27,11.58,-6.3,315.15,282.45,301.43,12.1,1.61,1.76,1.41,-8.44,25.12,2026-02-08
2026-02-08T04:26:08.957,BLUEDART,50.76,54.68,-16.06,66.67,28.79,34.3,20.58,4.31,7.45,1616.16,1549.33,1441.92,17.14,4.13,5.04,5.53,-18.02,-8.75,2026-02-08
2026-02-08T04:26:08.957,LTTS,33.75,32.46,-7.93,4.06,28.56,31.02,29.81,-1.88,3.96,2923.5,2979.5,2866.0,28.32,4.23,4.67,4.84,-9.53,-3.49,2026-02-08
2026-02-08T04:26:08.957,PERSISTENT,51.97,52.47,-7.13,10.5,28.15,30.31,27.43,5.52,7.41,3778.21,3580.72,3333.59,31.1,22.8,21.23,24.19,7.35,-12.2,2026-02-08
2026-02-08T04:26:08.957,SHRIPISTON,26.56,24.06,-12.06,4.65,27.93,31.76,30.35,0.659,5.52,1023.2,1016.5,963.3,26.57,6.62,6.0,5.88,10.48,2.04,2026-02-08
2026-02-08T04:26:08.957,BRITANNIA,54.39,61.45,25.67,-7.01,27.17,21.62,23.25,4.79,3.64,4752.17,4534.86,4375.57,51.91,14.88,15.02,15.58,-0.923,-3.61,2026-02-08
2026-02-08T04:26:08.957,STYLAMIND,20.31,26.45,22.51,33.8,27.16,22.17,16.57,-7.33,3.33,270.96,292.4,282.98,27.03,2.04,2.77,2.79,-26.14,-0.906,2026-02-08
2026-02-08T04:26:08.957,CRISIL,45.01,46.41,12.57,7.32,26.41,23.46,21.86,8.09,3.67,911.24,843.02,813.18,35.63,7.67,7.82,8.07,-1.84,-3.18,2026-02-08
2026-02-08T04:26:08.957,DIVISLAB,57.99,64.37,26.74,-17.81,25.97,20.49,24.93,12.66,-6.77,2715.0,2410.0,2585.0,20.42,20.08,19.39,19.74,3.54,-1.75,2026-02-08
2026-02-08T04:26:08.957,FOSECOIND,46.2,38.44,-23.46,-0.619,25.81,33.72,33.93,-4.15,5.89,150.72,157.25,148.51,31.16,0.098,0.116,0.152,-15.41,-24.26,2026-02-08
2026-02-08T04:26:08.957,VEEDOL,14.4,12.95,6.39,-17.58,25.63,24.09,29.23,5.6,-0.855,537.73,509.23,513.62,21.99,1.17,1.37,1.14,-14.67,20.02,2026-02-08
2026-02-08T04:26:08.957,LICHSGFIN,5.1,5.2,3.63,-1.09,25.42,24.53,24.8,0.413,-0.978,7208.92,7179.25,7250.16,8.93,20.36,20.17,20.26,0.922,-0.427,2026-02-08
2026-02-08T04:26:08.957,NGLFINE,21.56,38.55,63.03,4.14,25.4,15.58,14.96,6.03,15.42,127.51,120.26,104.19,9.33,0.0,0.0,0.0,-100.0,33.33,2026-02-08
2026-02-08T04:26:08.957,BBL,28.39,21.81,1.3,-44.6,24.98,24.66,44.51,1.84,-24.91,473.44,464.9,619.1,9.6,3.57,3.67,3.63,-2.78,1.03,2026-02-08
2026-02-08T04:26:08.957,HAL,40.74,32.12,20.64,-65.2,24.96,20.69,59.46,37.55,-64.82,6628.61,4819.01,13699.85,20.93,11.9,12.08,12.26,-1.45,-1.48,2026-02-08
2026-02-08T04:26:08.957,TEAMLEASE,14.29,18.24,51.61,3.66,24.88,16.41,15.83,-0.631,4.87,3012.95,3032.07,2891.4,11.82,6.35,6.68,7.69,-4.89,-13.14,2026-02-08
2026-02-08T04:26:08.957,KOTAKBANK,4.27,4.47,10.15,-0.089,24.75,22.47,22.49,1.79,-0.287,17506.8,17198.74,17248.31,0.0,29.36,29.75,30.69,-1.33,-3.05,2026-02-08
2026-02-08T04:26:08.957,KEI,45.41,49.55,15.35,3.95,24.57,21.3,20.49,8.38,5.25,2954.7,2726.35,2590.32,21.16,25.48,25.83,26.59,-1.32,-2.87,2026-02-08
2026-02-08T04:26:08.957,IMFA,13.56,19.33,34.64,5.67,24.33,18.07,17.1,-2.2,12.02,702.83,718.65,641.54,21.18,3.35,3.69,3.4,-9.24,8.5,2026-02-08
2026-02-07T23:25:51.073,MRF,22.45,27.85,31.62,5.03,1631.23,1239.38,1180.04,9.1,-3.87,8050.43,7378.72,7675.69,13.27,18.17,18.27,18.67,-0.522,-2.13,2026-02-07
2026-02-07T23:25:51.073,FORCEMOT,17.35,20.61,15.81,98.88,308.22,266.14,133.82,2.27,-9.4,2128.56,2081.4,2297.25,29.59,10.46,10.27,9.77,1.82,5.16,2026-02-07
2026-02-07T23:25:51.073,TVSHLTD,15.44,19.59,11.36,31.98,243.75,218.89,165.85,4.57,14.34,14583.15,13945.52,12196.81,17.65,3.12,3.0,2.84,4.06,5.58,2026-02-07
2026-02-07T23:25:51.073,ABBOTINDIA,35.01,38.54,13.5,-0.318,195.42,172.17,172.72,1.08,8.34,1757.15,1738.35,1604.59,44.95,0.182,0.156,0.163,16.89,-4.36,2026-02-07
2026-02-07T23:25:51.073,BOSCHLTD,48.32,39.95,-50.32,101.65,188.01,378.41,187.66,0.13,-2.48,4794.8,4788.6,4910.6,20.48,7.34,7.13,6.18,2.91,15.43,2026-02-07
2026-02-07T23:25:51.073,BAJAJHLDNG,15.18,13.93,29.34,-55.28,181.2,140.1,313.3,-27.56,22.24,287.51,396.87,324.66,11.53,10.26,10.33,10.31,-0.695,0.22,2026-02-07
2026-02-07T23:25:51.073,3MINDIA,55.78,79.83,148.98,-37.27,157.73,63.35,100.99,-0.189,9.93,1195.97,1198.23,1089.95,37.56,3.5,3.43,3.84,2.06,-10.65,2026-02-07
2026-02-07T23:25:51.073,HONAUT,59.12,54.75,-4.13,-10.94,135.13,140.95,158.26,-2.85,6.16,1149.4,1183.1,1114.5,18.29,3.46,3.01,2.77,15.07,8.69,2026-02-07
2026-02-07T23:25:51.073,MARUTI,30.39,31.58,15.83,-11.69,123.38,106.52,120.62,18.43,9.6,47537.2,40138.7,36624.1,20.98,15.76,15.78,15.2,-0.124,3.79,2026-02-07
2026-02-07T23:25:51.073,BAJAJ-AUTO,24.16,29.9,29.61,-4.04,98.5,76.0,79.2,0.817,20.61,15378.24,15253.64,12646.59,28.09,8.84,9.65,10.3,-8.46,-6.27,2026-02-07
2026-02-07T23:25:51.073,VOLTAMP,20.35,22.77,25.66,-0.877,97.94,77.94,78.63,30.62,13.92,630.32,482.56,423.58,29.44,21.78,22.85,23.23,-4.71,-1.6,2026-02-07
2026-02-07T23:25:51.073,PGHH,32.02,44.93,43.65,9.26,92.87,64.65,59.17,9.67,22.85,1259.91,1148.85,935.16,134.56,1.07,1.11,1.38,-4.27,-19.5,2026-02-07
2026-02-07T23:25:51.073,MCX,7.57,12.95,103.13,-2.81,78.65,38.72,39.84,77.86,0.273,665.62,374.23,373.21,27.47,20.64,19.0,21.69,8.6,-12.38,2026-02-07
2026-02-07T23:25:51.073,NEULANDLAB,43.15,69.62,597.05,-50.02,75.49,10.83,21.67,75.67,-10.84,514.27,292.75,328.36,18.58,20.9,20.6,21.69,1.43,-5.01,2026-02-07
2026-02-07T23:25:51.073,OFSS,25.91,25.86,11.52,-14.94,70.08,62.84,73.88,9.9,-3.42,1965.9,1788.8,1852.2,38.11,8.36,8.65,8.55,-3.35,1.13,2026-02-07
2026-02-07T23:25:51.073,BHARATRAS,6.81,5.7,-29.7,57.82,67.1,95.45,60.48,-24.23,23.12,285.96,377.4,306.53,16.61,0.431,0.466,0.557,-7.49,-16.29,2026-02-07
2026-02-07T23:25:51.073,ALKEM,22.21,28.79,15.17,117.29,63.99,55.56,25.57,18.68,7.23,4000.99,3371.14,3143.75,20.03,9.97,9.48,9.11,5.24,4.03,2026-02-07
2026-02-07T23:25:51.073,HEROMOTOCO,22.7,21.14,-3.13,-23.28,63.36,65.41,85.26,2.2,25.6,12486.82,12218.39,9727.75,30.47,29.42,28.75,27.04,2.35,6.34,2026-02-07
2026-02-07T23:25:51.073,MUTHOOTFIN,15.36,20.28,20.05,36.43,60.29,50.22,36.81,12.91,14.74,7282.79,6450.13,5621.75,13.27,11.75,11.58,10.84,1.5,6.78,2026-02-07
2026-02-07T23:25:51.073,ULTRACEMCO,54.22,48.82,40.1,-44.67,58.66,41.87,75.67,11.34,-7.84,21829.68,19606.93,21275.45,10.89,14.44,15.33,15.23,-5.82,0.653,2026-02-07
2026-02-07T23:25:51.073,POWERINDIA,93.23,114.72,-1.11,100.85,58.65,59.31,29.53,14.83,23.15,2021.31,1760.23,1429.35,19.38,10.69,9.66,7.2,10.65,34.22,2026-02-07
2026-02-07T23:25:51.073,ZFCVINDIA,65.19,58.47,-11.53,-3.43,57.08,64.52,66.81,-6.39,-3.59,913.24,975.56,1011.88,19.95,5.79,5.73,5.57,1.14,2.84,2026-02-07
2026-02-07T23:25:51.073,IRIS,1.1,4.16,51590.91,-92.09,56.86,0.11,1.39,13.38,-27.28,28.56,25.19,34.64,27.63,1.73,0.502,1.42,245.67,-64.53,2026-02-07
2026-02-07T23:25:51.073,DIXON,54.19,38.25,-57.07,165.98,53.06,123.6,46.47,-28.16,15.73,10671.59,14855.04,12835.66,41.96,18.68,20.69,20.55,-9.72,0.694,2026-02-07
2026-02-07T23:25:51.073,GILLETTE,41.17,45.78,20.08,-1.41,52.93,44.08,44.71,-2.57,14.73,790.0,810.81,706.72,67.97,4.78,5.01,4.83,-4.66,3.83,2026-02-07
2026-02-07T23:25:51.073,APARINDS,45.62,39.16,-17.0,-4.26,52.01,62.66,65.45,-4.09,11.99,5461.04,5693.8,5084.2,32.64,9.35,9.25,9.07,1.15,1.97,2026-02-07
2026-02-07T23:25:51.073,ESABINDIA,27.66,42.13,93.46,-13.69,51.46,26.6,30.82,8.39,-4.27,381.55,352.02,367.72,68.79,1.51,1.53,1.56,-1.35,-1.84,2026-02-07
2026-02-07T23:25:51.073,EICHERMOT,35.94,38.53,13.61,-11.55,49.93,43.95,49.69,22.76,-3.98,6071.19,4945.62,5150.38,28.66,27.01,26.98,25.83,0.115,4.48,2026-02-07
2026-02-07T23:25:51.073,VINDHYATEL,6.24,5.53,0.849,-46.67,49.89,49.47,92.77,5.76,-26.29,959.83,907.52,1231.22,8.01,1.49,1.46,1.5,1.84,-2.5,2026-02-07
2026-02-07T23:25:51.073,SUNDARMFIN,27.68,29.13,10.91,2.71,49.12,44.29,43.12,5.38,1.56,2513.95,2385.64,2348.93,9.69,19.13,19.06,18.81,0.372,1.33,2026-02-07
2026-02-07T23:25:51.073,ADANIENT,11.9,19.67,70.85,354.82,46.78,27.38,6.02,16.81,-3.25,24819.59,21248.51,21961.2,9.01,11.65,11.72,11.54,-0.616,1.51,2026-02-07
2026-02-07T23:25:51.073,VADILALIND,24.63,24.51,-50.1,204.44,46.5,93.19,30.61,-32.54,84.32,341.3,505.91,274.47,27.6,0.569,0.574,0.764,-1.01,-24.83,2026-02-07
2026-02-07T23:25:51.073,CRAFTSMAN,42.28,50.6,13.86,10.27,46.32,40.68,36.89,2.78,12.2,2057.28,2001.59,1784.0,11.26,16.02,15.44,15.83,3.74,-2.43,2026-02-07
2026-02-07T23:25:51.073,JINDALPHOT,7.49,9.25,-9.48,79.32,46.23,51.07,28.48,1925.93,1.89,10.94,0.54,0.53,13.8,0.0,0.004,0.019,-100.0,-79.49,2026-02-07
2026-02-07T23:25:51.073,POLYCAB,46.15,43.69,-9.31,15.7,41.3,45.54,39.36,17.89,9.67,7636.13,6477.21,5905.98,30.77,14.82,13.97,11.44,6.13,22.05,2026-02-07
2026-02-07T23:25:51.073,ECLERX,25.64,29.41,4.64,29.31,40.81,39.0,30.16,6.52,7.52,1070.33,1004.85,934.56,28.33,11.43,10.95,10.16,4.45,7.75,2026-02-07
2026-02-07T23:25:51.073,ICRA,36.71,30.84,-18.8,12.63,40.34,49.68,44.11,19.78,9.71,163.59,136.58,124.49,22.37,7.25,8.66,8.78,-16.34,-1.32,2026-02-07
2026-02-07T23:25:51.073,SEAMECLTD,8.24,17.2,462.44,-136.28,39.18,-10.81,29.8,225.45,-53.81,317.05,97.42,210.92,8.49,3.35,3.61,3.25,-7.23,11.34,2026-02-07
2026-02-07T23:25:51.073,CEATLTD,25.42,28.65,-16.07,65.4,38.59,45.98,27.8,10.19,6.89,4157.05,3772.65,3529.41,14.68,16.92,16.21,17.38,4.4,-6.76,2026-02-07
2026-02-07T23:25:51.073,LUMAXIND,32.17,30.72,-1.5,-17.71,38.13,38.71,47.04,9.33,-0.092,1008.6,922.52,923.37,16.02,1.38,1.14,1.18,21.62,-3.55,2026-02-07
2026-02-07T23:25:51.073,UNICHEMLAB,2.64,9.46,2321.3,-13.42,37.54,-1.69,-1.49,-9.98,9.94,521.17,578.96,526.6,6.19,0.992,0.996,0.981,-0.371,1.56,2026-02-07
2026-02-07T23:25:51.073,WAAREEENER,20.89,27.13,25.98,13.07,36.95,29.33,25.94,24.72,37.05,7565.05,6065.64,4425.83,30.54,6.91,6.35,2.68,8.77,136.92,2026-02-07
2026-02-07T23:25:51.073,MASTEK,14.41,16.46,11.09,5.82,34.97,31.48,29.75,-3.69,2.81,905.68,940.37,914.7,17.16,10.26,11.24,11.04,-8.66,1.77,2026-02-07
2026-02-07T23:25:51.073,SWARAJENG,25.59,23.03,-15.24,-0.608,34.66,40.89,41.14,-6.12,4.12,473.2,504.04,484.1,55.47,3.15,3.93,3.72,-19.83,5.59,2026-02-07
2026-02-07T23:25:51.073,BBTC,12.83,10.98,0.406,-22.02,34.64,34.5,44.24,4.95,3.65,4852.85,4623.77,4461.14,45.22,9.42,9.3,9.33,1.3,-0.358,2026-02-07
2026-02-07T23:25:51.073,TIIL,17.19,20.04,-3.48,20.39,33.8,35.02,29.09,18.83,-9.89,752.0,632.85,702.28,15.95,0.434,0.508,0.485,-14.57,4.77,2026-02-07
2026-02-07T23:25:51.073,THANGAMAYL,25.22,43.92,79.12,27.94,33.71,18.82,14.71,40.87,9.6,2401.21,1704.6,1555.32,13.74,4.7,4.49,4.41,4.72,1.62,2026-02-07
2026-02-07T23:25:51.073,APOLLOHOSP,53.88,61.51,10.27,11.07,33.19,30.1,27.1,7.9,4.47,6303.5,5842.1,5592.2,17.49,43.54,44.2,43.49,-1.5,1.64,2026-02-07
2026-02-07T23:25:51.073,M&M,27.19,28.06,-10.06,23.92,32.9,36.58,29.52,0.989,6.69,45885.4,45435.88,42585.67,14.11,36.88,37.43,37.92,-1.46,-1.29,2026-02-07
2026-02-07T23:25:51.073,KINGFA,32.42,33.61,-5.03,21.02,32.86,34.6,28.59,-1.62,6.63,461.93,469.55,440.37,30.5,7.73,7.78,6.34,-0.57,22.68,2026-02-07
2026-02-07T23:25:51.073,LTIM,42.45,34.66,-30.73,11.69,32.75,47.28,42.33,3.72,5.63,10781.0,10394.3,9840.6,27.57,6.51,6.4,6.62,1.72,-3.42,2026-02-07
2026-02-07T23:25:51.073,LUPIN,16.79,22.94,21.2,57.71,32.36,26.7,16.93,10.83,10.81,6831.43,6163.75,5562.2,20.88,21.49,20.49,21.25,4.88,-3.57,2026-02-07
2026-02-07T23:25:51.073,DPABHUSHAN,9.46,14.9,42.71,40.45,32.21,22.57,16.07,26.32,79.07,1222.38,967.65,540.37,33.54,0.22,0.223,0.217,-1.43,2.67,2026-02-07
2026-02-07T23:25:51.073,POWERMECH,16.64,18.92,90.37,-55.2,31.62,16.61,37.08,-4.29,-30.21,1237.87,1293.41,1853.28,20.75,6.55,7.01,0.233,-6.51,2903.9,2026-02-07
2026-02-07T23:25:51.073,INDIAMART,17.84,22.19,127.81,-46.19,31.37,13.77,25.59,2.71,5.08,401.6,391.0,372.1,27.3,18.27,21.53,19.22,-15.14,12.06,2026-02-07
2026-02-07T23:25:51.073,TCS,24.97,22.31,-11.75,-5.39,29.45,33.37,35.27,1.96,3.72,67087.0,65799.0,63437.0,64.41,10.37,10.33,11.47,0.421,-9.96,2026-02-07
2026-02-07T23:25:51.073,LGBBROSLTD,15.91,18.63,39.81,-20.3,29.36,21.0,26.35,19.78,-1.81,787.02,657.05,669.17,20.93,7.0,5.85,5.97,19.61,-1.87,2026-02-07
2026-02-07T23:25:51.073,CHOLAHLDNG,14.09,13.91,-4.97,-5.72,29.28,30.81,32.68,1.78,4.3,9461.41,9296.32,8913.37,11.41,16.47,17.39,18.32,-5.3,-5.09,2026-02-07
2026-02-07T23:25:51.073,V2RETAIL,17.05,46.14,489.29,-30.57,29.17,4.95,7.13,31.12,12.09,929.18,708.64,632.22,10.23,2.1,1.9,1.31,10.75,45.49,2026-02-07
2026-02-07T23:25:51.073,CIGNITITEC,12.96,13.79,-2.8,25.27,29.15,29.99,23.94,2.13,6.2,579.4,567.3,534.2,33.39,11.6,11.88,11.33,-2.38,4.86,2026-02-07
2026-02-07T23:25:51.073,ESCORTS,32.54,17.58,-77.23,338.57,28.92,127.01,28.96,11.66,2.26,2791.56,2500.05,2444.88,14.73,5.25,5.27,5.22,-0.504,1.01,2026-02-07
2026-02-07T23:25:51.073,VSTTILLERS,50.2,52.85,-43.51,80.97,28.9,51.16,28.27,11.58,-6.3,315.15,282.45,301.43,12.1,1.61,1.76,1.41,-8.44,25.12,2026-02-07
2026-02-07T23:25:51.073,BLUEDART,50.76,54.68,-16.06,66.67,28.79,34.3,20.58,4.31,7.45,1616.16,1549.33,1441.92,17.14,4.13,5.04,5.53,-18.02,-8.75,2026-02-07
2026-02-07T23:25:51.073,LTTS,33.75,32.46,-7.93,4.06,28.56,31.02,29.81,-1.88,3.96,2923.5,2979.5,2866.0,28.32,4.23,4.67,4.84,-9.53,-3.49,2026-02-07
2026-02-07T23:25:51.073,PERSISTENT,51.97,52.47,-7.13,10.5,28.15,30.31,27.43,5.52,7.41,3778.21,3580.72,3333.59,31.1,22.8,21.23,24.19,7.35,-12.2,2026-02-07
2026-02-07T23:25:51.073,SHRIPISTON,26.56,24.06,-12.06,4.65,27.93,31.76,30.35,0.659,5.52,1023.2,1016.5,963.3,26.57,6.62,6.0,5.88,10.48,2.04,2026-02-07
2026-02-07T23:25:51.073,BRITANNIA,54.39,61.45,25.67,-7.01,27.17,21.62,23.25,4.79,3.64,4752.17,4534.86,4375.57,51.91,14.88,15.02,15.58,-0.923,-3.61,2026-02-07
2026-02-07T23:25:51.073,STYLAMIND,20.31,26.45,22.51,33.8,27.16,22.17,16.57,-7.33,3.33,270.96,292.4,282.98,27.03,2.04,2.77,2.79,-26.14,-0.906,2026-02-07
2026-02-07T23:25:51.073,CRISIL,45.01,46.41,12.57,7.32,26.41,23.46,21.86,8.09,3.67,911.24,843.02,813.18,35.63,7.67,7.82,8.07,-1.84,-3.18,2026-02-07
2026-02-07T23:25:51.073,DIVISLAB,57.99,64.37,26.74,-17.81,25.97,20.49,24.93,12.66,-6.77,2715.0,2410.0,2585.0,20.42,20.08,19.39,19.74,3.54,-1.75,2026-02-07
2026-02-07T23:25:51.073,FOSECOIND,46.2,38.44,-23.46,-0.619,25.81,33.72,33.93,-4.15,5.89,150.72,157.25,148.51,31.16,0.098,0.116,0.152,-15.41,-24.26,2026-02-07
2026-02-07T23:25:51.073,VEEDOL,14.4,12.95,6.39,-17.58,25.63,24.09,29.23,5.6,-0.855,537.73,509.23,513.62,21.99,1.17,1.37,1.14,-14.67,20.02,2026-02-07
2026-02-07T23:25:51.073,LICHSGFIN,5.1,5.2,3.63,-1.09,25.42,24.53,24.8,0.413,-0.978,7208.92,7179.25,7250.16,8.93,20.36,20.17,20.26,0.922,-0.427,2026-02-07
2026-02-07T23:25:51.073,NGLFINE,21.56,38.55,63.03,4.14,25.4,15.58,14.96,6.03,15.42,127.51,120.26,104.19,9.33,0.0,0.0,0.0,-100.0,33.33,2026-02-07
2026-02-07T23:25:51.073,BBL,28.39,21.81,1.3,-44.6,24.98,24.66,44.51,1.84,-24.91,473.44,464.9,619.1,9.6,3.57,3.67,3.63,-2.78,1.03,2026-02-07
2026-02-07T23:25:51.073,HAL,40.74,32.12,20.64,-65.2,24.96,20.69,59.46,37.55,-64.82,6628.61,4819.01,13699.85,20.93,11.9,12.08,12.26,-1.45,-1.48,2026-02-07
2026-02-07T23:25:51.073,TEAMLEASE,14.29,18.24,51.61,3.66,24.88,16.41,15.83,-0.631,4.87,3012.95,3032.07,2891.4,11.82,6.35,6.68,7.69,-4.89,-13.14,2026-02-07
2026-02-07T23:25:51.073,KOTAKBANK,4.27,4.47,10.15,-0.089,24.75,22.47,22.49,1.79,-0.287,17506.8,17198.74,17248.31,0.0,29.36,29.75,30.69,-1.33,-3.05,2026-02-07
2026-02-07T23:25:51.073,KEI,45.41,49.55,15.35,3.95,24.57,21.3,20.49,8.38,5.25,2954.7,2726.35,2590.32,21.16,25.48,25.83,26.59,-1.32,-2.87,2026-02-07
2026-02-07T23:25:51.073,IMFA,13.56,19.33,34.64,5.67,24.33,18.07,17.1,-2.2,12.02,702.83,718.65,641.54,21.18,3.35,3.69,3.4,-9.24,8.5,2026-02-07
2026-02-06T23:59:36.642,MRF,29.54,30.88,5.03,-2.27,1239.38,1180.04,1207.48,-3.87,8.49,7378.72,7675.69,7074.82,13.27,18.17,18.27,18.67,-0.522,-2.13,2026-02-06
2026-02-06T23:59:36.642,FORCEMOT,17.35,20.32,15.81,98.88,308.22,266.14,133.82,2.27,-9.4,2128.56,2081.4,2297.25,29.59,10.46,10.27,9.77,1.82,5.16,2026-02-06
2026-02-06T23:59:36.642,TVSHLTD,15.44,19.81,11.36,31.98,243.75,218.89,165.85,4.57,14.34,14583.15,13945.52,12196.81,17.65,3.12,3.0,2.84,4.06,5.58,2026-02-06
2026-02-06T23:59:36.642,ABBOTINDIA,35.01,38.33,13.5,-0.318,195.42,172.17,172.72,1.08,8.34,1757.15,1738.35,1604.59,44.95,0.182,0.156,0.163,16.89,-4.36,2026-02-06
2026-02-06T23:59:36.642,BOSCHLTD,48.32,39.88,-50.32,101.65,188.01,378.41,187.66,0.13,-2.48,4794.8,4788.6,4910.6,20.48,7.34,7.13,6.18,2.91,15.43,2026-02-06
2026-02-06T23:59:36.642,BAJAJHLDNG,15.18,13.79,29.34,-55.28,181.2,140.1,313.3,-27.56,22.24,287.51,396.87,324.66,11.53,10.26,10.33,10.31,-0.695,0.22,2026-02-06
2026-02-06T23:59:36.642,3MINDIA,55.78,80.42,148.98,-37.27,157.73,63.35,100.99,-0.189,9.93,1195.97,1198.23,1089.95,37.56,3.5,3.43,3.84,2.06,-10.65,2026-02-06
2026-02-06T23:59:36.642,HONAUT,59.12,55.68,-4.13,-10.94,135.13,140.95,158.26,-2.85,6.16,1149.4,1183.1,1114.5,18.29,3.46,3.01,2.77,15.07,8.69,2026-02-06
2026-02-06T23:59:36.642,MARUTI,30.39,31.71,15.83,-11.69,123.38,106.52,120.62,18.43,9.6,47537.2,40138.7,36624.1,20.98,15.76,15.78,15.2,-0.124,3.79,2026-02-06
2026-02-06T23:59:36.642,BAJAJ-AUTO,24.16,30.31,29.61,-4.04,98.5,76.0,79.2,0.817,20.61,15378.24,15253.64,12646.59,28.09,8.84,9.65,10.3,-8.46,-6.27,2026-02-06
2026-02-06T23:59:36.642,VOLTAMP,20.35,22.72,25.66,-0.877,97.94,77.94,78.63,30.62,13.92,630.32,482.56,423.58,29.44,21.78,22.85,23.23,-4.71,-1.6,2026-02-06
2026-02-06T23:59:36.642,PGHH,32.02,44.66,43.65,9.26,92.87,64.65,59.17,9.67,22.85,1259.91,1148.85,935.16,134.56,1.07,1.11,1.38,-4.27,-19.5,2026-02-06
2026-02-06T23:59:36.642,MCX,7.57,13.12,103.13,-2.81,78.65,38.72,39.84,77.86,0.273,665.62,374.23,373.21,27.47,20.64,19.0,21.69,8.6,-12.38,2026-02-06
2026-02-06T23:59:36.642,NEULANDLAB,43.15,70.53,597.05,-50.02,75.49,10.83,21.67,75.67,-10.84,514.27,292.75,328.36,18.58,20.9,20.6,21.69,1.43,-5.01,2026-02-06
2026-02-06T23:59:36.642,OFSS,25.91,26.52,11.52,-14.94,70.08,62.84,73.88,9.9,-3.42,1965.9,1788.8,1852.2,38.11,8.36,8.65,8.55,-3.35,1.13,2026-02-06
2026-02-06T23:59:36.642,BHARATRAS,6.81,5.85,-29.7,57.82,67.1,95.45,60.48,-24.23,23.12,285.96,377.4,306.53,16.61,0.431,0.466,0.557,-7.49,-16.29,2026-02-06
2026-02-06T23:59:36.642,HEROMOTOCO,21.99,21.83,-23.28,46.8,65.41,85.26,58.08,25.6,-2.43,12218.39,9727.75,9969.81,30.47,29.42,28.75,27.04,2.35,6.34,2026-02-06
2026-02-06T23:59:36.642,ALKEM,22.21,28.68,15.17,117.29,63.99,55.56,25.57,18.68,7.23,4000.99,3371.14,3143.75,20.03,9.97,9.48,9.11,5.24,4.03,2026-02-06
2026-02-06T23:59:36.642,MUTHOOTFIN,15.36,19.59,20.05,36.43,60.29,50.22,36.81,12.91,14.74,7282.79,6450.13,5621.75,13.27,11.75,11.58,10.84,1.5,6.78,2026-02-06
2026-02-06T23:59:36.642,ULTRACEMCO,54.22,49.02,40.1,-44.67,58.66,41.87,75.67,11.34,-7.84,21829.68,19606.93,21275.45,10.89,14.44,15.33,15.23,-5.82,0.653,2026-02-06
2026-02-06T23:59:36.642,ZFCVINDIA,65.19,59.38,-11.53,-3.43,57.08,64.52,66.81,-6.39,-3.59,913.24,975.56,1011.88,19.95,5.79,5.73,5.57,1.14,2.84,2026-02-06
2026-02-06T23:59:36.642,IRIS,1.1,4.36,51590.91,-92.09,56.86,0.11,1.39,13.38,-27.28,28.56,25.19,34.64,27.63,1.73,0.502,1.42,245.67,-64.53,2026-02-06
2026-02-06T23:59:36.642,DIXON,54.19,37.83,-57.07,165.98,53.06,123.6,46.47,-28.16,15.73,10671.59,14855.04,12835.66,41.96,18.68,20.69,20.55,-9.72,0.694,2026-02-06
2026-02-06T23:59:36.642,GILLETTE,41.17,45.28,20.08,-1.41,52.93,44.08,44.71,-2.57,14.73,790.0,810.81,706.72,67.97,4.78,5.01,4.83,-4.66,3.83,2026-02-06
2026-02-06T23:59:36.642,APARINDS,45.62,39.34,-17.0,-4.26,52.01,62.66,65.45,-4.09,11.99,5461.04,5693.8,5084.2,32.64,9.35,9.25,9.07,1.15,1.97,2026-02-06
2026-02-06T23:59:36.642,ESABINDIA,27.66,42.65,93.46,-13.69,51.46,26.6,30.82,8.39,-4.27,381.55,352.02,367.72,68.79,1.51,1.53,1.56,-1.35,-1.84,2026-02-06
2026-02-06T23:59:36.642,EICHERMOT,35.94,38.7,13.61,-11.55,49.93,43.95,49.69,22.76,-3.98,6071.19,4945.62,5150.38,28.66,27.01,26.98,25.83,0.115,4.48,2026-02-06
2026-02-06T23:59:36.642,VINDHYATEL,6.24,5.63,0.849,-46.67,49.89,49.47,92.77,5.76,-26.29,959.83,907.52,1231.22,8.01,1.49,1.46,1.5,1.84,-2.5,2026-02-06
2026-02-06T23:59:36.642,SUNDARMFIN,27.68,28.5,10.91,2.71,49.12,44.29,43.12,5.38,1.56,2513.95,2385.64,2348.93,9.69,19.13,19.06,18.81,0.372,1.33,2026-02-06
2026-02-06T23:59:36.642,ADANIENT,11.9,19.76,70.85,354.82,46.78,27.38,6.02,16.81,-3.25,24819.59,21248.51,21961.2,9.01,11.65,11.72,11.54,-0.616,1.51,2026-02-06
2026-02-06T23:59:36.642,VADILALIND,24.63,24.56,-50.1,204.44,46.5,93.19,30.61,-32.54,84.32,341.3,505.91,274.47,27.6,0.569,0.574,0.764,-1.01,-24.83,2026-02-06
2026-02-06T23:59:36.642,CRAFTSMAN,42.28,50.62,13.86,10.27,46.32,40.68,36.89,2.78,12.2,2057.28,2001.59,1784.0,11.26,16.02,15.44,15.83,3.74,-2.43,2026-02-06
2026-02-06T23:59:36.642,JINDALPHOT,7.49,9.28,-9.48,79.32,46.23,51.07,28.48,1925.93,1.89,10.94,0.54,0.53,13.8,0.0,0.004,0.019,-100.0,-79.49,2026-02-06
2026-02-06T23:59:36.642,POLYCAB,46.15,43.19,-9.31,15.7,41.3,45.54,39.36,17.89,9.67,7636.13,6477.21,5905.98,30.77,14.82,13.97,11.44,6.13,22.05,2026-02-06
2026-02-06T23:59:36.642,ECLERX,25.64,31.59,4.64,29.31,40.81,39.0,30.16,6.52,7.52,1070.33,1004.85,934.56,28.33,11.43,10.95,10.16,4.45,7.75,2026-02-06
2026-02-06T23:59:36.642,ICRA,36.71,31.18,-18.8,12.63,40.34,49.68,44.11,19.78,9.71,163.59,136.58,124.49,22.37,7.25,8.66,8.78,-16.34,-1.32,2026-02-06
2026-02-06T23:59:36.642,SEAMECLTD,8.24,16.73,462.44,-136.28,39.18,-10.81,29.8,225.45,-53.81,317.05,97.42,210.92,8.49,3.35,3.61,3.25,-7.23,11.34,2026-02-06
2026-02-06T23:59:36.642,CEATLTD,25.42,28.31,-16.07,65.4,38.59,45.98,27.8,10.19,6.89,4157.05,3772.65,3529.41,14.68,16.92,16.21,17.38,4.4,-6.76,2026-02-06
2026-02-06T23:59:36.642,LUMAXIND,32.17,31.86,-1.5,-17.71,38.13,38.71,47.04,9.33,-0.092,1008.6,922.52,923.37,16.02,1.38,1.14,1.18,21.62,-3.55,2026-02-06
2026-02-06T23:59:36.642,UNICHEMLAB,2.64,10.26,2321.3,-13.42,37.54,-1.69,-1.49,-9.98,9.94,521.17,578.96,526.6,6.19,0.992,0.996,0.981,-0.371,1.56,2026-02-06
2026-02-06T23:59:36.642,WAAREEENER,20.89,26.99,25.98,13.07,36.95,29.33,25.94,24.72,37.05,7565.05,6065.64,4425.83,30.54,6.91,6.35,2.68,8.77,136.92,2026-02-06
2026-02-06T23:59:36.642,MASTEK,14.41,16.92,11.09,5.82,34.97,31.48,29.75,-3.69,2.81,905.68,940.37,914.7,17.16,10.26,11.24,11.04,-8.66,1.77,2026-02-06
2026-02-06T23:59:36.642,SWARAJENG,25.59,23.22,-15.24,-0.608,34.66,40.89,41.14,-6.12,4.12,473.2,504.04,484.1,55.47,3.15,3.93,3.72,-19.83,5.59,2026-02-06
2026-02-06T23:59:36.642,BBTC,12.83,10.95,0.406,-22.02,34.64,34.5,44.24,4.95,3.65,4852.85,4623.77,4461.14,45.22,9.42,9.3,9.33,1.3,-0.358,2026-02-06
2026-02-06T23:59:36.642,TIIL,17.19,19.99,-3.48,20.39,33.8,35.02,29.09,18.83,-9.89,752.0,632.85,702.28,15.95,0.434,0.508,0.485,-14.57,4.77,2026-02-06
2026-02-06T23:59:36.642,THANGAMAYL,25.22,41.02,79.12,27.94,33.71,18.82,14.71,40.87,9.6,2401.21,1704.6,1555.32,13.74,4.7,4.49,4.41,4.72,1.62,2026-02-06
2026-02-06T23:59:36.642,APOLLOHOSP,53.88,61.25,10.27,11.07,33.19,30.1,27.1,7.9,4.47,6303.5,5842.1,5592.2,17.49,43.54,44.2,43.49,-1.5,1.64,2026-02-06
2026-02-06T23:59:36.642,M&M,27.19,28.01,-10.06,23.92,32.9,36.58,29.52,0.989,6.69,45885.4,45435.88,42585.67,14.11,36.88,37.43,37.92,-1.46,-1.29,2026-02-06
2026-02-06T23:59:36.642,KINGFA,32.42,35.23,-5.03,21.02,32.86,34.6,28.59,-1.62,6.63,461.93,469.55,440.37,30.5,7.73,7.78,6.34,-0.57,22.68,2026-02-06
2026-02-06T23:59:36.642,LTIM,42.45,35.42,-30.73,11.69,32.75,47.28,42.33,3.72,5.63,10781.0,10394.3,9840.6,27.57,6.51,6.4,6.62,1.72,-3.42,2026-02-06
2026-02-06T23:59:36.642,LUPIN,16.79,23.42,21.2,57.71,32.36,26.7,16.93,10.83,10.81,6831.43,6163.75,5562.2,20.88,21.49,20.49,21.25,4.88,-3.57,2026-02-06
2026-02-06T23:59:36.642,DPABHUSHAN,9.46,14.71,42.71,40.45,32.21,22.57,16.07,26.32,79.07,1222.38,967.65,540.37,33.54,0.22,0.223,0.217,-1.43,2.67,2026-02-06
2026-02-06T23:59:36.642,POWERMECH,16.64,19.36,90.37,-55.2,31.62,16.61,37.08,-4.29,-30.21,1237.87,1293.41,1853.28,20.75,6.55,7.01,0.233,-6.51,2903.9,2026-02-06
2026-02-06T23:59:36.642,INDIAMART,17.84,22.63,127.81,-46.19,31.37,13.77,25.59,2.71,5.08,401.6,391.0,372.1,27.3,18.27,21.53,19.22,-15.14,12.06,2026-02-06
2026-02-06T23:59:36.642,POWERINDIA,185.16,163.49,-31.56,33.14,29.53,43.15,32.41,-22.34,16.29,1429.35,1840.45,1582.68,19.38,10.69,9.66,7.2,10.65,34.22,2026-02-06
2026-02-06T23:59:36.642,TCS,24.97,22.68,-11.75,-5.39,29.45,33.37,35.27,1.96,3.72,67087.0,65799.0,63437.0,64.41,10.37,10.33,11.47,0.421,-9.96,2026-02-06
2026-02-06T23:59:36.642,LGBBROSLTD,15.91,18.68,39.81,-20.3,29.36,21.0,26.35,19.78,-1.81,787.02,657.05,669.17,20.93,7.0,5.85,5.97,19.61,-1.87,2026-02-06
2026-02-06T23:59:36.642,CHOLAHLDNG,14.09,14.13,-4.97,-5.72,29.28,30.81,32.68,1.78,4.3,9461.41,9296.32,8913.37,11.41,16.47,17.39,18.32,-5.3,-5.09,2026-02-06
2026-02-06T23:59:36.642,V2RETAIL,17.05,47.52,489.29,-30.57,29.17,4.95,7.13,31.12,12.09,929.18,708.64,632.22,10.23,2.1,1.9,1.31,10.75,45.49,2026-02-06
2026-02-06T23:59:36.642,CIGNITITEC,12.96,14.33,-2.8,25.27,29.15,29.99,23.94,2.13,6.2,579.4,567.3,534.2,33.39,11.6,11.88,11.33,-2.38,4.86,2026-02-06
2026-02-06T23:59:36.642,ESCORTS,32.54,17.35,-77.23,338.57,28.92,127.01,28.96,11.66,2.26,2791.56,2500.05,2444.88,14.73,5.25,5.27,5.22,-0.504,1.01,2026-02-06
2026-02-06T23:59:36.642,VSTTILLERS,50.2,53.7,-43.51,80.97,28.9,51.16,28.27,11.58,-6.3,315.15,282.45,301.43,12.1,1.61,1.76,1.41,-8.44,25.12,2026-02-06
2026-02-06T23:59:36.642,BLUEDART,50.76,55.04,-16.06,66.67,28.79,34.3,20.58,4.31,7.45,1616.16,1549.33,1441.92,17.14,4.13,5.04,5.53,-18.02,-8.75,2026-02-06
2026-02-06T23:59:36.642,LTTS,33.75,32.07,-7.93,4.06,28.56,31.02,29.81,-1.88,3.96,2923.5,2979.5,2866.0,28.32,4.23,4.67,4.84,-9.53,-3.49,2026-02-06
2026-02-06T23:59:36.642,PERSISTENT,51.97,53.62,-7.13,10.5,28.15,30.31,27.43,5.52,7.41,3778.21,3580.72,3333.59,31.1,22.8,21.23,24.19,7.35,-12.2,2026-02-06
2026-02-06T23:59:36.642,SHRIPISTON,26.56,24.63,-12.06,4.65,27.93,31.76,30.35,0.659,5.52,1023.2,1016.5,963.3,26.57,6.62,6.0,5.88,10.48,2.04,2026-02-06
2026-02-06T23:59:36.642,BRITANNIA,54.39,61.03,25.67,-7.01,27.17,21.62,23.25,4.79,3.64,4752.17,4534.86,4375.57,51.91,14.88,15.02,15.58,-0.923,-3.61,2026-02-06
2026-02-06T23:59:36.642,STYLAMIND,20.31,26.36,22.51,33.8,27.16,22.17,16.57,-7.33,3.33,270.96,292.4,282.98,27.03,2.04,2.77,2.79,-26.14,-0.906,2026-02-06
2026-02-06T23:59:36.642,CRISIL,45.01,45.26,12.57,7.32,26.41,23.46,21.86,8.09,3.67,911.24,843.02,813.18,35.63,7.67,7.82,8.07,-1.84,-3.18,2026-02-06
2026-02-06T23:59:36.642,DIVISLAB,57.99,65.62,26.74,-17.81,25.97,20.49,24.93,12.66,-6.77,2715.0,2410.0,2585.0,20.42,20.08,19.39,19.74,3.54,-1.75,2026-02-06
2026-02-06T23:59:36.642,FOSECOIND,46.2,36.33,-23.46,-0.619,25.81,33.72,33.93,-4.15,5.89,150.72,157.25,148.51,31.16,0.098,0.116,0.152,-15.41,-24.26,2026-02-06
2026-02-06T23:59:36.642,VEEDOL,14.4,13.28,6.39,-17.58,25.63,24.09,29.23,5.6,-0.855,537.73,509.23,513.62,21.99,1.17,1.37,1.14,-14.67,20.02,2026-02-06
2026-02-06T23:59:36.642,LICHSGFIN,5.1,5.17,3.63,-1.09,25.42,24.53,24.8,0.413,-0.978,7208.92,7179.25,7250.16,8.93,20.36,20.17,20.26,0.922,-0.427,2026-02-06
2026-02-06T23:59:36.642,NGLFINE,21.56,39.95,63.03,4.14,25.4,15.58,14.96,6.03,15.42,127.51,120.26,104.19,9.33,0.0,0.0,0.0,-100.0,33.33,2026-02-06
2026-02-06T23:59:36.642,BBL,28.39,21.99,1.3,-44.6,24.98,24.66,44.51,1.84,-24.91,473.44,464.9,619.1,9.6,3.57,3.67,3.63,-2.78,1.03,2026-02-06
2026-02-06T23:59:36.642,HAL,40.74,31.87,20.64,-65.2,24.96,20.69,59.46,37.55,-64.82,6628.61,4819.01,13699.85,20.93,11.9,12.08,12.26,-1.45,-1.48,2026-02-06
2026-02-06T23:59:36.642,TEAMLEASE,14.29,18.53,51.61,3.66,24.88,16.41,15.83,-0.631,4.87,3012.95,3032.07,2891.4,11.82,6.35,6.68,7.69,-4.89,-13.14,2026-02-06
2026-02-06T23:59:36.642,KOTAKBANK,4.27,4.32,10.15,-0.089,24.75,22.47,22.49,1.79,-0.287,17506.8,17198.74,17248.31,0.0,29.36,29.75,30.69,-1.33,-3.05,2026-02-06
2026-02-06T23:59:36.642,KEI,45.41,49.33,15.35,3.95,24.57,21.3,20.49,8.38,5.25,2954.7,2726.35,2590.32,21.16,25.48,25.83,26.59,-1.32,-2.87,2026-02-06
2026-02-06T23:59:36.642,IMFA,13.56,19.46,34.64,5.67,24.33,18.07,17.1,-2.2,12.02,702.83,718.65,641.54,21.18,3.35,3.69,3.4,-9.24,8.5,2026-02-06
2026-02-05T23:37:31.268,MRF,27.23,31.49,5.03,-2.27,1239.38,1180.04,1207.48,-3.87,8.49,7378.72,7675.69,7074.82,13.27,18.17,18.27,18.67,-0.522,-2.13,2026-02-05
2026-02-05T23:37:31.268,FORCEMOT,19.81,24.55,98.88,-59.44,266.14,133.82,329.92,-9.4,-2.49,2081.4,2297.25,2356.01,29.59,10.46,10.27,9.77,1.82,5.16,2026-02-05
2026-02-05T23:37:31.268,TVSHLTD,15.61,19.93,11.36,31.98,243.75,218.89,165.85,4.57,14.34,14583.15,13945.52,12196.81,17.65,3.12,3.0,2.84,4.06,5.58,2026-02-05
2026-02-05T23:37:31.268,ABBOTINDIA,34.82,38.16,13.5,-0.318,195.42,172.17,172.72,1.08,8.34,1757.15,1738.35,1604.59,44.95,0.182,0.156,0.163,16.89,-4.36,2026-02-05
2026-02-05T23:37:31.268,ZUARI,0.331,1.21,714.27,398.73,191.68,23.54,4.72,14.17,30.89,1422.63,1246.05,951.99,14.04,2.71,2.85,2.67,-4.92,6.67,2026-02-05
2026-02-05T23:37:31.268,BOSCHLTD,48.24,40.36,-50.32,101.65,188.01,378.41,187.66,0.13,-2.48,4794.8,4788.6,4910.6,20.48,7.34,7.13,6.18,2.91,15.43,2026-02-05
2026-02-05T23:37:31.268,3MINDIA,56.19,81.13,148.98,-37.27,157.73,63.35,100.99,-0.189,9.93,1195.97,1198.23,1089.95,37.56,3.5,3.43,3.84,2.06,-10.65,2026-02-05
2026-02-05T23:37:31.268,BAJAJHLDNG,19.43,14.22,-55.28,102.13,140.1,313.3,155.0,22.24,123.5,396.87,324.66,145.26,11.53,10.26,10.33,10.31,-0.695,0.22,2026-02-05
2026-02-05T23:37:31.268,HONAUT,60.13,56.57,-4.13,-10.94,135.13,140.95,158.26,-2.85,6.16,1149.4,1183.1,1114.5,18.29,3.46,3.01,2.77,15.07,8.69,2026-02-05
2026-02-05T23:37:31.268,MARUTI,30.51,31.73,15.83,-11.69,123.38,106.52,120.62,18.43,9.6,47537.2,40138.7,36624.1,20.98,15.76,15.78,15.2,-0.124,3.79,2026-02-05
2026-02-05T23:37:31.268,BAJAJ-AUTO,24.48,30.28,29.61,-4.04,98.5,76.0,79.2,0.817,20.61,15378.24,15253.64,12646.59,28.09,8.84,9.65,10.3,-8.46,-6.27,2026-02-05
2026-02-05T23:37:31.268,PGHH,31.83,45.35,43.65,9.26,92.87,64.65,59.17,9.67,22.85,1259.91,1148.85,935.16,134.56,1.07,1.11,1.38,-4.27,-19.5,2026-02-05
2026-02-05T23:37:31.268,MCX,7.66,13.84,103.13,-2.81,78.65,38.72,39.84,77.86,0.273,665.62,374.23,373.21,27.47,20.64,19.0,21.69,8.6,-12.38,2026-02-05
2026-02-05T23:37:31.268,VOLTAMP,25.52,23.63,-0.877,-17.84,77.94,78.63,95.7,13.92,-32.21,482.56,423.58,624.81,29.44,21.78,22.85,23.23,-4.71,-1.6,2026-02-05
2026-02-05T23:37:31.268,NEULANDLAB,43.72,72.3,597.05,-50.02,75.49,10.83,21.67,75.67,-10.84,514.27,292.75,328.36,18.58,20.9,20.6,21.69,1.43,-5.01,2026-02-05
2026-02-05T23:37:31.268,OFSS,26.58,26.76,11.52,-14.94,70.08,62.84,73.88,9.9,-3.42,1965.9,1788.8,1852.2,38.11,8.36,8.65,8.55,-3.35,1.13,2026-02-05
2026-02-05T23:37:31.268,BHARATRAS,6.98,5.83,-29.7,57.82,67.1,95.45,60.48,-24.23,23.12,285.96,377.4,306.53,16.61,0.431,0.466,0.557,-7.49,-16.29,2026-02-05
2026-02-05T23:37:31.268,HEROMOTOCO,22.04,22.15,-23.28,46.8,65.41,85.26,58.08,25.6,-2.43,12218.39,9727.75,9969.81,30.47,29.42,28.75,27.04,2.35,6.34,2026-02-05
2026-02-05T23:37:31.268,ALKEM,22.12,28.63,15.17,117.29,63.99,55.56,25.57,18.68,7.23,4000.99,3371.14,3143.75,20.03,9.97,9.48,9.11,5.24,4.03,2026-02-05
2026-02-05T23:37:31.268,MUTHOOTFIN,14.84,20.37,20.05,36.43,60.29,50.22,36.81,12.91,14.74,7282.79,6450.13,5621.75,13.27,11.75,11.58,10.84,1.5,6.78,2026-02-05
2026-02-05T23:37:31.268,ULTRACEMCO,54.44,49.14,40.1,-44.67,58.66,41.87,75.67,11.34,-7.84,21829.68,19606.93,21275.45,10.89,14.44,15.33,15.23,-5.82,0.653,2026-02-05
2026-02-05T23:37:31.268,ZFCVINDIA,66.21,60.21,-11.53,-3.43,57.08,64.52,66.81,-6.39,-3.59,913.24,975.56,1011.88,19.95,5.79,5.73,5.57,1.14,2.84,2026-02-05
2026-02-05T23:37:31.268,IRIS,1.15,4.64,51590.91,-92.09,56.86,0.11,1.39,13.38,-27.28,28.56,25.19,34.64,27.63,1.73,0.502,1.42,245.67,-64.53,2026-02-05
2026-02-05T23:37:31.268,DIXON,53.6,38.83,-57.07,165.98,53.06,123.6,46.47,-28.16,15.73,10671.59,14855.04,12835.66,41.96,18.68,20.69,20.55,-9.72,0.694,2026-02-05
2026-02-05T23:37:31.268,GILLETTE,40.73,45.68,20.08,-1.41,52.93,44.08,44.71,-2.57,14.73,790.0,810.81,706.72,67.97,4.78,5.01,4.83,-4.66,3.83,2026-02-05
2026-02-05T23:37:31.268,APARINDS,45.83,39.1,-17.0,-4.26,52.01,62.66,65.45,-4.09,11.99,5461.04,5693.8,5084.2,32.64,9.35,9.25,9.07,1.15,1.97,2026-02-05
2026-02-05T23:37:31.268,ESABINDIA,28.0,42.79,93.46,-13.69,51.46,26.6,30.82,8.39,-4.27,381.55,352.02,367.72,68.79,1.51,1.53,1.56,-1.35,-1.84,2026-02-05
2026-02-05T23:37:31.268,EICHERMOT,36.1,39.07,13.61,-11.55,49.93,43.95,49.69,22.76,-3.98,6071.19,4945.62,5150.38,28.66,27.01,26.98,25.83,0.115,4.48,2026-02-05
2026-02-05T23:37:31.268,VINDHYATEL,6.35,5.4,0.849,-46.67,49.89,49.47,92.77,5.76,-26.29,959.83,907.52,1231.22,8.01,1.49,1.46,1.5,1.84,-2.5,2026-02-05
2026-02-05T23:37:31.268,SUNDARMFIN,27.08,28.97,10.91,2.71,49.12,44.29,43.12,5.38,1.56,2513.95,2385.64,2348.93,9.69,19.13,19.06,18.81,0.372,1.33,2026-02-05
2026-02-05T23:37:31.268,ADANIENT,11.95,19.69,70.85,354.82,46.78,27.38,6.02,16.81,-3.25,24819.59,21248.51,21961.2,9.01,11.65,11.72,11.54,-0.616,1.51,2026-02-05
2026-02-05T23:37:31.268,VADILALIND,24.68,25.33,-50.1,204.44,46.5,93.19,30.61,-32.54,84.32,341.3,505.91,274.47,27.6,0.569,0.574,0.764,-1.01,-24.83,2026-02-05
2026-02-05T23:37:31.268,CRAFTSMAN,42.29,50.7,13.86,10.27,46.32,40.68,36.89,2.78,12.2,2057.28,2001.59,1784.0,11.26,16.02,15.44,15.83,3.74,-2.43,2026-02-05
2026-02-05T23:37:31.268,JINDALPHOT,7.52,9.42,-9.48,79.32,46.23,51.07,28.48,1925.93,1.89,10.94,0.54,0.53,13.8,0.0,0.004,0.019,-100.0,-79.49,2026-02-05
2026-02-05T23:37:31.268,CERA,28.77,28.5,21.66,-45.62,43.92,36.1,66.39,15.57,-27.28,487.91,422.19,580.55,22.01,14.61,15.82,17.18,-7.64,-7.92,2026-02-05
2026-02-05T23:37:31.268,POLYCAB,45.62,43.72,-9.31,15.7,41.3,45.54,39.36,17.89,9.67,7636.13,6477.21,5905.98,30.77,14.82,13.97,11.44,6.13,22.05,2026-02-05
2026-02-05T23:37:31.268,ECLERX,27.55,31.83,4.64,29.31,40.81,39.0,30.16,6.52,7.52,1070.33,1004.85,934.56,28.33,11.43,10.95,10.16,4.45,7.75,2026-02-05
2026-02-05T23:37:31.268,ICRA,37.12,31.25,-18.8,12.63,40.34,49.68,44.11,19.78,9.71,163.59,136.58,124.49,22.37,7.25,8.66,8.78,-16.34,-1.32,2026-02-05
2026-02-05T23:37:31.268,SEAMECLTD,8.02,16.12,462.44,-136.28,39.18,-10.81,29.8,225.45,-53.81,317.05,97.42,210.92,8.49,3.35,3.61,3.25,-7.23,11.34,2026-02-05
2026-02-05T23:37:31.268,CEATLTD,25.12,28.54,-16.07,65.4,38.59,45.98,27.8,10.19,6.89,4157.05,3772.65,3529.41,14.68,16.92,16.21,17.38,4.4,-6.76,2026-02-05
2026-02-05T23:37:31.268,LUMAXIND,33.36,33.13,-1.5,-17.71,38.13,38.71,47.04,9.33,-0.092,1008.6,922.52,923.37,16.02,1.38,1.14,1.18,21.62,-3.55,2026-02-05
2026-02-05T23:37:31.268,WAAREEENER,20.78,27.29,25.98,13.07,36.95,29.33,25.94,24.72,37.05,7565.05,6065.64,4425.83,30.54,6.91,6.35,2.68,8.77,136.92,2026-02-05
2026-02-05T23:37:31.268,MASTEK,14.81,16.9,11.09,5.82,34.97,31.48,29.75,-3.69,2.81,905.68,940.37,914.7,17.16,10.26,11.24,11.04,-8.66,1.77,2026-02-05
2026-02-05T23:37:31.268,SWARAJENG,25.81,23.3,-15.24,-0.608,34.66,40.89,41.14,-6.12,4.12,473.2,504.04,484.1,55.47,3.15,3.93,3.72,-19.83,5.59,2026-02-05
2026-02-05T23:37:31.268,BBTC,12.8,10.83,0.406,-22.02,34.64,34.5,44.24,4.95,3.65,4852.85,4623.77,4461.14,45.22,9.42,9.3,9.33,1.3,-0.358,2026-02-05
2026-02-05T23:37:31.268,TIIL,17.14,19.82,-3.48,20.39,33.8,35.02,29.09,18.83,-9.89,752.0,632.85,702.28,15.95,0.434,0.508,0.485,-14.57,4.77,2026-02-05
2026-02-05T23:37:31.268,THANGAMAYL,23.55,42.41,79.12,27.94,33.71,18.82,14.71,40.87,9.6,2401.21,1704.6,1555.32,13.74,4.7,4.49,4.41,4.72,1.62,2026-02-05
2026-02-05T23:37:31.268,APOLLOHOSP,53.65,61.2,10.27,11.07,33.19,30.1,27.1,7.9,4.47,6303.5,5842.1,5592.2,17.49,43.54,44.2,43.49,-1.5,1.64,2026-02-05
2026-02-05T23:37:31.268,M&M,27.14,28.03,-10.06,23.92,32.9,36.58,29.52,0.989,6.69,45885.4,45435.88,42585.67,14.11,36.88,37.43,37.92,-1.46,-1.29,2026-02-05
2026-02-05T23:37:31.268,KINGFA,33.99,34.72,-5.03,21.02,32.86,34.6,28.59,-1.62,6.63,461.93,469.55,440.37,30.5,7.73,7.78,6.34,-0.57,22.68,2026-02-05
2026-02-05T23:37:31.268,LTIM,43.39,35.56,-30.73,11.69,32.75,47.28,42.33,3.72,5.63,10781.0,10394.3,9840.6,27.57,6.51,6.4,6.62,1.72,-3.42,2026-02-05
2026-02-05T23:37:31.268,LUPIN,17.14,23.17,21.2,57.71,32.36,26.7,16.93,10.83,10.81,6831.43,6163.75,5562.2,20.88,21.49,20.49,21.25,4.88,-3.57,2026-02-05
2026-02-05T23:37:31.268,DPABHUSHAN,9.34,15.12,42.71,40.45,32.21,22.57,16.07,26.32,79.07,1222.38,967.65,540.37,33.54,0.22,0.223,0.217,-1.43,2.67,2026-02-05
2026-02-05T23:37:31.268,POWERMECH,17.03,19.74,90.37,-55.2,31.62,16.61,37.08,-4.29,-30.21,1237.87,1293.41,1853.28,20.75,6.55,7.01,0.233,-6.51,2903.9,2026-02-05
2026-02-05T23:37:31.268,INDIAMART,18.19,22.55,127.81,-46.19,31.37,13.77,25.59,2.71,5.08,401.6,391.0,372.1,27.3,18.27,21.53,19.22,-15.14,12.06,2026-02-05
2026-02-05T23:37:31.268,POWERINDIA,162.54,162.16,-31.56,33.14,29.53,43.15,32.41,-22.34,16.29,1429.35,1840.45,1582.68,19.38,10.69,9.66,7.2,10.65,34.22,2026-02-05
2026-02-05T23:37:31.268,TCS,25.39,22.74,-11.75,-5.39,29.45,33.37,35.27,1.96,3.72,67087.0,65799.0,63437.0,64.41,10.37,10.33,11.47,0.421,-9.96,2026-02-05
2026-02-05T23:37:31.268,LGBBROSLTD,15.96,18.49,39.81,-20.3,29.36,21.0,26.35,19.78,-1.81,787.02,657.05,669.17,20.93,7.0,5.85,5.97,19.61,-1.87,2026-02-05
2026-02-05T23:37:31.268,CHOLAHLDNG,14.31,14.47,-4.97,-5.72,29.28,30.81,32.68,1.78,4.3,9461.41,9296.32,8913.37,11.41,16.47,17.39,18.32,-5.3,-5.09,2026-02-05
2026-02-05T23:37:31.268,CIGNITITEC,13.48,14.44,-2.8,25.27,29.15,29.99,23.94,2.13,6.2,579.4,567.3,534.2,33.39,11.6,11.88,11.33,-2.38,4.86,2026-02-05
2026-02-05T23:37:31.268,ESCORTS,32.11,16.82,-77.23,338.57,28.92,127.01,28.96,11.66,2.26,2791.56,2500.05,2444.88,14.73,5.25,5.27,5.22,-0.504,1.01,2026-02-05
2026-02-05T23:37:31.268,VSTTILLERS,51.01,55.27,-43.51,80.97,28.9,51.16,28.27,11.58,-6.3,315.15,282.45,301.43,12.1,1.61,1.76,1.41,-8.44,25.12,2026-02-05
2026-02-05T23:37:31.268,BLUEDART,51.09,53.38,-16.06,66.67,28.79,34.3,20.58,4.31,7.45,1616.16,1549.33,1441.92,17.14,4.13,5.04,5.53,-18.02,-8.75,2026-02-05
2026-02-05T23:37:31.268,LTTS,33.34,32.1,-7.93,4.06,28.56,31.02,29.81,-1.88,3.96,2923.5,2979.5,2866.0,28.32,4.23,4.67,4.84,-9.53,-3.49,2026-02-05
2026-02-05T23:37:31.268,PERSISTENT,53.11,53.67,-7.13,10.5,28.15,30.31,27.43,5.52,7.41,3778.21,3580.72,3333.59,31.1,22.8,21.23,24.19,7.35,-12.2,2026-02-05
2026-02-05T23:37:31.268,SHRIPISTON,27.19,25.22,-12.06,4.65,27.93,31.76,30.35,0.659,5.52,1023.2,1016.5,963.3,26.57,6.62,6.0,5.88,10.48,2.04,2026-02-05
2026-02-05T23:37:31.268,BRITANNIA,54.02,61.12,25.67,-7.01,27.17,21.62,23.25,4.79,3.64,4752.17,4534.86,4375.57,51.91,14.88,15.02,15.58,-0.923,-3.61,2026-02-05
2026-02-05T23:37:31.268,STYLAMIND,20.23,26.4,22.51,33.8,27.16,22.17,16.57,-7.33,3.33,270.96,292.4,282.98,27.03,2.04,2.77,2.79,-26.14,-0.906,2026-02-05
2026-02-05T23:37:31.268,CRISIL,43.89,45.76,12.57,7.32,26.41,23.46,21.86,8.09,3.67,911.24,843.02,813.18,35.63,7.67,7.82,8.07,-1.84,-3.18,2026-02-05
2026-02-05T23:37:31.268,DIVISLAB,59.12,64.69,26.74,-17.81,25.97,20.49,24.93,12.66,-6.77,2715.0,2410.0,2585.0,20.42,20.08,19.39,19.74,3.54,-1.75,2026-02-05
2026-02-05T23:37:31.268,FOSECOIND,43.65,36.79,-23.46,-0.619,25.81,33.72,33.93,-4.15,5.89,150.72,157.25,148.51,31.16,0.098,0.116,0.152,-15.41,-24.26,2026-02-05
2026-02-05T23:37:31.268,VEEDOL,14.77,13.22,6.39,-17.58,25.63,24.09,29.23,5.6,-0.855,537.73,509.23,513.62,21.99,1.17,1.37,1.14,-14.67,20.02,2026-02-05
2026-02-05T23:37:31.268,LICHSGFIN,5.07,5.17,3.63,-1.09,25.42,24.53,24.8,0.413,-0.978,7208.92,7179.25,7250.16,8.93,20.36,20.17,20.26,0.922,-0.427,2026-02-05
2026-02-05T23:37:31.268,BBL,28.63,21.66,1.3,-44.6,24.98,24.66,44.51,1.84,-24.91,473.44,464.9,619.1,9.6,3.57,3.67,3.63,-2.78,1.03,2026-02-05
2026-02-05T23:37:31.268,HAL,40.42,33.3,20.64,-65.2,24.96,20.69,59.46,37.55,-64.82,6628.61,4819.01,13699.85,20.93,11.9,12.08,12.26,-1.45,-1.48,2026-02-05
2026-02-05T23:37:31.268,KOTAKBANK,4.13,4.36,10.15,-0.089,24.75,22.47,22.49,1.79,-0.287,17506.8,17198.74,17248.31,0.0,29.36,29.75,30.69,-1.33,-3.05,2026-02-05
2026-02-05T23:37:31.268,KEI,45.21,49.11,15.35,3.95,24.57,21.3,20.49,8.38,5.25,2954.7,2726.35,2590.32,21.16,25.48,25.83,26.59,-1.32,-2.87,2026-02-05
2026-02-05T23:37:31.268,NAZARA,2.84,7.92,215.78,3613.64,24.41,7.73,-0.22,5.55,-4.12,526.46,498.77,520.2,3.01,11.97,12.63,12.98,-5.21,-2.71,2026-02-05
2026-02-05T23:37:31.268,FIEMIND,23.57,26.99,10.71,-2.28,24.19,21.85,22.36,9.6,2.44,712.02,649.64,634.15,28.0,6.94,7.19,4.68,-3.59,53.71,2026-02-05
2026-02-05T23:37:31.268,PRIVISCL,29.36,41.47,51.67,-6.93,24.04,15.85,17.03,21.46,-8.92,678.71,558.81,613.55,16.43,1.64,1.33,1.47,23.27,-9.72,2026-02-05
