Timestamp,Date,4.5r,4.5chg,20r,20chg,50r,50chg,52wh,52wl,>4.5+,<4.5-,>10sma,<10sma,>20sma,<20sma,>50sma,<50sma,>200sma,<200sma,Total stocks,Column22
2026-10-09T14:48:49.853,9th Oct'26,238.3,2173.49,28.75,29.5,29.86,9.15,0.77,5.03,3.91,1.64,25.59,73.12,22.06,76.72,22.37,74.9,34.92,55.26,2861.0,
2026-10-09T14:48:49.853,8th Oct'26,10.48,-96.06,22.2,-48.16,27.36,-31.96,1.13,7.25,1.31,12.48,17.32,82.5,18.13,81.69,21.1,77.13,34.29,56.84,2829.0,
2026-10-09T14:48:49.853,7th Oct'26,265.96,-55.29,42.84,10.16,40.22,2.41,2.02,2.83,4.42,1.66,33.88,65.95,29.95,69.91,28.18,70.05,37.52,53.59,2825.0,
2026-10-09T14:48:49.853,6th Oct'26,607.89,368.38,38.85,45.27,39.31,15.41,1.87,1.98,8.17,1.34,32.54,67.35,27.91,71.84,27.7,70.46,37.88,53.24,2827.0,
2026-10-09T14:48:49.853,5th Oct'26,130.85,211.55,26.71,5.29,34.03,0.72,1.38,3.08,4.35,3.33,20.25,79.58,21.03,78.73,24.92,73.24,36.53,54.48,2825.0,
2026-10-09T14:48:49.853,1st Oct'26,41.33,-75.77,25.36,-28.18,33.77,-16.13,1.49,7.57,2.19,5.31,18.37,81.53,20.17,79.55,24.77,73.35,35.85,55.02,2826.0,
2026-10-09T14:48:49.853,30th Sep'26,170.59,16.72,35.35,3.69,40.25,0.08,2.09,2.94,4.11,2.41,26.85,73.04,26.04,73.65,28.16,69.96,38.61,52.25,2823.0,
2026-10-09T14:48:49.853,29th Sep'26,144.3,223.59,34.1,4.3,40.21,-0.85,1.27,5.84,4.03,2.79,25.82,73.97,25.33,74.28,28.12,69.93,38.45,52.18,2827.0,
2026-10-09T14:48:49.853,28th Sep'26,44.59,-86.17,32.69,-36.54,40.49,-30.25,1.98,3.68,2.33,5.24,27.59,72.23,24.51,74.99,28.23,69.72,39.51,51.04,2827.0,
2026-10-09T14:48:49.853,25th Sep'26,320.0,355.38,51.43,8.97,58.15,12.23,1.81,2.8,4.53,1.42,43.56,56.2,33.75,65.62,36.01,61.93,43.7,46.95,2824.0,
2026-10-09T14:48:49.853,24th Sep'26,71.17,-91.47,47.25,-30.97,51.78,-26.08,1.59,2.23,2.8,3.93,38.6,61.19,31.91,67.53,33.43,64.55,43.52,47.1,2824.0,
2026-10-09T14:48:49.853,23rd Sep'26,834.78,140.32,68.51,34.34,70.11,20.2,2.55,0.81,6.8,0.81,61.52,38.3,40.42,59.01,40.35,57.56,46.09,44.46,2825.0,
2026-10-09T14:48:49.853,22nd Sep'26,347.37,-14.16,50.97,5.56,58.3,0.47,2.26,1.52,4.67,1.34,43.06,56.72,33.55,65.82,36.06,61.85,44.09,46.36,2826.0,
2026-10-09T14:48:49.853,21st Sep'26,406.98,-23.06,48.33,-3.18,58.08,1.57,2.69,1.63,6.19,1.52,43.3,56.42,32.33,66.89,35.97,61.94,44.11,46.34,2827.0,
2026-10-09T14:48:49.853,18th Sep'26,528.95,65.06,49.89,55.25,57.25,25.33,2.34,1.84,7.12,1.35,38.34,61.42,32.99,66.12,35.65,62.27,44.5,45.91,2825.0,
2026-10-09T14:48:49.853,17th Sep'26,320.45,227.06,32.17,27.08,45.65,7.05,1.2,1.88,4.99,1.56,23.17,76.41,24.12,74.99,30.68,67.2,42.3,48.1,2823.0,
2026-10-09T14:48:49.853,16th Sep'26,97.98,553.2,25.3,-5.8,42.62,0.99,0.74,4.53,3.43,3.51,17.1,82.47,20.01,79.07,29.25,68.63,40.33,49.89,2824.0,
2026-10-09T14:48:49.853,15th Sep'26,15.0,-90.94,26.78,-43.22,42.16,-34.72,1.91,3.86,2.12,14.15,17.73,81.88,20.91,78.1,29.02,68.83,40.73,49.47,2826.0,
2026-10-09T14:48:49.853,11th Sep'26,168.42,-6.59,47.26,-16.0,64.72,-7.7,1.52,3.43,3.4,2.02,30.44,68.99,31.75,67.19,38.44,59.4,45.84,44.32,2825.0,
2026-10-09T14:48:49.853,10th Sep'26,180.3,14.87,56.21,-7.37,70.16,-5.82,2.3,2.27,4.22,2.34,35.6,63.76,35.6,63.34,40.31,57.46,45.98,44.17,2823.0,
2026-10-09T14:48:49.853,9th Sep'26,156.96,-32.22,60.86,-5.5,74.49,-6.21,3.12,2.2,4.39,2.8,38.12,61.25,37.41,61.46,41.69,55.97,46.65,43.43,2823.0,
2026-10-09T14:48:49.853,8th Sep'26,231.58,-12.78,64.29,5.41,79.27,1.88,3.47,1.27,4.67,2.02,39.17,60.16,38.68,60.16,43.17,54.46,46.96,43.06,2826.0,
2026-10-09T14:48:49.853,7th Sep'26,261.02,-34.35,60.93,-9.84,77.74,-13.37,3.86,1.52,5.46,2.09,37.37,61.99,37.41,61.39,42.69,54.91,47.36,42.69,2823.0,
2026-10-09T14:48:49.853,4th Sep'26,407.5,-22.13,67.65,11.59,89.81,5.94,3.22,0.96,5.77,1.42,41.13,58.02,39.85,58.91,46.19,51.43,48.64,41.34,2823.0,
2026-10-09T14:48:49.853,3rd Sep'26,523.33,81.35,60.66,23.36,84.83,21.48,2.91,1.13,5.57,1.06,37.66,61.6,37.34,61.56,44.82,52.84,47.98,42.06,2820.0,
2026-10-09T14:48:49.853,2nd Sep'26,288.57,175.15,49.06,-8.44,69.81,-12.9,2.13,2.17,3.59,1.24,30.21,69.08,32.55,66.35,40.15,57.51,46.68,43.31,2817.0,
2026-10-09T14:48:49.853,1st Sep'26,104.88,-13.75,53.61,-25.85,80.17,-14.22,2.77,1.67,3.05,2.91,33.26,66.03,34.5,64.36,43.49,54.24,48.03,41.92,2817.0,
2026-10-09T14:48:49.853,31st Aug'26,119.1,-72.07,72.18,-13.79,93.46,-10.59,3.41,2.17,3.77,3.17,40.18,59.17,41.43,57.4,47.26,50.57,49.43,40.58,2812.0,
2026-10-09T14:48:49.853,28th Aug'26,426.47,302.44,84.08,7.15,104.69,2.95,2.92,1.03,5.16,1.21,48.42,50.91,45.14,53.68,50.05,47.81,50.94,39.09,2809.0,
2026-10-09T14:48:49.853,27th Aug'26,105.97,-79.54,78.53,-16.02,101.76,-8.31,2.78,1.03,2.53,2.39,44.48,54.84,43.52,55.41,49.39,48.54,50.28,39.74,2808.0,
2026-10-09T14:48:49.853,26th Aug'26,517.86,235.75,93.32,13.94,110.73,7.32,2.95,0.78,5.16,1.0,50.16,49.02,47.71,51.12,51.41,46.42,50.98,38.92,2811.0,
2026-10-09T14:48:49.853,25th Aug'26,154.24,-43.23,81.89,2.51,103.18,1.91,2.21,1.28,3.24,2.1,45.73,53.53,44.44,54.27,49.72,48.18,50.5,39.39,2808.0,
2026-10-09T14:48:49.853,24th Aug'26,271.7,-31.03,79.78,-9.07,101.1,-9.44,3.13,1.03,5.13,1.89,41.54,57.71,43.85,54.97,49.27,48.74,49.55,40.43,2807.0,
2026-10-09T14:48:49.853,21st Aug'26,406.25,13.75,87.79,2.79,112.06,4.86,2.5,0.68,4.64,1.14,42.76,56.67,46.18,52.61,51.75,46.18,49.86,40.22,2802.0,
2026-10-09T14:48:49.853,20th Aug'26,357.14,119.49,85.47,16.46,106.79,7.88,2.86,1.11,5.36,1.5,38.29,61.21,45.57,53.32,50.57,47.36,49.07,41.0,2800.0,
2026-10-09T14:48:49.853,19th Aug'26,165.52,-30.31,73.4,-17.66,98.98,-9.11,2.54,1.68,3.43,2.07,31.54,67.93,41.89,57.07,48.75,49.25,46.96,43.18,2800.0,
2026-10-09T14:48:49.853,18th Aug'26,233.33,48.62,89.15,-11.74,108.75,-2.88,3.25,1.18,4.75,2.04,36.79,62.64,46.68,52.36,51.07,46.96,48.54,41.61,2800.0,
2026-10-09T14:48:49.853,17th Aug'26,155.45,45.63,100.94,-6.44,111.88,-4.44,2.96,1.57,5.61,3.61,39.11,60.21,49.71,49.25,51.79,46.29,49.18,41.0,2800.0,
2026-10-09T14:48:49.853,14th Aug'26,107.95,-40.77,108.54,-11.51,117.82,-4.4,3.08,1.15,3.4,3.15,40.61,58.75,51.47,47.42,53.08,45.05,49.1,41.15,2790.0,
2026-10-09T14:48:49.853,13th Aug'26,182.28,57.77,122.28,2.13,123.05,-1.82,3.51,1.08,5.16,2.83,45.34,53.98,54.48,44.55,54.16,44.01,49.75,40.54,2790.0,
2026-10-09T14:48:49.853,12th Aug'26,115.53,-15.28,119.73,-9.57,125.14,-7.85,3.3,1.15,4.27,3.69,46.22,52.96,53.96,45.07,54.61,43.64,49.3,41.02,2789.0,
2026-10-09T14:48:49.853,11th Aug'26,137.93,-8.71,132.52,-8.62,135.92,-7.75,3.84,1.08,4.31,3.12,53.02,46.16,56.46,42.61,56.64,41.67,50.47,39.91,2786.0,
2026-10-09T14:48:49.853,10th Aug'26,146.81,12.51,144.68,-6.91,146.98,-1.45,5.2,0.97,4.95,3.37,59.17,39.97,58.56,40.47,58.49,39.79,50.99,39.33,2787.0,
2026-10-09T14:48:49.853,7th Aug'26,132.1,-36.12,155.38,-3.54,149.77,-0.46,3.59,0.79,3.84,2.91,62.14,37.07,60.17,38.72,58.91,39.33,50.97,39.3,2784.0,
2026-10-09T14:48:49.853,6th Aug'26,206.78,-33.89,161.48,-1.17,150.37,1.07,4.31,0.58,4.39,2.12,66.5,32.78,61.18,37.89,59.02,39.25,50.72,39.43,2782.0,
2026-10-09T14:48:49.853,5th Aug'26,312.77,17.89,163.32,21.05,148.73,10.93,4.53,0.4,5.29,1.69,70.25,29.1,61.51,37.66,58.85,39.57,50.04,40.14,2780.0,
2026-10-09T14:48:49.853,4th Aug'26,265.31,-57.64,134.84,-0.02,133.88,-2.12,4.04,0.25,4.68,1.77,67.06,32.5,57.05,42.31,56.4,42.13,48.54,41.77,2775.0,
2026-10-09T14:48:49.853,3rd Aug'26,610.26,95.28,134.92,63.36,136.62,28.38,4.43,0.22,8.57,1.4,67.1,32.4,57.02,42.26,56.8,41.58,48.24,42.01,2778.0,
2026-10-09T14:48:49.853,31st Jul'26,348.84,416.55,82.68,25.88,106.83,11.4,2.53,0.47,5.41,1.55,50.61,48.67,44.95,54.37,50.76,47.51,44.99,45.17,2772.0,
2026-10-09T14:48:49.853,30th Jul'26,66.23,-76.56,65.52,-10.55,95.97,-8.97,2.31,0.61,1.84,2.78,41.75,57.71,39.33,60.02,48.18,50.2,43.59,46.62,2769.0,
2026-10-09T14:48:49.853,29th Jul'26,276.6,381.66,73.51,39.13,105.35,9.7,2.06,0.58,4.7,1.7,46.76,52.84,42.06,57.22,50.52,47.96,44.41,45.79,2765.0,
2026-10-09T14:48:49.853,28th Jul'26,58.42,-86.38,52.81,-23.86,96.25,-14.68,1.84,0.65,2.13,3.65,35.5,64.03,34.31,64.97,48.3,50.18,42.23,47.9,2766.0,
2026-10-09T14:48:49.853,27th Jul'26,388.1,114.59,69.21,53.06,112.03,20.29,2.38,0.65,5.88,1.52,42.82,56.75,40.58,58.63,52.09,46.5,44.08,46.14,2770.0,
2026-10-09T14:48:49.853,24th Jul'26,190.91,53.27,45.19,-0.39,93.47,0.74,1.27,1.37,3.04,1.59,28.43,71.14,30.89,68.35,47.63,50.96,41.81,48.28,2765.0,
2026-10-09T14:48:49.853,23rd Jul'26,124.56,82.39,45.38,-28.45,92.84,-15.19,1.2,0.91,2.57,2.07,26.88,72.75,30.98,68.26,47.46,51.12,42.21,47.75,2760.0,
2026-10-09T14:48:49.853,22nd Jul'26,69.51,-78.71,63.31,-36.13,109.38,-16.53,1.77,0.8,2.06,2.97,33.62,65.83,38.47,60.77,51.5,47.09,43.43,46.44,2763.0,
2026-10-09T14:48:49.853,21st Jul'26,326.47,33.85,99.35,15.82,131.02,1.35,2.1,0.8,4.02,1.23,51.27,48.41,49.46,49.78,55.97,42.72,46.34,43.52,2762.0,
2026-10-09T14:48:49.853,20th Jul'26,232.56,370.93,85.72,16.29,128.83,9.2,1.67,0.83,3.62,1.56,46.42,53.29,45.87,53.51,55.65,43.19,45.18,44.68,2762.0,
2026-10-09T14:48:49.853,17th Jul'26,50.0,-64.93,73.75,-7.1,118.27,-6.74,0.83,0.98,1.41,2.83,39.43,60.31,42.15,57.16,53.5,45.23,44.18,45.63,2759.0,
2026-10-09T14:48:49.853,16th Jul'26,139.58,-45.11,79.35,-9.04,126.89,-3.95,2.1,0.58,2.43,1.74,42.54,57.17,43.95,55.39,55.18,43.48,44.32,45.37,2762.0,
2026-10-09T14:48:49.853,15th Jul'26,254.29,120.38,87.23,12.01,132.34,8.86,2.46,0.69,3.23,1.27,43.53,56.07,46.28,53.06,56.22,42.48,44.87,44.87,2759.0,
2026-10-09T14:48:49.853,14th Jul'26,115.38,-77.69,77.91,-35.42,121.5,-18.38,2.11,0.76,2.18,1.89,39.67,59.93,43.52,55.86,54.16,44.57,43.99,45.77,2755.0,
2026-10-09T14:48:49.853,13th Jul'26,471.88,-37.5,120.48,5.4,148.13,8.42,3.29,0.54,5.47,1.16,56.55,42.94,54.31,45.08,58.94,39.79,46.78,42.94,2762.0,
2026-10-09T14:48:49.853,10th Jul'26,888.24,22.99,114.6,48.94,137.23,29.1,3.12,0.47,5.48,0.62,56.04,43.45,52.99,46.24,57.13,41.63,45.66,44.1,2755.0,
2026-10-09T14:48:49.853,9th Jul'26,722.22,3299.73,76.91,45.52,106.21,23.16,1.92,0.73,7.07,0.98,37.79,61.66,43.13,56.08,50.85,47.88,43.38,46.17,2757.0,
2026-10-09T14:48:49.853,8th Jul'26,21.35,-61.84,52.71,-58.56,86.23,-35.21,1.85,0.94,1.49,6.97,23.25,76.24,34.25,64.98,45.73,53.03,40.61,49.0,2753.0,
2026-10-09T14:48:49.853,7th Jul'26,55.29,-74.74,127.54,-20.72,133.16,-8.81,2.98,0.4,1.71,3.08,50.58,48.95,55.62,43.61,56.39,42.34,46.08,43.54,2756.0,
2026-10-09T14:48:49.853,6th Jul'26,207.14,-0.49,159.87,-7.25,145.27,-3.77,4.27,0.44,4.2,2.03,55.31,44.22,61.03,38.17,58.46,40.24,47.08,42.45,2761.0,
2026-10-09T14:48:49.853,3rd Jul'26,221.74,-51.04,173.05,-3.92,151.62,4.73,4.32,0.36,3.7,1.67,58.08,41.38,62.94,36.37,59.49,39.24,47.01,42.61,2755.0,
2026-10-09T14:48:49.853,2nd Jul'26,450.0,75.0,179.84,26.42,144.77,13.92,3.34,0.51,5.56,1.24,55.62,43.95,63.87,35.51,58.42,40.35,47.15,42.57,2751.0,
2026-10-09T14:48:49.853,1st Jul'26,257.14,-17.56,142.5,7.08,127.09,7.85,3.42,1.13,4.59,1.78,44.83,54.8,58.44,41.01,53.78,42.32,44.25,45.49,2748.0,
2026-10-09T14:48:49.853,30th Jun'26,347.37,308.67,133.3,14.52,117.87,4.6,3.54,1.42,4.81,1.39,38.86,60.92,56.91,42.69,51.95,44.08,43.64,46.12,2743.0,
2026-10-09T14:48:49.853,29th Jun'26,79.44,14.34,115.92,-24.31,112.3,-14.37,2.83,1.13,3.09,3.89,35.32,64.46,53.45,46.11,50.76,45.2,42.77,46.91,2752.0,
2026-10-09T14:48:49.853,25th Jun'26,74.16,-59.89,153.3,-23.14,131.49,-13.69,2.52,0.4,2.41,3.25,46.72,52.99,60.26,39.31,54.56,41.5,43.39,46.24,2740.0,
2026-10-09T14:48:49.853,24th Jun'26,184.91,99.9,199.12,2.49,152.39,0.0,2.55,0.58,3.57,1.93,61.61,37.99,66.28,33.28,58.0,38.06,45.17,44.4,2743.0,
2026-10-09T14:48:49.853,23rd Jun'26,92.5,-86.85,193.86,-25.26,152.2,-20.6,3.69,0.33,2.7,2.92,64.35,35.24,65.7,33.89,58.04,38.13,44.34,45.33,2738.0,
2026-10-09T14:48:49.853,22nd Jun'26,596.97,26.07,259.26,16.24,190.85,12.81,4.44,0.33,7.17,1.2,76.97,22.53,71.8,27.69,62.99,33.01,46.14,43.45,2748.0,
2026-10-09T14:48:49.853,19th Jun'26,536.67,-16.9,223.63,-4.64,169.95,-2.1,3.58,0.66,5.88,1.09,76.2,23.36,68.72,30.73,60.47,35.58,44.12,45.47,2740.0,
2026-10-09T14:48:49.853,18th Jun'26,645.83,41.55,234.52,14.76,173.6,5.52,4.01,0.18,5.66,0.88,76.79,22.77,69.67,29.71,60.95,35.11,43.65,45.95,2740.0,
2026-10-09T14:48:49.853,17th Jun'26,456.25,10.8,204.13,2.01,164.52,2.57,2.52,0.44,5.33,1.17,75.98,23.77,66.78,32.71,59.77,36.33,42.64,46.77,2739.0,
2026-10-09T14:48:49.853,MRF,26.16,21.51,-29.46,1.51,1167.97,1655.8,1631.23,4.62,-0.08,8415.5,8044.22,8050.43,15.1,17.42,17.98,18.17,-3.13,-1.04,,
2026-10-09T14:48:49.853,VHL,2.95,4.54,82.93,-0.18,307.27,167.97,168.28,3181.82,-94.27,10.83,0.33,5.76,6.28,0.06,0.05,0.05,0.18,0.0,,
2026-10-09T14:48:49.853,TVSHLTD,9.54,11.84,43.89,-14.0,301.62,209.62,243.75,10.45,1.85,16406.5,14853.59,14583.15,19.39,3.25,3.29,3.12,-1.2,5.33,,
2026-10-09T14:48:49.853,BOSCHLTD,45.32,53.86,23.89,7.02,239.41,193.25,180.58,4.96,13.92,5841.9,5565.7,4885.6,20.96,7.1,7.22,7.34,-1.59,-1.7,,
2026-10-09T14:48:49.853,3MINDIA,36.61,58.55,8.23,447.0,206.9,191.16,-55.09,1.71,13.94,1423.21,1399.24,1228.05,47.32,3.5,3.52,3.5,-0.51,0.54,,
2026-10-09T14:48:49.853,ABBOTINDIA,32.17,33.66,8.51,5.05,201.66,185.85,176.92,6.09,-0.84,1813.68,1709.51,1724.04,43.78,0.38,0.27,0.18,43.5,45.38,,
2026-10-09T14:48:49.853,VADILALIND,9.86,23.52,138.64,34790.91,182.13,76.32,-0.22,63.54,74.22,680.06,415.83,238.68,23.73,1.02,0.58,0.57,74.96,2.34,,
2026-10-09T14:48:49.853,PAGEIND,53.18,53.79,7.88,-5.7,172.86,160.24,169.93,13.4,-9.67,1420.45,1252.6,1386.76,62.12,18.91,19.0,20.72,-0.45,-8.3,,
2026-10-09T14:48:49.853,HONAUT,47.9,52.09,-5.62,31.75,170.45,180.6,137.08,2.01,1.03,1204.4,1180.7,1168.7,16.52,3.95,3.74,3.46,5.67,7.94,,
2026-10-09T14:48:49.853,FORCEMOT,25.74,17.58,-22.24,-31.42,164.36,211.37,308.22,-4.31,19.79,2440.01,2549.84,2128.56,35.5,9.52,10.93,10.46,-12.93,4.51,,
2026-10-09T14:48:49.853,OFSS,16.22,26.52,68.1,38.01,162.59,96.72,70.08,51.33,5.05,3125.2,2065.2,1965.9,42.31,9.7,8.04,8.36,20.59,-3.82,,
2026-10-09T14:48:49.853,DIXON,27.02,36.79,139.74,-7.24,118.0,49.22,53.06,47.92,-1.51,15547.66,10510.51,10671.59,32.06,17.87,18.29,18.68,-2.31,-2.07,,
2026-10-09T14:48:49.853,APARINDS,38.55,60.57,84.45,21.3,116.37,63.09,52.01,-0.07,20.33,6566.62,6571.19,5461.04,31.07,10.75,9.37,9.35,14.73,0.23,,
2026-10-09T14:48:49.853,BAJAJ-AUTO,21.32,22.89,-11.9,33.1,115.5,131.1,98.5,21.99,11.25,20870.23,17107.96,15378.24,28.35,9.01,8.82,8.84,2.14,-0.18,,
2026-10-09T14:48:49.853,NEULANDLAB,45.35,54.17,-30.56,424.23,115.1,165.76,31.62,-17.35,76.54,641.58,776.25,439.71,26.45,21.08,20.46,20.9,3.06,-2.11,,
2026-10-09T14:48:49.853,MARUTI,26.03,24.63,-5.8,-5.67,109.63,116.38,123.38,0.27,4.93,51708.2,51567.5,49143.5,18.39,12.82,14.12,15.76,-9.19,-10.42,,
2026-10-09T14:48:49.853,GESHIP,4.19,5.83,25.37,28.5,91.68,73.13,56.91,32.68,3.92,2005.36,1511.4,1454.44,15.53,31.03,28.44,25.71,9.09,10.64,,
2026-10-09T14:48:49.853,VOLTAMP,28.56,33.18,90.43,-51.65,90.17,47.35,97.94,-11.9,-2.08,543.78,617.23,630.32,23.83,21.53,22.81,21.78,-5.61,4.76,,
2026-10-09T14:48:49.853,ULTRACEMCO,30.13,35.91,-12.87,72.88,88.36,101.41,58.66,-4.46,18.19,24648.2,25799.47,21829.68,12.96,12.36,14.44,15.33,-14.38,-5.82,,
2026-10-09T14:48:49.853,ATUL,17.7,21.92,16.73,30.73,83.32,71.38,54.6,10.65,6.13,1847.95,1670.07,1573.62,14.94,7.44,7.5,7.45,-0.78,0.68,,
2026-10-09T14:48:49.853,BASF,10.06,22.53,420.63,-34.48,83.3,16.0,24.42,40.16,-10.88,4820.06,3439.01,3858.71,14.37,5.21,5.34,4.12,-2.31,29.37,,
2026-10-09T14:48:49.853,STYRENIX,6.38,12.83,88.18,349.84,78.64,41.79,9.29,22.37,-4.99,1010.86,826.1,869.49,13.12,0.86,0.95,1.22,-10.07,-22.01,,
2026-10-09T14:48:49.853,SOLARINDS,69.24,90.29,19.15,22.73,72.11,60.52,49.31,20.16,19.79,3668.2,3052.75,2548.32,33.42,6.4,6.6,6.74,-3.04,-2.09,,
2026-10-09T14:48:49.853,HEROMOTOCO,17.41,17.83,-3.27,15.18,70.59,72.98,63.36,1.14,3.94,13126.35,12978.28,12486.82,34.3,31.08,31.14,29.42,-0.18,5.82,,
2026-10-09T14:48:49.853,MUTHOOTFIN,9.39,9.04,-16.43,19.46,69.72,83.43,69.84,-6.64,13.45,8671.6,9288.71,8187.6,15.86,11.61,12.3,11.75,-5.65,4.69,,
2026-10-09T14:48:49.853,CHENNPETRO,5.38,5.46,-27.46,41.96,69.26,95.48,67.26,62.74,7.23,27369.27,16817.32,15683.17,34.12,15.79,14.99,12.59,5.35,19.03,,
2026-10-09T14:48:49.853,POWERINDIA,116.97,119.86,-10.99,26.41,65.99,74.14,58.65,-9.82,33.94,2441.42,2707.35,2021.31,27.86,12.44,11.67,10.69,6.54,9.2,,
2026-10-09T14:48:49.853,KERNEX,6.67,14.98,60.65,1027.15,65.37,40.69,3.61,97.81,250.66,503.58,254.58,72.6,42.04,2.48,0.3,0.07,737.83,322.57,,
2026-10-09T14:48:49.853,KOVAI,23.31,25.15,9.05,-2.56,63.14,57.9,59.42,4.29,1.62,430.91,413.2,406.62,22.01,1.25,1.2,1.31,3.72,-8.12,,
2026-10-09T14:48:49.853,CRAFTSMAN,41.09,49.95,19.81,11.94,62.12,51.85,46.32,9.22,8.22,2431.58,2226.4,2057.28,13.92,17.28,15.19,16.02,13.74,-5.17,,
2026-10-09T14:48:49.853,KINGFA,28.5,40.85,35.6,30.92,59.19,43.65,33.34,19.03,18.19,688.57,578.47,489.46,23.18,7.74,7.76,7.73,-0.22,0.31,,
2026-10-09T14:48:49.853,TIIL,11.1,17.24,75.72,43.05,58.97,33.56,23.46,13.11,7.44,804.97,711.7,662.43,15.88,0.4,0.4,0.43,0.93,-8.6,,
2026-10-09T14:48:49.853,UFLEX,2.67,6.53,115.91,441.92,58.62,27.15,5.01,31.52,12.15,5201.23,3954.67,3526.31,6.84,10.03,9.21,8.98,8.96,2.5,,
2026-10-09T14:48:49.853,ICRA,18.94,21.19,7.08,35.1,58.36,54.5,40.34,-6.57,6.88,163.37,174.85,163.59,22.0,6.9,7.92,7.25,-12.9,9.37,,
2026-10-09T14:48:49.853,PGHL,22.66,23.98,1.63,21.93,57.92,56.99,46.74,-1.82,-0.91,363.71,370.45,373.86,76.88,6.33,6.2,6.97,2.13,-11.11,,
2026-10-09T14:48:49.853,SUNDARMFIN,17.89,20.41,14.78,2.36,57.71,50.28,49.12,3.27,1.85,2644.13,2560.37,2513.95,9.35,18.58,18.97,19.13,-2.03,-0.88,,
2026-10-09T14:48:49.853,GRWRHITECH,30.7,41.5,22.58,94.0,57.1,46.58,24.01,6.1,30.07,633.08,596.69,458.74,17.96,4.22,3.98,3.95,6.01,0.83,,
2026-10-09T14:48:49.853,VSTTILLERS,18.74,33.43,850.25,-83.27,55.97,5.89,35.21,-4.58,4.51,313.4,328.46,314.3,13.06,1.21,1.84,1.61,-34.42,14.56,,
2026-10-09T14:48:49.853,LUMAXIND,24.14,26.41,-5.58,16.23,54.64,57.87,49.79,1.91,14.02,1223.23,1200.32,1052.72,16.43,1.36,1.63,1.38,-16.77,18.22,,
2026-10-09T14:48:49.853,EICHERMOT,33.07,32.16,-3.81,6.99,53.3,55.41,51.79,8.85,-0.65,6488.74,5960.93,5999.83,29.14,25.53,26.78,27.01,-4.67,-0.88,,
2026-10-09T14:48:49.853,POLYCAB,39.61,42.65,-0.17,26.34,52.09,52.18,41.3,-7.39,16.09,8209.73,8864.48,7636.13,34.08,19.0,18.21,14.82,4.32,22.84,,
2026-10-09T14:48:49.853,PANAMAPET,2.43,6.33,334.55,55.22,51.06,11.75,7.57,110.89,6.16,1735.15,822.77,775.05,19.11,11.13,11.72,11.29,-5.07,3.84,,
2026-10-09T14:48:49.853,DVL,1.4,4.88,615.97,304.07,49.76,6.95,1.72,226.37,-1.0,231.59,70.96,71.68,6.63,0.55,0.57,0.63,-2.9,-10.01,,
2026-10-09T14:48:49.853,LTM,20.58,22.19,5.3,43.42,49.46,46.97,32.75,2.8,4.74,11608.0,11291.7,10781,26.84,6.31,6.63,6.51,-4.79,1.93,,
2026-10-09T14:48:49.853,GILLETTE,36.5,35.43,-17.18,11.62,48.93,59.08,52.93,-1.13,0.25,783.02,792,790,81.46,4.33,4.36,4.78,-0.68,-8.72,,
2026-10-09T14:48:49.853,M&M,14.39,16.64,16.83,-0.19,48.8,41.77,41.85,4.81,6.42,57533.44,54891.55,51579.95,15.27,34.3,35.61,36.88,-3.67,-3.46,,
2026-10-09T14:48:49.853,NAVINFLUOR,44.03,54.6,14.36,14.68,47.45,41.49,36.18,11.45,5.08,1045.08,937.71,892.37,20.4,23.73,23.78,23.74,-0.23,0.18,,
2026-10-09T14:48:49.853,GALAXYSURF,13.3,24.12,165.91,5.83,46.8,17.6,16.63,35.54,-1.11,1781.9,1314.7,1329.49,12.98,3.82,3.99,4.09,-4.21,-2.58,,
2026-10-09T14:48:49.853,VEEDOL,7.41,10.49,35.61,31.92,45.85,33.81,25.63,0.26,12.82,608.57,606.98,538.02,23.29,1.02,1.06,1.17,-3.86,-9.13,,
2026-10-09T14:48:49.853,SWARAJENG,18.82,21.01,1.76,29.57,45.7,44.91,34.66,7.81,15.34,588.39,545.79,473.2,56.84,2.43,2.82,3.15,-14.04,-10.36,,
2026-10-09T14:48:49.853,FINEORG,30.2,37.65,17.59,58.94,45.06,38.32,24.11,11.01,12.71,694.17,625.32,554.8,21.74,4.28,4.4,4.43,-2.79,-0.68,,
2026-10-09T14:48:49.853,AMBIKCO,8.2,10.44,4.76,61.7,44.89,42.85,26.5,19.87,23.53,257.92,215.16,174.17,11.5,0.47,0.33,0.38,40.53,-13.22,,
2026-10-09T14:48:49.853,KIRIINDUS,3.05,0.57,-46.64,-89.92,44.89,84.13,834.39,24.69,44.31,312.36,250.5,173.59,3.36,16.75,18.32,19.66,-8.59,-6.83,,
2026-10-09T14:48:49.853,FOSECOIND,34.85,48.79,7.83,130.88,44.74,41.49,17.97,14.63,6.85,231.41,201.88,188.94,18.5,0.08,0.08,0.1,4.52,-20.78,,
2026-10-09T14:48:49.853,PFIZER,21.31,23.34,2.31,40.86,44.69,43.68,31.01,3.8,-2.45,653.17,629.23,645.03,22.62,1.65,2.81,2.71,-41.33,3.65,,
2026-10-09T14:48:49.853,TCPLPACK,24.18,31.47,84.16,-13.26,43.96,23.87,27.52,8.62,-3.69,492.97,453.83,471.22,16.33,1.02,1.04,0.96,-2.59,8.24,,
2026-10-09T14:48:49.853,SMLMAH,33.32,54.13,17.35,209.33,43.96,37.46,12.11,6.67,66.46,957.54,897.65,539.27,28.79,1.24,0.77,0.61,61.96,26.38,,
2026-10-09T14:48:49.853,ALKEM,30.25,29.09,119.98,-62.83,43.49,19.77,53.19,3.8,-3.57,3740.15,3603.32,3736.82,19.68,10.42,10.16,9.97,2.56,1.84,,
2026-10-09T14:48:49.853,ARMANFIN,9.94,15.38,9.98,84.86,42.96,39.06,21.13,14.92,9.69,201.78,175.58,160.07,11.77,3.08,2.61,1.68,18.09,55.03,,
2026-10-09T14:48:49.853,CHOLAHLDNG,8.16,9.64,17.3,9.81,42.92,36.59,33.32,7.21,4.2,11113.57,10366.2,9948.79,10.52,13.0,13.8,16.47,-5.86,-16.17,,
2026-10-09T14:48:49.853,SOTL,4.54,12.66,507.96,24.95,42.01,6.91,5.53,21.16,14.16,1470.51,1213.7,1063.18,13.36,1.02,0.88,0.87,15.78,1.16,,
2026-10-09T14:48:49.853,KENNAMET,25.71,46.14,72.75,110.44,40.39,23.38,11.11,18.48,20.69,477.6,403.1,334,18.9,0.23,0.35,0.38,-32.7,-7.68,,
2026-10-09T14:48:49.853,APOLLOHOSP,49.49,52.75,9.7,5.38,40.39,36.82,34.94,6.63,1.98,7043.5,6605.5,6477.4,18.12,43.18,41.5,42.62,4.07,-2.63,,
2026-10-09T14:48:49.853,DEEPAKFERT,8.99,17.83,251.63,-1.52,38.82,11.04,11.21,8.13,6.41,3256.26,3011.38,2830.07,11.71,10.02,10.31,10.31,-2.89,0.04,,
2026-10-09T14:48:49.853,BFINVEST,2.76,4.12,27.79,27.81,38.76,30.33,23.73,-69.87,270.33,11.28,37.44,10.11,4.86,0.71,0.66,0.66,7.18,-0.14,,
2026-10-09T14:48:49.853,PIXTRANS,11.19,18.15,160.85,-42.66,38.71,14.84,25.88,-12.6,12.93,149.25,170.77,151.22,20.91,0.61,0.42,0.98,45.84,-57.56,,
2026-10-09T14:48:49.853,TCS,14.13,14.55,3.98,-2.69,38.37,36.9,37.92,1.26,2.23,73188.0,72275,70698,58.92,9.06,9.66,10.37,-6.2,-6.88,,
2026-10-09T14:48:49.853,BLUEDART,30.58,37.67,81.11,-28.48,37.29,20.59,28.79,8.1,-5.12,1657.72,1533.47,1616.16,15.02,3.35,3.42,4.13,-2.2,-17.19,,
2026-10-09T14:48:49.853,ESABINDIA,37.0,37.18,28.9,1.29,36.48,28.3,27.94,6.41,4.47,421.12,395.75,378.83,66.82,1.62,1.55,1.51,4.46,2.95,,
2026-10-09T14:48:49.853,JKCEMENT,33.99,40.59,-16.64,90.62,35.91,43.08,22.6,3.71,12.26,4031.72,3887.5,3463.07,13.88,16.83,16.84,17.87,-0.03,-5.77,,
2026-10-09T14:48:49.853,IMFA,8.31,11.99,86.36,-21.37,35.65,19.13,24.33,25.83,8.6,960.45,763.29,702.83,18.26,2.88,3.59,3.87,-19.83,-7.22,,
2026-10-09T14:48:49.853,VENKEYS,11.32,13.06,-50.68,108.7,35.49,71.96,34.48,1.63,14.61,1118.38,1100.47,960.15,11.73,1.27,1.14,1.4,11.94,-18.69,,
2026-10-09T14:48:49.853,CERA,35.61,31.45,-41.41,226.76,35.13,59.96,18.35,-22.12,25.06,485.98,624,498.97,18.29,15.43,14.19,14.61,8.72,-2.9,,
2026-10-09T14:48:49.853,ESCORTS,19.5,22.07,20.43,-10.56,35.08,29.13,32.57,8.07,-9.52,3207.55,2968.16,3280.49,13.7,6.36,5.72,5.25,11.27,8.99,,
2026-10-09T14:48:49.853,TASTYBITE,63.39,64.23,47.16,-65.64,34.45,23.41,68.14,32.38,-33.51,155.53,117.49,176.71,13.66,3.73,3.67,3.66,1.6,0.1,,
2026-10-09T14:48:49.853,MASTEK,12.37,12.24,-0.26,-2.06,34.16,34.25,34.97,5.04,3.57,985.25,938,905.68,16.73,7.45,8.03,10.26,-7.23,-21.8,,
2026-10-09T14:48:49.853,STLTECH,1023.25,1.16,955.5,932.0,944.79,1140.95,0.57,63.48,203.53,76.04,industrials,cables - telephone,38.81,8.3,468.52,2.88,10.19,917.4,851.77,187.4
2026-10-09T14:48:49.853,CUPID,366.85,2.86,324.38,302.1,302.85,462.85,1.18,277.92,131.12,78.8,fmcg,personal care - indian,25.84,21.13,296.18,2.66,3.46,327.35,298.88,164.92
2026-10-09T14:48:49.853,MTARTECH,7828.0,-0.27,7459.76,7426.0,7416.79,8444.82,0.35,119.84,180.91,61.44,aerospace & defence,engineering,19.68,5.54,110.93,0.64,2.15,7164.64,6720.62,72.41
2026-10-09T14:48:49.853,HFCL,261.0,1.04,240.49,234.0,229.52,308.22,0.58,43.79,67.27,63.11,telecom,cables - telephone,20.89,13.71,275.03,1.8,3.13,231.89,218.06,64.55
2026-10-09T14:48:49.853,CPPLUS,4091.0,2.99,3841.6,3833.5,3796.27,4533.1,0.73,84.73,97.21,63.59,consumer discretionary,trading,20.93,7.76,148.91,0.93,1.83,3727.65,3463.13,49.35
2026-10-09T14:48:49.853,LAURUSLABS,2042.1,2.21,1949.12,1955.1,2004.81,2098.04,0.5,74.97,98.61,61.34,healthcare,pharmaceuticals - indian - bulk drugs & formln,25.2,1.86,96.82,0.73,0.94,1934.65,1859.96,31.03
2026-10-09T14:48:49.853,SYRMA,1719.7,2.31,1642.28,1657.6,1724.29,1712.82,0.42,82.84,87.32,56.71,consumer discretionary,electronics - components,25.52,-0.27,126.0,0.84,1.5,1560.23,1454.94,28.93
2026-10-09T14:48:49.853,RRKABEL,2713.6,0.64,2605.82,2533.1,2532.77,2984.85,0.46,37.4,50.18,59.63,industrials,cables - power,28.03,7.14,86.49,0.83,0.94,2518.32,2391.56,26.78
2026-10-09T14:48:49.853,BBOX,911.05,6.36,840.84,794.2,816.14,1053.42,8.26,72.31,61.4,66.85,i.t,computers - software - medium / small,37.81,11.63,78.55,0.61,0.84,801.56,743.39,17.43
2026-10-09T14:48:49.853,GLAND,3074.3,-0.16,2948.04,2863.1,2919.38,3306.68,0.21,39.97,44.94,60.81,healthcare,pharmaceuticals - indian - formulations,29.18,5.31,82.16,0.64,0.77,2858.2,2743.72,14.9
2026-10-09T14:48:49.853,PTCIL,24525.0,0.23,23716.0,21665.0,22278.6,27894.6,0.61,314.91,292.07,67.12,"castings, forgings & fasteners",castings & forgings,39.88,10.08,38.9,0.51,0.36,22752.76,21798.57,13.23
2026-10-09T14:48:49.853,ABDL,718.75,3.65,676.3,680.25,706.19,737.59,1.37,102.1,88.56,63.24,fmcg,breweries & distilleries,26.0,1.78,50.4,0.32,0.55,656.37,613.03,8.57
2026-10-09T14:48:49.853,PVRINOX,1324.6,1.18,1282.82,1216.0,1246.49,1441.77,0.71,57.59,28.91,58.79,media,entertainment / electronic media software,26.21,6.27,26.78,0.31,0.38,1217.99,1153.64,5.66
2026-10-09T14:48:49.853,COFORGE,1871.5,3.15,1802.22,1793.8,1739.49,2069.52,0.84,37.92,36.85,56.93,i.t,computers - software - large,21.55,7.59,64.34,0.4,0.11,1744.03,1661.04,4.38
2026-10-09T14:48:49.853,PERSISTENT,5704.0,4.32,5389.02,5387.5,5251.97,6382.05,1.12,46.18,44.39,61.05,i.t,computers - software - large,14.7,8.61,18.17,-0.02,-0.1,5363.2,5107.6,2.74
2026-10-09T14:48:49.853,KOTAKBANK,444.35,2.15,429.09,413.75,414.01,489.86,1.68,20.16,7.48,69.41,bank,banks - private sector,33.47,7.33,13.53,0.1,0.02,421.67,405.16,1.78
2026-10-09T14:48:49.853,AXISBANK,1263.6,1.49,1215.3,1216.4,1207.38,1347.93,0.78,12.87,13.92,57.04,bank,banks - private sector,18.6,4.66,-3.88,-0.14,-0.03,1210.77,1171.54,1.73
2026-10-09T14:48:49.853,SUNTV,635.95,3.54,596.43,595.2,593.66,699.38,0.97,10.12,15.81,76.61,media,entertainment / electronic media software,46.94,7.12,9.84,-0.05,0.09,570.94,526.19,1.59
2026-10-09T14:48:49.853,PETRONET,291.35,0.99,283.37,286.5,284.93,300.98,0.93,9.61,10.28,53.29,energy,miscellaneous,19.08,2.25,0.69,0.02,0.01,277.63,271.44,1.31
2026-10-09T14:48:49.853,TRENT,2919.9,1.52,2797.9,2572.8,2657.03,3314.21,0.6,75.02,62.51,61.16,consumer discretionary,trading,32.08,9.89,17.93,0.04,0.13,2746.19,2626.51,-1.8
2026-10-09T14:48:49.853,AIIL,550.55,0.08,536.06,539.0,543.26,561.49,0.12,10.55,8.03,52.3,financials,finance & investments,19.02,1.34,13.36,0.18,0.02,523.12,508.34,-2.33
2026-10-09T14:48:49.853,ICICIGI,1684.1,3.7,1587.6,1561.1,1559.73,1870.66,1.36,52.11,33.29,66.39,financials,finance & investments,25.15,7.97,-10.85,-0.13,-0.09,1588.05,1531.31,-2.95
2026-10-09T14:48:49.853,BLUESTARCO,1585.5,4.38,1503.91,1460.4,1513.18,1693.98,0.74,79.43,61.35,56.23,consumer discretionary,air-conditioners,14.49,4.78,-16.0,-0.16,-0.1,1478.75,1402.19,-3.65
2026-10-09T14:48:49.853,HDFCLIFE,559.0,2.66,536.4,524.55,530.11,602.33,0.46,49.38,59.44,58.8,financials,finance & investments,16.52,5.45,-14.78,-0.17,-0.24,529.08,508.59,-6.46
2026-10-09T14:48:49.853,LEMONTREE,110.58,0.48,106.41,106.8,106.35,116.92,0.46,47.66,37.05,58.95,services,hotels,22.65,3.97,2.78,-0.09,-0.14,104.08,99.82,-7.87
2026-10-09T14:48:49.853,LGEINDIA,1753.3,1.76,1680.6,1705.0,1724.36,1796.7,0.37,45.56,64.08,59.11,consumer discretionary,electronics - consumer,31.27,1.68,11.51,0.08,0.21,1645.17,1575.58,NaN
2026-10-09T14:48:49.853,PWL,143.62,2.24,132.35,120.71,129.57,164.7,0.83,-132.98,1170.67,64.18,services,miscellaneous,21.02,10.85,73.22,0.31,0.1,128.48,118.0,NaN
2026-10-09T03:50:21.073,HESTERBIO,4.55,12.86,484.63,77.79,113.71,19.45,10.94,-22.84,29.31,77.24,100.11,77.42,14.56,0.31,0.38,0.52,-16.79,-26.62,,
2026-10-09T03:50:21.073,BBTC,7.41,6.62,-35.08,40.34,41.31,63.63,45.34,5.58,-3.89,5052.15,4785.34,4979.09,43.37,9.46,9.49,9.42,-0.3,0.73,,
2026-10-09T03:50:21.073,NAHARCAP,1.43,3.24,270.81,39.05,40.27,10.86,7.81,19.92,65.89,9.39,7.83,4.72,5.03,0.31,0.31,0.31,-0.74,0.75,,
2026-10-09T03:50:21.073,DCMSHRIRAM,6.01,10.83,77.59,40.88,39.78,22.4,15.9,11.89,-16.23,3548.12,3171.16,3785.63,11.19,3.89,3.97,3.97,-2.13,-0.04,,
2026-10-08T22:58:40.281,16th Jun'26,394.44,-64.7,198.92,15.77,159.92,4.0,2.34,0.36,5.12,1.3,74.07,25.64,66.21,33.29,59.0,36.89,41.8,47.53,2773.0,
2026-10-08T05:15:54.145,WELCORP,2704.6,1.64,2572.79,2450.0,2659.72,2771.92,0.54,17.04,30.88,56.0,industrials,steel - large,29.56,1.69,234.35,1.62,2.48,2385.65,2161.84,55.17
2026-10-08T05:15:54.145,AEGISLOG,1460.2,4.61,1355.73,1312.5,1358.26,1613.11,1.72,26.45,40.96,59.79,services,trading,21.26,7.5,120.01,1.22,1.14,1314.21,1225.52,24.88
2026-10-08T05:15:54.145,MCX,3362.6,1.59,3202.44,3150.0,3204.91,3599.13,1.04,51.86,21.78,57.31,financials,miscellaneous,17.34,4.92,32.72,0.17,0.4,3125.12,2959.01,24.72
2026-10-08T05:15:54.145,FINCABLES,1483.5,0.64,1434.13,1428.9,1460.14,1518.54,0.29,22.78,28.36,64.74,industrials,cables - power,41.66,1.6,53.16,0.62,1.01,1384.31,1321.32,21.72
2026-10-08T05:15:54.145,DIVISLAB,9588.0,0.4,9304.12,9078.0,9360.61,9929.08,0.81,70.6,87.0,61.5,healthcare,pharmaceuticals - indian - bulk drugs,36.02,2.43,51.49,0.48,0.54,9146.82,8887.94,16.31
2026-10-08T05:15:54.145,BALRAMCHIN,706.6,2.21,673.85,638.0,649.16,792.76,0.44,81.78,38.51,58.45,fmcg,sugar,24.87,8.85,46.99,0.36,0.72,649.12,609.41,14.11
2026-10-08T05:15:54.145,THELEELA,602.45,3.39,564.97,532.0,542.18,692.86,1.1,103.16,33.23,68.61,services,hotels,32.24,11.12,38.95,0.31,0.42,548.61,513.04,11.04
2026-10-08T05:15:54.145,NYKAA,341.25,0.9,330.26,316.0,324.14,366.91,1.1,304.69,383.43,56.12,i.t,trading,18.74,5.28,34.14,0.23,0.37,320.42,309.99,10.95
2026-10-08T05:15:54.145,MRPL,182.86,4.66,170.77,161.5,162.41,213.54,2.01,8.47,10.2,62.91,energy,refineries,20.5,12.59,-11.14,-0.04,0.16,165.3,153.67,8.17
2026-10-08T05:15:54.145,ADANIGREEN,1341.4,2.16,1284.49,1250.4,1257.79,1466.81,3.81,66.41,128.49,57.39,power & utilities,power generation and supply,14.36,6.65,56.27,0.18,0.48,1251.7,1220.83,7.53
2026-10-08T05:15:54.145,KPIL,1458.4,0.48,1402.97,1345.1,1365.63,1597.55,0.72,20.08,21.91,61.32,realty,transmisson line towers / equipment,24.48,6.79,28.66,0.18,0.31,1358.65,1294.13,4.93
2026-10-08T05:15:54.145,TEGA,2123.6,1.49,2043.79,2020.0,2124.47,2122.3,0.95,-46.29,560.32,68.02,industrials,engineering,36.22,-0.04,21.79,0.14,0.16,1934.79,1836.88,3.16
2026-10-08T05:15:54.145,USHAMART,520.25,0.69,499.8,481.0,503.6,545.23,1.09,27.91,31.25,56.63,metals & mining,steel - medium / small,13.18,3.31,24.34,0.11,0.21,485.18,462.02,2.66
2026-10-08T05:15:54.145,ENRIN,3344.0,1.1,3210.77,3187.0,3183.44,3584.84,0.72,67.53,80.02,57.3,power & utilities,power generation and supply,15.22,5.04,14.52,0.11,0.44,3116.59,3008.93,0.5
2026-10-08T05:15:54.145,VBL,440.75,0.33,426.3,415.35,430.01,456.86,0.53,24.49,44.03,59.85,fmcg,food - processing - indian,19.64,2.5,-1.34,-0.04,-0.11,420.57,408.73,-0.83
2026-10-08T01:01:28.305,REDINGTON,406.5,0.2,393.47,392.5,405.7,407.69,0.3,16.34,18.68,60.23,services,trading,41.79,0.2,65.41,0.72,0.48,379.42,363.61,10.82
2026-10-08T01:01:28.305,GODIGIT,264.75,2.38,253.82,251.05,247.69,290.34,1.01,71.17,49.67,57.22,financials,finance & investments,19.79,6.89,-20.89,-0.24,-0.2,247.13,239.01,-5.6
2026-10-07T19:02:38.073,15th Jun'26,832.26,-43.35,172.4,88.27,153.27,45.33,3.34,0.32,9.26,1.11,72.84,26.77,62.97,36.53,58.02,37.85,40.69,48.76,2787.0,
2026-10-07T11:45:09.388,ENGINERSIN,314.45,0.37,302.08,303.05,307.61,324.71,0.33,27.98,22.46,68.08,realty,engineering - turnkey services,42.55,2.22,53.69,0.39,0.7,289.48,272.46,15.45
2026-10-07T11:45:09.388,RBLBANK,416.65,0.52,402.09,403.35,408.92,428.24,0.19,33.39,29.73,56.89,bank,banks - private sector,19.01,1.89,37.2,0.21,0.35,397.69,383.63,11.57
2026-10-07T11:45:09.388,NUVAMA,1853.8,0.82,1781.05,1645.5,1645.77,2165.84,0.23,27.62,15.83,65.05,financials,finance & investments,18.41,12.64,51.34,0.32,0.31,1708.21,1600.22,10.96
2026-10-07T11:45:09.388,MOTILALOFS,1084.45,0.31,1038.51,965.05,993.85,1220.35,0.53,12.82,32.84,65.76,financials,finance & investments,22.32,9.12,51.54,0.31,0.35,1013.5,962.63,5.23
2026-10-07T11:45:09.388,ACE,1256.4,0.34,1211.18,1180.1,1228.94,1297.6,0.31,31.28,34.11,65.31,industrials,engineering,28.25,2.23,43.01,0.34,0.53,1179.75,1125.87,5.17
2026-10-07T11:45:09.388,MANKIND,2510.3,0.41,2450.88,2455.0,2472.54,2566.94,0.26,45.61,50.52,58.13,healthcare,pharmaceuticals - indian - bulk drugs & formln,26.22,1.53,14.81,0.13,0.16,2388.76,2317.31,1.16
2026-10-07T11:45:09.388,INDHOTEL,737.45,0.2,716.53,712.3,718.21,766.32,0.67,73.45,48.84,55.3,services,hotels,14.02,2.68,18.27,0.08,0.09,705.51,687.1,0.55
2026-10-07T11:45:09.388,CYIENT,1131.0,1.04,1089.86,1050.1,1067.75,1225.87,0.12,30.02,32.68,62.16,i.t,computers - software - medium / small,28.17,5.92,27.91,0.17,-0.03,1037.56,974.08,0.18
2026-10-07T11:45:09.388,DRREDDY,1214.6,0.55,1183.84,1189.0,1210.14,1221.29,0.38,56.97,31.22,56.0,healthcare,pharmaceuticals - indian - bulk drugs & formln,26.53,0.37,-6.83,-0.08,0.01,1167.72,1140.76,-0.54
2026-10-07T11:45:09.388,COHANCE,459.9,0.64,445.26,435.0,441.2,487.95,0.54,-182.5,164.39,54.77,healthcare,pharmaceuticals - indian - bulk drugs & formln,26.46,4.24,64.31,0.34,0.16,425.1,414.6,-9.58
2026-10-07T11:45:09.388,MEESHO,237.22,-0.42,229.32,217.3,223.73,257.46,0.35,-211.8,-86.63,62.6,transportation,miscellaneous,31.56,6.03,48.98,0.32,0.32,214.86,201.21,NaN
2026-10-07T02:26:16.713,KIRLOSENG,2266.1,1.0,2176.58,2124.3,2163.61,2419.83,0.68,72.45,60.32,55.13,industrials,engines,18.74,4.74,54.43,0.42,0.99,2039.34,1878.67,33.43
2026-10-07T02:26:16.713,WELSPUNLIV,237.86,3.3,226.37,222.62,226.63,254.7,0.67,35.19,77.99,71.49,textiles,textiles - products,51.0,4.95,98.09,0.78,1.03,216.5,203.34,24.97
2026-10-07T02:26:16.713,BHEL,452.0,5.36,419.15,402.6,412.51,511.24,3.0,104.63,64.66,64.41,industrials,electric equipment,17.12,9.57,75.8,0.57,0.75,421.93,401.29,22.25
2026-10-07T02:26:16.713,SCHNEIDER,1274.0,0.47,1225.1,1182.4,1198.22,1387.67,0.34,612.5,165.67,57.11,industrials,electric equipment,15.31,6.32,45.75,0.21,1.1,1177.38,1123.72,14.04
2026-10-07T02:26:16.713,GRAPHITE,851.2,4.26,800.71,756.9,809.08,914.39,1.01,24.13,77.95,63.14,industrials,electrodes - graphites,32.5,5.21,24.39,0.22,0.32,779.79,736.53,12.95
2026-10-07T02:26:16.713,JSWINFRA,363.05,1.02,352.21,340.95,352.49,378.88,0.65,55.01,50.99,61.89,transportation,miscellaneous,16.3,2.99,39.01,0.31,0.31,339.74,326.15,4.01
2026-10-07T02:26:16.713,INDUSTOWER,389.1,2.34,375.05,358.2,369.13,419.06,1.09,14.69,14.35,57.42,telecom,transmisson line towers / equipment,14.23,5.41,-13.73,-0.19,-0.09,367.82,355.05,2.1
2026-10-07T02:26:16.713,CASTROLIND,200.2,0.35,194.77,196.5,198.42,202.88,0.6,14.26,18.37,64.73,chemicals,chemicals,38.75,0.9,7.51,0.03,0.06,192.46,187.7,0.84
2026-10-07T02:26:16.713,IDBI,87.01,0.81,83.12,81.32,80.72,96.45,0.62,10.99,10.04,56.89,bank,banks - private sector,17.08,7.79,-20.86,0.09,-0.12,81.08,76.88,-0.92
2026-10-07T02:26:16.713,JSL,750.95,1.21,727.21,726.0,735.2,774.57,0.61,20.1,19.04,54.09,metals & mining,steel - large,15.95,2.14,-2.34,-0.08,-0.04,711.58,690.71,-1.31
2026-10-07T02:26:16.713,NAVA,575.0,3.29,546.84,540.2,541.8,624.81,2.0,14.67,21.54,59.3,miscellaneous,diversified - large,18.24,6.13,0.35,-0.09,0.04,543.4,522.7,-3.05
2026-10-06T21:34:26.822,12th Jun'26,1790.48,3580.42,91.13,139.34,105.57,67.09,1.66,0.51,13.58,0.76,54.39,45.47,47.49,52.11,49.26,46.66,36.91,52.55,2769.0,
2026-10-06T04:20:39.312,CARBORUNIV,1267.6,2.25,1206.09,1194.0,1212.14,1350.78,0.7,78.44,114.51,62.43,industrials,abrasives and grinding wheels,33.1,4.58,58.69,0.36,0.51,1151.0,1076.05,9.2
2026-10-06T04:20:39.312,COALINDIA,425.1,1.12,413.17,416.3,421.12,431.07,0.89,7.4,8.4,54.66,metals & mining,mining / minerals / metals,22.15,0.95,-2.3,-0.15,-0.05,408.0,400.98,1.86
2026-10-06T04:20:39.312,DLF,673.0,2.22,650.72,650.55,647.04,711.93,0.98,52.41,37.47,53.38,realty,construction,13.4,4.01,18.28,0.16,0.01,635.44,610.78,-1.17
2026-10-06T04:20:39.312,WHIRLPOOL,871.75,1.17,833.1,850.1,823.62,943.95,0.54,26.87,44.07,59.72,consumer discretionary,domestic appliances,33.05,5.84,-3.11,-0.02,0.06,764.01,700.15,-6.14
2026-10-05T21:57:20.062,11th Jun'26,48.65,-7.06,38.05,-25.7,63.18,-26.11,1.19,1.7,1.95,4.01,24.04,75.78,27.44,72.13,37.17,58.82,32.39,57.05,2766.0,
2026-10-05T01:32:34.909,HEG,248.5,4.83,236.08,214.1,234.98,268.78,2.54,9.8,12.87,55.64,industrials,electrodes - graphites,44.37,5.75,34.68,0.38,0.16,224.0,206.03,10.83
2026-10-02T02:39:59.347,NDGL,1.66,-735.06,235.92,-237.33,363.58,-267.5,-79.3,151.88,-72.75,94.48,37.51,137.66,-3.46,0.0,0.0,0.0,NaN,NaN,,
2026-10-02T02:39:59.347,LALPATHLAB,2005.1,0.91,1897.48,1865.0,1906.92,2152.36,1.43,49.39,48.34,67.22,healthcare,healthcare,31.6,5.15,42.68,0.37,0.39,1857.26,1768.88,6.47
2026-10-01T21:53:40.47,10th Jun'26,52.71,-89.17,51.26,-26.83,85.58,-27.37,2.24,0.76,2.46,4.66,29.24,70.58,33.76,65.85,44.2,51.64,35.06,54.35,2767.0,
2026-10-01T01:26:20.163,SONACOMS,830.0,1.76,800.07,797.7,794.19,883.72,1.11,71.55,74.11,58.47,auto,auto ancillaries,25.06,4.51,55.38,0.54,0.74,782.54,753.95,22.9
2026-10-01T01:26:20.163,AJANTPHARM,3620.8,1.78,3495.76,3500.0,3477.04,3836.44,3.62,33.84,39.86,59.32,healthcare,pharmaceuticals - indian - formulations,16.35,4.13,20.94,0.2,0.29,3431.39,3427.44,10.01
2026-10-01T01:26:20.163,ADANIPORTS,1798.3,-1.3,1739.89,1736.6,1780.45,1825.07,1.38,28.62,30.69,55.96,transportation,miscellaneous,19.25,1.0,18.28,0.2,0.22,1703.39,1637.12,6.02
2026-10-01T01:26:20.163,ASAHIINDIA,958.85,0.09,936.98,923.0,944.94,979.72,0.48,40.98,55.84,52.48,building materials,glass & glass products,12.87,1.47,6.55,0.08,-0.03,900.89,873.28,1.05
2026-10-01T01:26:20.163,TECHNOE,1008.75,-0.14,981.47,966.2,978.91,1053.51,0.72,31.44,27.22,53.2,realty,engineering - turnkey services,16.89,3.05,-13.98,-0.12,-0.02,935.46,899.09,-6.02
2026-10-01T01:26:20.163,ITCHOTELS,164.13,2.24,157.04,156.33,155.2,177.53,0.91,47.16,39.45,56.44,services,hotels,16.45,5.75,-6.25,0.02,-0.17,155.33,149.5,-6.69
2026-09-30T20:30:19.863,9th Jun'26,486.96,1353.49,70.21,59.52,117.93,29.91,1.95,0.83,8.1,1.66,37.79,62.06,41.09,58.52,51.86,43.98,36.64,52.73,2765.0,
2026-09-30T13:49:38.989,BELRISE,241.93,0.59,235.69,239.2,238.61,246.9,0.15,44.15,40.22,54.15,auto,auto ancillaries,16.3,1.39,29.3,0.17,0.35,227.57,219.0,12.09
2026-09-30T13:49:38.989,APLAPOLLO,2207.1,0.85,2144.04,2158.2,2157.22,2281.93,0.35,58.2,49.44,55.84,industrials,steel - large,25.88,2.31,-1.21,0.07,0.1,2108.26,2051.53,7.14
2026-09-30T04:30:48.024,BANDHANBNK,185.31,2.38,175.71,179.3,179.59,193.89,0.66,14.9,22.06,58.13,bank,banks - private sector,23.15,3.19,0.0,0.16,0.25,172.39,162.69,3.81
2026-09-30T04:30:48.024,JYOTICNC,1059.3,1.26,1014.54,1025.0,1040.21,1087.93,0.55,105.51,74.92,58.28,industrials,engineering,31.16,1.84,26.36,0.27,0.09,962.91,908.27,3.4
2026-09-30T04:30:48.024,HBLENGINE,808.3,2.88,758.18,747.5,764.96,873.31,1.33,51.16,28.68,68.25,auto,auto ancillaries,32.66,5.67,15.57,0.13,-0.08,738.63,689.68,-0.39
2026-09-30T04:30:48.024,RHIM,393.2,1.71,371.76,378.3,371.3,426.05,0.88,31.41,-22.97,62.14,building materials,refractories / intermediates,18.66,5.9,-10.46,-0.01,-0.15,365.94,351.89,-3.9
2026-09-30T04:30:48.024,ELECON,480.4,-0.07,458.64,420.1,429.99,556.02,1.01,38.25,45.62,67.79,industrials,engineering,22.62,11.72,13.46,0.16,0.16,437.0,411.56,-4.28
2026-09-30T04:30:48.024,ICICIAMC,3233.0,0.58,3103.66,3132.4,3102.01,3429.49,1.69,52.31,25.73,61.8,financials,finance & investments,23.09,4.22,3.85,0.04,0.17,3067.46,2975.3,NaN
2026-09-29T19:28:05.884,8th Jun'26,35.64,-82.04,44.25,-37.26,90.56,-41.55,2.19,1.33,2.59,7.26,24.7,75.04,30.56,69.08,45.52,50.27,33.76,55.63,2781.0,
2026-09-29T12:31:06.552,ACMESOLAR,439.45,0.35,419.34,427.9,435.95,444.7,0.27,29.61,44.73,60.7,realty,engineering - turnkey services,33.31,0.8,87.26,0.52,0.89,399.3,370.54,13.57
2026-09-29T12:31:06.552,AUROPHARMA,1704.0,0.38,1656.89,1686.8,1693.25,1720.13,0.51,23.85,26.52,55.79,healthcare,pharmaceuticals - indian - bulk drugs & formln,23.39,0.64,39.65,0.17,0.41,1641.89,1600.1,12.37
2026-09-29T12:31:06.552,INDGN,619.5,1.01,594.81,587.25,588.31,666.29,0.61,32.0,36.7,68.21,healthcare,miscellaneous,28.44,5.3,23.99,0.23,0.17,583.4,558.63,2.45
2026-09-29T12:31:06.552,JUBLPHARMA,1061.15,0.07,1015.48,1036.2,1068.78,1049.71,0.44,74.31,47.7,66.59,healthcare,pharmaceuticals - indian - bulk drugs,37.94,-0.71,20.28,0.2,-0.01,990.3,948.31,-0.41
2026-09-29T03:06:12.421,ZYDUSLIFE,1215.0,0.92,1177.18,1156.0,1138.05,1330.43,2.75,32.49,27.08,66.56,healthcare,pharmaceuticals - indian - bulk drugs & formln,17.48,6.76,32.19,0.29,0.31,1161.04,1134.17,5.05
2026-09-28T21:25:50.718,5th Jun'26,204.76,-47.56,70.58,3.47,156.14,1.27,2.56,0.61,4.66,2.28,39.26,60.38,41.24,58.43,58.36,37.38,36.84,52.44,2769.0,
2026-09-28T13:07:34.058,LICHSGFIN,574.3,1.47,551.25,558.6,561.57,593.4,0.53,5.27,5.43,63.12,financials,finance - housing,31.51,2.27,5.12,0.07,0.07,545.95,525.08,-0.16
2026-09-27T12:21:25.279,4th Jun'26,390.48,189.96,68.19,21.03,153.97,2.36,2.6,0.76,5.92,1.52,39.11,60.53,40.37,59.2,58.04,37.7,36.54,52.71,2772.0,
2026-09-27T12:21:25.279,SAILIFE,1592.2,-0.17,1549.38,1581.0,1594.41,1588.88,0.41,115.04,92.73,58.84,healthcare,pharmaceuticals - indian - bulk drugs & formln,31.11,-0.14,68.94,0.49,0.67,1497.32,1457.36,19.11
2026-09-27T12:21:25.279,SPLPETRO,880.0,0.01,839.08,851.1,858.55,912.18,0.54,17.43,34.12,72.97,energy,petrochemicals,38.44,2.5,35.56,0.07,0.49,819.9,776.82,3.38
2026-09-27T12:21:25.279,OBEROIRLTY,1858.5,1.14,1800.75,1754.3,1742.58,2032.38,1.44,31.08,25.53,55.48,realty,construction,16.08,6.65,22.95,0.18,0.07,1750.87,1694.54,3.13
2026-09-27T12:21:25.279,PCBL,339.6,0.3,328.35,335.05,330.85,352.72,0.28,21.55,51.14,57.55,chemicals,chemicals,28.07,2.64,9.66,0.22,0.15,316.85,303.14,-1.69
