Timestamp,Symbol,Cmp,%ch,Sl,Target,0d_high,R_vol,Forward pe,Pe,Rsi,W rsi,Sector,Industry,Adx,%ch y_low,Srs,Ars,Srs y,Ars y,Lc,Column20,Low6,Scan_Date
2026-02-11T14:39:16.417,ABSLAMC,863.5,2.98,779.05,1047.2,870.9,1.74,23.14,23.82,67.45,59.58,financials,finance & investments,18.51,5.97,-0.074,0.113,-0.098,0.083,8.13,3.31,798.55,2026-02-11
2026-02-11T14:39:16.417,SMLMAH,4416.4,1.98,3520.7,6425.0,4525.0,1.98,91.17,39.54,66.31,62.85,auto,automobiles - lcvs / hcvs,23.61,15.64,-0.013,1.25,0.006,1.21,21.83,2.99,3625.1,2026-02-11
2026-02-11T14:39:16.417,ABINFRA,21.16,6.12,18.86,27.22,21.89,6.01,16.03,5.66,63.83,62.95,realty,construction,21.12,7.36,0.025,0.491,-0.056,0.407,16.84,6.01,18.11,2026-02-11
2026-02-11T14:39:16.417,ASHIANA,352.35,16.73,292.76,480.83,357.0,37.98,31.24,41.35,76.16,69.04,realty,construction,26.0,3.97,0.049,0.087,-0.113,-0.067,21.06,6.1,291.05,2026-02-11
2026-02-11T14:39:16.417,CRAFTSMAN,8100.0,3.17,7507.97,9418.06,8167.0,1.94,43.72,50.71,63.39,66.97,auto,auto ancillaries,18.38,5.13,0.064,0.401,0.043,0.36,6.41,3.71,7612.0,2026-02-11
2026-02-11T14:39:16.417,SONACOMS,538.8,1.45,515.13,593.35,542.4,0.846,55.43,53.86,68.06,63.8,auto,auto ancillaries,27.2,4.94,0.106,-0.038,0.103,-0.05,6.46,1.64,506.1,2026-02-11
2026-02-11T14:39:16.417,TFCILTD,71.81,4.0,63.92,87.77,71.9,0.395,26.02,13.18,62.81,58.16,financials,finance - term-lending institutions,12.18,8.94,0.111,0.53,0.1,0.474,11.52,5.46,64.39,2026-02-11
2026-02-11T14:39:16.417,MAHLOG,412.0,3.34,362.33,513.54,413.1,1.04,312.12,-120.82,77.75,67.89,transportation,miscellaneous,42.31,8.6,0.135,0.24,0.112,0.202,16.88,3.52,352.5,2026-02-11
2026-02-11T14:39:16.417,FORCEMOT,24741.0,4.73,20073.4,34236.19,24821.0,2.42,20.07,22.76,75.24,69.4,auto,automobiles - lcvs / hcvs,25.46,16.53,0.137,1.06,0.142,0.966,25.07,6.06,19781.0,2026-02-11
2026-02-11T14:39:16.417,EDELWEISS,127.16,4.68,105.54,174.09,129.0,8.66,11.12,17.45,71.96,62.77,financials,finance & investments,16.36,8.81,0.223,0.126,0.175,0.077,21.34,5.53,104.8,2026-02-11
2026-02-11T14:39:16.417,TVSHLTD,15710.0,4.12,14728.2,17807.59,15777.0,0.806,16.11,19.64,63.74,63.97,financials,finance & investments,18.32,4.09,0.3,0.28,0.232,0.231,6.49,4.43,14753.0,2026-02-11
2026-02-11T14:39:16.417,MMFL,472.0,2.77,425.1,565.8,472.0,0.28,34.4,23.2,66.07,70.54,industrials,castings & forgings,31.08,8.25,0.455,0.243,0.383,0.212,10.97,3.96,425.35,2026-02-11
2026-02-11T14:39:16.417,SANSERA,2171.8,6.72,1778.29,2984.82,2184.8,4.07,49.14,48.19,75.13,73.7,auto,auto ancillaries,29.58,15.14,0.555,0.564,0.46,0.468,20.59,5.35,1801.0,2026-02-11
2026-02-11T14:39:16.417,AVANTIFEED,1193.5,5.49,956.13,1679.25,1199.0,1.7,26.52,24.92,77.47,74.8,fmcg,food - processing - indian,37.23,24.31,0.617,0.399,0.557,0.328,26.54,8.5,943.2,2026-02-11
2026-02-11T14:39:16.417,JKTYRE,604.0,5.66,530.35,753.1,604.9,3.35,20.71,22.92,76.91,84.32,auto,tyres,27.87,8.38,0.773,0.551,0.665,0.471,16.02,6.09,520.6,2026-02-11
2026-02-11T14:39:16.417,TAKE,47.9,2.33,41.6,61.06,48.18,0.735,27.85,14.18,73.24,81.32,healthcare,miscellaneous,32.42,11.44,3.71,4.41,3.66,4.29,17.84,2.02,40.65,2026-02-11
2026-02-10T23:29:25.934,SHYAMMETL,902.8,1.36,842.53,1034.94,908.6,1.99,31.79,25.57,67.07,57.06,metals & mining,steel - large,21.78,3.55,-0.124,0.035,-0.145,0.023,7.93,2.01,836.5,2026-02-10
2026-02-10T23:29:25.934,ABSLAMC,838.55,2.3,771.33,977.19,840.65,1.22,22.47,23.29,62.39,56.98,financials,finance & investments,17.2,6.4,-0.091,0.085,-0.116,0.062,6.82,3.35,785.0,2026-02-10
2026-02-10T23:29:25.934,PTC,189.46,1.11,175.83,220.79,191.5,1.58,7.33,6.19,74.27,65.53,power & utilities,trading,26.2,6.18,-0.064,0.04,-0.039,0.03,11.76,0.9,169.53,2026-02-10
2026-02-10T23:29:25.934,AJANTPHARM,2891.3,1.03,2757.75,3179.2,2901.7,0.932,32.99,35.25,64.36,61.65,healthcare,pharmaceuticals - indian - formulations,24.36,3.89,-0.013,0.113,-0.012,0.103,4.36,1.63,2770.6,2026-02-10
2026-02-10T23:29:25.934,SMLMAH,4330.7,10.0,3449.59,6092.91,4330.7,2.59,89.4,35.94,64.62,62.02,auto,automobiles - lcvs / hcvs,23.17,10.18,0.013,1.22,-0.068,1.02,20.3,9.84,3600.0,2026-02-10
2026-02-10T23:29:25.934,MBAPL,464.5,2.64,418.49,565.52,469.0,3.51,32.08,37.87,74.96,65.52,chemicals,fertilizers,23.34,9.56,0.015,0.323,-0.028,0.29,11.9,2.65,415.1,2026-02-10
2026-02-10T23:29:25.934,JBCHEPHARM,1923.1,2.15,1848.41,2079.89,1926.8,1.06,38.07,39.0,59.85,63.28,healthcare,pharmaceuticals - indian - bulk drugs & formln,16.43,-0.107,0.04,0.109,0.006,0.087,4.56,2.1,1839.2,2026-02-10
2026-02-10T23:29:25.934,CIEINDIA,456.2,6.35,416.11,545.97,461.0,3.97,20.22,20.12,72.37,61.9,industrials,castings & forgings,28.55,2.35,0.06,-0.02,-0.013,-0.077,9.24,5.85,417.6,2026-02-10
2026-02-10T23:29:25.934,BLISSGVS,208.07,2.2,175.76,286.09,214.77,1.71,20.16,19.58,70.23,65.06,healthcare,pharmaceuticals - indian - formulations,27.46,9.2,0.097,0.536,0.074,0.505,18.9,4.17,175.0,2026-02-10
2026-02-10T23:29:25.934,TFCILTD,69.05,1.62,63.17,85.57,71.43,0.425,25.02,12.97,58.08,55.83,financials,finance - term-lending institutions,11.75,7.75,0.108,0.468,0.109,0.447,7.64,1.2,64.15,2026-02-10
2026-02-10T23:29:25.934,MAHLOG,398.7,6.45,352.49,508.71,407.5,3.91,302.05,-113.5,75.26,65.89,transportation,miscellaneous,40.24,6.65,0.12,0.207,0.03,0.135,13.11,6.69,352.5,2026-02-10
2026-02-10T23:29:25.934,MANAPPURAM,308.95,0.734,281.44,372.58,313.25,0.924,27.39,67.26,57.82,58.58,financials,finance & investments,21.98,7.68,0.12,0.251,0.093,0.244,9.32,2.13,282.6,2026-02-10
2026-02-10T23:29:25.934,GRAPHITE,668.25,4.86,608.16,799.63,673.85,1.96,47.73,37.82,60.06,64.81,industrials,electrodes - graphites,15.13,2.18,0.146,0.182,0.114,0.13,9.78,4.66,608.7,2026-02-10
2026-02-10T23:29:25.934,FORCEMOT,23623.0,5.64,19565.21,31882.58,23695.0,2.22,19.16,21.54,71.76,67.37,auto,automobiles - lcvs / hcvs,23.25,13.56,0.15,0.805,0.103,0.711,20.83,5.65,19551.0,2026-02-10
2026-02-10T23:29:25.934,EQUITASBNK,68.72,2.46,66.83,73.07,69.0,0.795,21.75,-113.68,56.93,58.79,bank,banks - private sector,24.86,-5.11,0.153,0.044,0.142,0.021,6.89,3.18,64.29,2026-02-10
2026-02-10T23:29:25.934,STLTECH,157.48,10.21,119.45,245.37,163.4,11.14,-112.49,-157.02,82.56,71.22,industrials,cables - telephone,38.96,24.5,0.156,1.12,0.024,0.923,31.23,11.65,120.0,2026-02-10
2026-02-10T23:29:25.934,INDIACEM,465.45,2.06,441.15,517.04,466.95,0.26,-1292.92,-127.03,55.92,64.09,building materials,cement - south india,24.07,1.63,0.163,0.418,0.168,0.392,5.41,2.07,441.55,2026-02-10
2026-02-10T23:29:25.934,GESHIP,1342.7,2.25,1229.24,1622.01,1368.9,2.11,5.9,8.29,83.45,75.26,transportation,shipping,24.77,8.43,0.27,0.394,0.268,0.366,10.54,1.8,1214.7,2026-02-10
2026-02-10T23:29:25.934,RAJRATAN,489.75,2.9,412.53,652.68,494.0,0.51,30.01,34.54,58.49,58.52,metals & mining,steel - medium / small,16.2,15.81,0.377,0.151,0.305,0.121,19.41,1.22,410.15,2026-02-10
2026-02-10T23:29:25.934,MMFL,459.3,1.04,418.89,552.62,465.55,0.391,33.48,22.96,63.5,69.05,industrials,castings & forgings,30.88,3.95,0.393,0.217,0.36,0.207,10.65,2.52,415.1,2026-02-10
2026-02-10T23:29:25.934,MCX,2470.7,1.47,2406.14,2647.43,2494.5,0.837,7.85,13.25,55.3,68.73,financials,miscellaneous,23.21,-0.712,0.396,0.808,0.401,0.785,6.13,1.47,2327.9,2026-02-10
2026-02-10T23:29:25.934,ACUTAAS,2050.0,2.36,1925.35,2439.3,2120.0,2.93,38.86,56.86,71.68,72.53,healthcare,pharmaceuticals - indian - bulk drugs,28.73,6.04,0.448,0.684,0.428,0.648,6.38,1.99,1927.0,2026-02-10
2026-02-10T23:29:25.934,DCBBANK,198.58,2.61,190.97,218.0,200.68,1.57,8.62,8.7,59.9,69.29,bank,banks - private sector,19.59,-0.273,0.458,0.306,0.418,0.274,5.63,3.74,188.0,2026-02-10
2026-02-10T23:29:25.934,SANSERA,2035.0,6.45,1737.89,2845.02,2142.9,8.13,44.01,47.35,69.48,70.31,auto,auto ancillaries,27.09,8.27,0.47,0.445,0.391,0.36,12.99,3.46,1801.0,2026-02-10
2026-02-10T23:29:25.934,TMB,705.55,6.35,613.49,895.56,708.5,2.24,8.18,8.36,80.21,83.84,bank,banks - private sector,47.18,6.69,0.514,0.521,0.415,0.432,20.4,7.19,586.0,2026-02-10
2026-02-10T23:29:25.934,SEAMECLTD,1357.8,4.83,1257.2,1593.39,1375.0,3.85,8.66,17.25,75.04,78.69,miscellaneous,miscellaneous,49.69,3.15,0.534,0.418,0.489,0.355,13.15,5.46,1200.0,2026-02-10
2026-02-10T23:29:25.934,BAJAJCON,383.0,0.75,352.34,455.53,388.6,0.593,27.83,32.97,74.47,81.02,fmcg,personal care - indian,32.42,8.53,0.568,1.12,0.499,1.1,12.15,1.06,341.5,2026-02-10
2026-02-10T23:29:25.934,AVANTIFEED,1131.4,2.5,912.98,1625.04,1159.8,2.13,25.14,24.31,74.55,72.74,fmcg,food - processing - indian,35.15,24.77,0.568,0.296,0.578,0.266,25.02,4.47,905.0,2026-02-10
2026-02-10T23:29:25.934,TDPOWERSYS,852.2,6.59,747.73,1134.35,888.8,4.94,59.02,56.82,72.14,68.24,industrials,electric equipment,30.44,10.87,0.589,0.581,0.461,0.486,10.6,7.3,770.5,2026-02-10
2026-02-10T23:29:25.934,MTARTECH,3637.4,6.83,3119.86,4775.09,3688.7,1.51,80.62,164.96,78.74,77.65,aerospace & defence,engineering,40.43,9.95,1.29,1.14,1.1,1.01,18.52,6.05,3069.0,2026-02-10
2026-02-10T23:29:25.934,TAKE,46.81,4.42,40.8,59.06,46.93,1.07,27.22,13.58,71.07,80.62,healthcare,miscellaneous,31.56,8.69,3.7,4.19,3.55,3.98,15.15,4.37,40.65,2026-02-10
2026-02-09T23:05:27.577,ABSLAMC,819.7,0.824,765.77,938.15,825.0,0.304,21.96,23.1,57.79,54.79,financials,finance & investments,16.78,5.42,-0.11,0.093,-0.124,0.086,9.44,1.17,749.0,2026-02-09
2026-02-09T23:05:27.577,PTC,187.38,3.77,172.85,218.64,188.48,1.79,7.25,5.97,72.94,64.53,power & utilities,trading,24.99,5.8,-0.032,-0.015,-0.053,-0.049,13.46,3.74,165.15,2026-02-09
2026-02-09T23:05:27.577,MBAPL,452.55,2.34,411.93,551.69,461.5,5.67,31.25,37.0,71.22,63.28,chemicals,fertilizers,20.82,7.98,-0.021,0.369,-0.043,0.34,11.36,1.65,406.4,2026-02-09
2026-02-09T23:05:27.577,JBCHEPHARM,1882.7,1.8,1848.12,1974.06,1893.8,0.871,37.27,38.32,53.58,60.24,healthcare,pharmaceuticals - indian - bulk drugs & formln,16.7,-0.813,0.013,0.076,0.0,0.059,2.85,1.84,1830.6,2026-02-09
2026-02-09T23:05:27.577,EMCURE,1545.7,1.98,1463.85,1718.0,1550.0,0.654,31.78,33.02,57.73,61.15,healthcare,pharmaceuticals - indian - bulk drugs & formln,21.13,-0.411,0.024,0.105,0.0,0.085,6.15,1.62,1456.1,2026-02-09
2026-02-09T23:05:27.577,STLTECH,142.89,7.8,113.61,203.66,144.0,2.87,-102.06,-145.66,78.19,67.19,industrials,cables - telephone,35.85,24.98,0.032,0.937,-0.041,0.799,36.76,6.13,104.48,2026-02-09
2026-02-09T23:05:27.577,RAMCOCEM,1204.9,3.79,1110.62,1412.66,1214.5,1.35,92.12,74.18,74.61,68.5,building materials,cement - south india,19.5,5.9,0.037,0.223,-0.01,0.18,11.55,6.68,1080.1,2026-02-09
2026-02-09T23:05:27.577,STYLEBAAZA,354.9,10.53,329.44,413.72,358.85,1.14,34.93,36.24,65.75,60.21,consumer discretionary,trading,19.2,-5.38,0.057,0.311,-0.038,0.188,15.55,14.12,307.15,2026-02-09
2026-02-09T23:05:27.577,TIMKEN,3287.1,1.5,3055.48,3836.15,3330.0,0.932,113.35,54.52,67.43,60.13,industrials,bearings,19.15,5.65,0.062,0.013,0.032,0.0,9.96,1.83,2989.4,2026-02-09
2026-02-09T23:05:27.577,BLISSGVS,203.6,11.14,171.53,272.14,205.8,1.64,19.73,17.62,68.57,64.03,healthcare,pharmaceuticals - indian - formulations,25.77,6.77,0.082,0.473,-0.056,0.328,22.39,10.95,166.36,2026-02-09
2026-02-09T23:05:27.577,CCL,1020.9,3.06,956.66,1176.57,1034.5,1.65,33.89,35.13,63.88,60.08,fmcg,tea,21.97,2.4,0.085,0.211,0.048,0.177,8.03,1.88,945.0,2026-02-09
2026-02-09T23:05:27.577,NAVNETEDUL,161.84,1.97,146.43,200.77,165.9,2.0,5.21,9.7,63.79,61.34,miscellaneous,printing & stationery,22.84,10.3,0.093,0.102,0.035,0.083,18.78,2.88,136.25,2026-02-09
2026-02-09T23:05:27.577,MANAPPURAM,306.7,1.93,279.84,362.82,307.9,0.995,27.19,65.99,56.63,57.97,financials,finance & investments,23.6,1.92,0.101,0.279,0.064,0.257,17.64,2.1,260.7,2026-02-09
2026-02-09T23:05:27.577,FORCEMOT,22361.0,4.54,19200.87,28859.26,22450.0,1.65,18.14,20.61,66.87,64.72,auto,automobiles - lcvs / hcvs,21.44,11.85,0.111,0.75,0.099,0.677,21.53,3.87,18400.0,2026-02-09
2026-02-09T23:05:27.577,GRAPHITE,637.3,3.01,606.42,734.16,654.85,2.47,40.75,50.22,54.03,60.88,industrials,electrodes - graphites,15.19,0.081,0.122,0.113,0.081,0.083,10.88,2.81,574.75,2026-02-09
2026-02-09T23:05:27.577,MUTHOOTMF,188.57,4.34,173.3,221.38,189.7,1.45,25.9,-8.55,60.01,59.69,financials,finance & investments,13.65,1.42,0.135,0.442,0.078,0.384,12.71,4.76,167.3,2026-02-09
2026-02-09T23:05:27.577,AARTIIND,470.4,6.68,394.22,625.76,471.9,2.82,32.04,42.36,79.13,69.56,chemicals,chemicals,31.76,18.67,0.156,-0.053,0.075,-0.111,30.36,6.15,360.85,2026-02-09
2026-02-09T23:05:27.577,VTL,507.05,5.2,450.39,629.77,511.75,1.56,21.67,17.18,70.22,64.49,textiles,textiles - cotton/blended,35.6,10.78,0.197,-0.019,0.121,-0.066,16.82,3.97,434.05,2026-02-09
2026-02-09T23:05:27.577,AIAENG,4070.4,4.83,3845.7,4779.0,4200.0,1.31,32.26,31.18,57.93,63.96,industrials,castings & forgings,20.45,0.861,0.204,0.128,0.149,0.078,5.95,5.72,3841.9,2026-02-09
2026-02-09T23:05:27.577,SANGAMIND,489.75,3.26,445.18,595.39,498.0,0.611,25.14,40.26,62.56,59.57,textiles,textiles - spinning - synthetic / blended,25.46,7.88,0.222,0.118,0.169,0.085,11.28,1.97,440.1,2026-02-09
2026-02-09T23:05:27.577,INDSWFTLAB,138.79,4.98,117.19,184.22,139.9,3.6,29.66,3.63,80.07,74.41,healthcare,pharmaceuticals - indian - bulk drugs & formln,44.97,9.1,0.233,0.688,0.219,0.611,30.65,4.76,106.23,2026-02-09
2026-02-09T23:05:27.577,KROSS,215.39,4.81,195.41,262.57,219.0,0.438,24.81,26.55,62.56,61.06,auto,auto ancillaries,24.26,6.88,0.237,0.183,0.106,0.13,13.3,4.25,190.1,2026-02-09
2026-02-09T23:05:27.577,NAVINFLUOR,6598.0,2.81,6059.24,7748.53,6634.5,2.35,56.76,72.35,67.93,68.79,chemicals,chemicals,18.15,4.7,0.26,0.479,0.219,0.441,13.73,2.55,5801.5,2026-02-09
2026-02-09T23:05:27.577,GESHIP,1313.2,3.06,1208.58,1546.04,1325.0,1.63,5.77,8.04,81.25,73.74,transportation,shipping,22.8,7.65,0.278,0.355,0.252,0.317,11.22,1.8,1180.7,2026-02-09
2026-02-09T23:05:27.577,RPTECH,390.2,2.09,353.34,475.72,396.1,1.01,8.74,10.3,63.21,66.82,services,trading,21.65,7.69,0.29,0.211,0.247,0.188,12.63,1.51,346.45,2026-02-09
2026-02-09T23:05:27.577,MIRCELECTR,35.71,9.84,31.13,44.97,35.76,1.48,-148.79,-41.68,64.86,67.4,consumer discretionary,electronics - consumer,23.01,4.8,0.346,1.3,0.459,1.1,19.51,9.04,29.88,2026-02-09
2026-02-09T23:05:27.577,MMFL,454.55,5.43,413.69,543.18,458.0,0.321,33.13,21.78,62.52,68.46,industrials,castings & forgings,30.92,4.89,0.37,0.173,0.275,0.115,18.59,6.86,383.3,2026-02-09
2026-02-09T23:05:27.577,GMDCLTD,623.3,3.87,564.25,776.79,641.0,1.95,10.64,19.01,61.65,60.94,metals & mining,mining / minerals / metals,22.26,8.06,0.373,0.655,0.365,0.596,11.7,3.37,558.0,2026-02-09
2026-02-09T23:05:27.577,KARURVYSYA,326.55,2.66,300.91,380.53,327.9,0.866,11.43,12.26,73.52,83.48,bank,banks - private sector,35.93,6.78,0.379,0.71,0.328,0.668,14.58,2.87,285.0,2026-02-09
2026-02-09T23:05:27.577,UJJIVANSFB,64.87,3.2,63.06,69.16,65.2,0.872,16.89,24.65,61.71,73.22,bank,banks - private sector,28.19,-1.79,0.396,0.44,0.303,0.397,10.12,2.79,58.91,2026-02-09
2026-02-09T23:05:27.577,SANSERA,1911.7,3.39,1713.43,2332.83,1924.0,1.48,41.34,45.8,62.33,66.41,auto,auto ancillaries,24.58,9.79,0.402,0.361,0.367,0.319,13.56,4.37,1683.5,2026-02-09
2026-02-09T23:05:27.577,SAKAR,496.55,13.55,391.24,723.47,504.7,8.18,27.05,38.39,77.34,73.12,healthcare,pharmaceuticals - indian - bulk drugs & formln,25.04,11.09,0.407,0.515,0.216,0.336,31.71,11.66,377.0,2026-02-09
2026-02-09T23:05:27.577,MCX,2434.9,2.29,2405.62,2537.85,2457.1,0.867,7.74,12.95,53.82,67.85,financials,miscellaneous,24.79,-3.33,0.411,0.79,0.411,0.753,14.56,1.84,2125.5,2026-02-09
2026-02-09T23:05:27.577,MRPL,194.25,4.86,174.95,235.85,195.75,1.76,5.87,14.9,71.23,70.29,energy,refineries,29.2,7.82,0.422,0.252,0.347,0.196,18.45,4.37,164.0,2026-02-09
2026-02-09T23:05:27.577,TMB,663.4,4.83,602.14,792.31,666.6,1.29,7.69,7.98,75.08,81.06,bank,banks - private sector,44.74,6.99,0.425,0.43,0.347,0.367,13.44,4.83,584.8,2026-02-09
2026-02-09T23:05:27.577,DCBBANK,193.53,0.666,190.69,203.74,195.8,0.962,8.4,8.64,56.05,67.41,bank,banks - private sector,19.65,-1.08,0.429,0.285,0.383,0.279,8.07,1.8,179.08,2026-02-09
2026-02-09T23:05:27.577,BAJAJCON,380.15,5.69,343.51,457.13,382.0,0.949,27.63,31.2,73.93,80.72,fmcg,personal care - indian,31.28,6.03,0.51,1.06,0.441,0.957,23.03,4.52,309.0,2026-02-09
2026-02-09T23:05:27.577,APEX,380.95,9.82,317.14,516.67,385.0,1.66,25.06,47.72,69.01,68.15,fmcg,aquaculture,28.13,16.56,0.583,0.591,0.423,0.452,34.68,7.75,282.85,2026-02-09
2026-02-09T23:05:27.577,AVANTIFEED,1103.8,7.64,871.98,1578.64,1109.4,2.27,24.53,22.59,73.1,71.71,fmcg,food - processing - indian,33.15,25.62,0.589,0.213,0.471,0.129,42.79,6.34,773.05,2026-02-09
2026-02-09T23:05:27.577,JKTYRE,555.85,2.66,516.75,687.56,582.6,5.21,19.06,21.71,67.08,80.13,auto,tyres,24.93,2.35,0.602,0.429,0.509,0.394,10.78,3.31,501.75,2026-02-09
2026-02-09T23:05:27.577,PFOCUS,277.32,5.58,231.5,398.33,292.0,2.42,76.19,-56.61,69.53,74.37,realty,miscellaneous,27.84,17.94,0.688,1.41,0.556,1.29,26.89,5.44,218.56,2026-02-09
2026-02-09T23:05:27.577,KMEW,1777.5,3.86,1666.97,2023.56,1790.0,0.461,42.85,37.48,51.86,61.98,transportation,miscellaneous,16.49,0.146,0.996,1.2,0.921,1.12,6.62,3.89,1667.1,2026-02-09
2026-02-09T23:05:27.577,MTARTECH,3404.7,4.1,3030.07,4194.56,3425.0,0.774,75.46,158.46,74.45,75.24,aerospace & defence,engineering,38.2,8.88,1.11,0.977,0.997,0.902,15.56,5.08,2946.3,2026-02-09
2026-02-09T23:05:27.577,TAKE,44.83,3.61,40.26,54.22,44.95,0.857,26.06,13.11,66.47,79.22,healthcare,miscellaneous,31.07,4.89,3.59,3.89,3.4,3.73,10.28,3.29,40.65,2026-02-09
2026-02-08T23:27:54.853,CEIGALL,291.85,1.2,272.64,336.57,295.0,4.36,22.66,20.28,70.27,63.42,realty,construction,29.9,3.66,0.043,0.133,0.034,0.121,9.31,2.39,267.0,2026-02-08
2026-02-08T23:27:54.853,MANAPPURAM,300.9,2.09,278.81,347.99,302.35,1.06,26.68,65.99,53.51,56.29,financials,finance & investments,24.77,1.28,0.072,0.253,0.033,0.229,15.42,5.88,260.7,2026-02-08
2026-02-08T23:27:54.853,SHARDACROP,1192.3,2.55,1015.94,1576.43,1208.0,1.16,18.53,19.01,77.28,71.09,chemicals,pesticides / agrochemicals - indian,37.01,17.94,0.109,0.579,0.069,0.542,21.99,4.18,977.4,2026-02-08
2026-02-08T23:27:54.853,INDSWFTLAB,132.2,8.24,114.38,178.34,137.45,21.48,28.25,3.63,77.12,71.9,healthcare,pharmaceuticals - indian - bulk drugs & formln,42.91,6.39,0.228,0.529,0.113,0.415,24.45,7.92,106.23,2026-02-08
2026-02-08T23:27:54.853,GNA,439.4,7.78,367.39,601.03,448.2,5.3,14.76,16.91,76.31,77.25,auto,auto ancillaries,32.74,12.76,0.355,0.243,0.247,0.156,30.27,9.47,337.3,2026-02-08
2026-02-08T23:27:54.853,SEAMECLTD,1291.6,2.82,1225.89,1439.81,1300.0,1.01,8.24,17.2,69.7,76.02,miscellaneous,miscellaneous,47.31,1.35,0.5,0.352,0.435,0.317,7.63,4.23,1200.0,2026-02-08
2026-02-08T23:27:54.853,TAKE,43.27,3.89,39.92,50.74,43.66,0.557,25.16,13.11,62.06,77.96,healthcare,miscellaneous,31.4,3.6,3.43,3.62,3.2,3.45,6.45,3.77,40.65,2026-02-08
2026-02-07T23:25:50.542,CEIGALL,291.85,1.2,272.64,336.57,295.0,4.36,22.66,20.28,70.27,63.42,realty,construction,29.9,3.66,0.043,0.133,0.034,0.121,9.31,2.39,267.0,2026-02-07
2026-02-07T23:25:50.542,MANAPPURAM,300.9,2.09,278.81,347.99,302.35,1.06,26.68,65.99,53.51,56.29,financials,finance & investments,24.77,1.28,0.072,0.253,0.033,0.229,15.42,5.88,260.7,2026-02-07
2026-02-07T23:25:50.542,SHARDACROP,1192.3,2.55,1015.94,1576.43,1208.0,1.16,18.53,19.01,77.28,71.09,chemicals,pesticides / agrochemicals - indian,37.01,17.94,0.109,0.579,0.069,0.542,21.99,4.18,977.4,2026-02-07
2026-02-07T23:25:50.542,INDSWFTLAB,132.2,8.24,114.38,178.34,137.45,21.48,28.25,3.63,77.12,71.9,healthcare,pharmaceuticals - indian - bulk drugs & formln,42.91,6.39,0.228,0.529,0.113,0.415,24.45,7.92,106.23,2026-02-07
2026-02-07T23:25:50.542,GNA,439.4,7.78,367.39,601.03,448.2,5.3,14.76,16.91,76.31,77.25,auto,auto ancillaries,32.74,12.76,0.355,0.243,0.247,0.156,30.27,9.47,337.3,2026-02-07
2026-02-07T23:25:50.542,SEAMECLTD,1291.6,2.82,1225.89,1439.81,1300.0,1.01,8.24,17.2,69.7,76.02,miscellaneous,miscellaneous,47.31,1.35,0.5,0.352,0.435,0.317,7.63,4.23,1200.0,2026-02-07
2026-02-07T23:25:50.542,TAKE,43.27,3.89,39.92,50.74,43.66,0.557,25.16,13.11,62.06,77.96,healthcare,miscellaneous,31.4,3.6,3.43,3.62,3.2,3.45,6.45,3.77,40.65,2026-02-07
2026-02-06T23:59:36.136,CEIGALL,291.85,1.2,272.64,336.57,295.0,4.36,22.66,20.04,70.27,63.42,realty,construction,29.9,3.66,0.043,0.133,0.034,0.121,9.31,2.39,267.0,2026-02-06
2026-02-06T23:59:36.136,MANAPPURAM,300.9,2.09,278.81,347.99,302.35,1.06,26.68,64.64,53.51,56.29,financials,finance & investments,24.77,1.28,0.072,0.253,0.033,0.229,15.42,5.88,260.7,2026-02-06
2026-02-06T23:59:36.136,SHARDACROP,1192.3,2.55,1015.94,1576.43,1208.0,1.16,18.53,18.54,77.28,71.09,chemicals,pesticides / agrochemicals - indian,37.01,17.94,0.109,0.579,0.069,0.542,21.99,4.18,977.4,2026-02-06
2026-02-06T23:59:36.136,INDSWFTLAB,132.2,8.24,114.38,178.34,137.45,21.48,28.25,3.35,77.12,71.9,healthcare,pharmaceuticals - indian - bulk drugs & formln,42.91,6.39,0.228,0.529,0.113,0.415,24.45,7.92,106.23,2026-02-06
2026-02-06T23:59:36.136,GNA,439.4,7.78,367.39,601.03,448.2,5.3,15.11,16.67,76.31,77.25,auto,auto ancillaries,32.74,12.76,0.355,0.243,0.247,0.156,30.27,9.47,337.3,2026-02-06
2026-02-06T23:59:36.136,SEAMECLTD,1291.6,2.82,1225.89,1439.81,1300.0,1.01,8.24,16.73,69.7,76.02,miscellaneous,miscellaneous,47.31,1.35,0.5,0.352,0.435,0.317,7.63,4.23,1200.0,2026-02-06
2026-02-06T23:59:36.136,TAKE,43.27,3.89,39.92,50.74,43.66,0.557,25.16,12.62,62.06,77.96,healthcare,miscellaneous,31.4,3.6,3.43,3.62,3.2,3.45,6.45,3.77,40.65,2026-02-06
2026-02-05T23:37:30.505,RAMCOCEM,1161.4,0.641,1089.36,1325.88,1171.6,0.303,88.79,73.74,68.55,64.73,building materials,cement - south india,17.08,3.9,-0.059,0.153,-0.082,0.147,8.64,1.65,1069.0,2026-02-05
2026-02-05T23:37:30.505,STLTECH,134.12,3.65,103.27,205.58,139.0,4.26,-95.8,-142.2,76.0,64.14,industrials,cables - telephone,30.42,26.87,-0.035,0.818,-0.055,0.757,39.64,5.42,96.05,2026-02-05
2026-02-05T23:37:30.505,CEIGALL,288.4,2.38,271.53,325.33,290.0,1.48,22.39,19.58,68.09,62.28,realty,construction,28.46,-0.056,0.041,0.117,-0.01,0.092,8.69,2.62,265.35,2026-02-05
2026-02-05T23:37:30.505,FORCEMOT,21090.0,5.09,18804.35,27881.3,22200.0,6.33,19.81,24.55,60.6,61.64,auto,automobiles - lcvs / hcvs,19.8,5.02,0.074,0.848,0.01,0.761,16.33,2.88,18130.0,2026-02-05
2026-02-05T23:37:30.505,SHARDACROP,1162.7,1.68,974.38,1573.74,1179.9,0.711,18.07,18.23,75.74,70.0,chemicals,pesticides / agrochemicals - indian,34.23,23.59,0.077,0.669,-0.009,0.644,21.11,5.6,960.0,2026-02-05
2026-02-05T23:37:30.505,SMCGLOBAL,86.07,10.02,70.28,123.15,88.82,6.02,14.74,11.8,60.19,59.55,financials,finance & investments,19.58,9.86,0.135,0.396,0.025,0.271,20.7,12.04,71.31,2026-02-05
2026-02-05T23:37:30.505,GESHIP,1266.1,2.2,1172.88,1491.13,1285.4,2.31,5.56,7.82,76.7,70.93,transportation,shipping,20.24,6.31,0.241,0.31,0.215,0.283,12.54,2.75,1125.0,2026-02-05
2026-02-05T23:37:30.505,BAJAJCON,363.7,1.85,327.45,445.79,368.5,1.01,26.43,30.97,71.82,78.77,fmcg,personal care - indian,29.79,9.62,0.489,0.942,0.45,0.91,18.45,3.08,307.05,2026-02-05
2026-02-05T23:37:30.505,SBC,30.31,1.51,28.52,34.68,30.71,1.05,31.57,59.72,68.06,83.64,textiles,textiles - products,39.92,1.52,0.569,1.01,0.549,0.981,24.89,1.88,24.27,2026-02-05
