Timestamp,Symbol,Rs_score,Rscore_1mago,Rscore_3mago,Rscore_6mago,Rs_1m,Rs_3m,Rs_6m,Scan_Date
2026-02-15T15:32:24.817,WAAREEINDO,3798.97,4495.19,5579.36,37.17,-0.149,-0.257,73.1,2026-02-15
2026-02-15T15:32:24.817,CUPID,106.59,127.76,68.3,17.86,-0.094,0.346,1.55,2026-02-15
2026-02-15T15:32:24.817,TAKE,83.33,55.18,19.12,-12.92,0.136,0.695,4.32,2026-02-15
2026-02-15T15:32:24.817,SMLMAH,57.29,52.44,16.92,25.09,0.049,0.634,0.186,2026-02-15
2026-02-15T15:32:24.817,FORCEMOT,57.26,48.31,33.83,33.61,0.163,0.351,0.26,2026-02-15
2026-02-15T15:32:24.817,LUMAXTECH,45.25,36.98,42.32,21.23,0.061,0.136,0.587,2026-02-15
2026-02-15T15:32:24.817,BGRENERGY,41.68,50.11,182.18,42.88,0.049,-0.17,1.78,2026-02-15
2026-02-15T15:32:24.817,LUMAXIND,41.34,30.87,24.02,5.43,0.111,0.261,0.847,2026-02-15
2026-02-15T15:32:24.817,SILVERIETF,38.15,49.36,18.16,9.54,-0.114,0.523,1.14,2026-02-15
2026-02-15T15:32:24.817,SILVERADD,38.0,49.44,18.12,9.47,-0.116,0.52,1.13,2026-02-15
2026-02-15T15:32:24.817,SILVERAG,37.99,49.82,18.25,9.38,-0.122,0.514,1.12,2026-02-15
2026-02-15T15:32:24.817,SBISILVER,37.91,49.29,18.2,9.13,-0.118,0.514,1.12,2026-02-15
2026-02-15T15:32:24.817,SILVERBEES,37.88,49.14,18.18,9.43,-0.115,0.518,1.13,2026-02-15
2026-02-15T15:32:24.817,SILVER,37.88,49.76,18.17,9.33,-0.118,0.521,1.13,2026-02-15
2026-02-15T15:32:24.817,AXISILVER,37.84,49.65,18.14,9.49,-0.121,0.517,1.13,2026-02-15
2026-02-15T15:32:24.817,ESILVER,37.8,49.5,18.08,9.32,-0.116,0.521,1.13,2026-02-15
2026-02-15T15:32:24.817,TATSILV,37.78,50.06,18.32,9.35,-0.123,0.512,1.13,2026-02-15
2026-02-15T15:32:24.817,SILVER1,37.72,49.5,18.1,9.44,-0.117,0.519,1.13,2026-02-15
2026-02-15T15:32:24.817,HDFCSILVER,37.62,49.43,18.1,9.3,-0.122,0.513,1.12,2026-02-15
2026-02-15T15:32:24.817,SILVERBETA,37.5,49.15,18.1,8.78,-0.12,0.509,1.12,2026-02-15
2026-02-15T15:32:24.817,HINDCOPPER,36.98,37.24,5.1,-4.51,0.033,0.765,1.47,2026-02-15
2026-02-15T15:32:24.817,TFCILTD,36.91,25.57,28.33,17.7,0.09,0.112,0.304,2026-02-15
2026-02-15T15:32:24.817,INFOBEAN,35.01,25.9,11.37,9.98,0.062,0.415,0.489,2026-02-15
2026-02-15T15:32:24.817,PFOCUS,34.29,25.16,8.52,2.15,0.083,0.516,0.757,2026-02-15
2026-02-15T15:32:24.817,KRISHANA,32.63,35.02,32.79,26.71,0.048,-0.01,-0.032,2026-02-15
2026-02-15T15:32:24.817,MTARTECH,32.1,15.24,15.11,-4.52,0.36,0.365,1.45,2026-02-15
2026-02-15T15:32:24.817,SBC,28.9,17.9,9.73,0.115,0.058,0.237,0.68,2026-02-15
2026-02-15T15:32:24.817,TDPOWERSYS,27.35,15.42,21.34,5.81,0.231,0.062,0.689,2026-02-15
2026-02-15T15:32:24.817,BAJAJCON,26.63,11.84,5.95,-3.73,0.347,0.409,0.693,2026-02-15
2026-02-15T15:32:24.817,IMFA,26.23,13.31,22.83,1.9,0.135,0.05,0.915,2026-02-15
2026-02-15T15:32:24.817,ABINFRA,25.95,29.69,NaN,NaN,0.018,-0.011,0.023,2026-02-15
2026-02-15T15:32:24.817,SHARDACROP,25.78,3.27,0.166,17.31,0.515,0.626,0.282,2026-02-15
2026-02-15T15:32:24.817,GVT&D,25.3,12.64,18.11,15.4,0.271,0.171,0.269,2026-02-15
2026-02-15T15:32:24.817,SILGO,24.32,20.3,13.84,12.62,0.141,0.199,0.438,2026-02-15
2026-02-15T15:32:24.817,IZMO,24.05,14.51,28.62,-2.06,0.144,-0.058,0.997,2026-02-15
2026-02-15T15:32:24.817,JAYNECOIND,23.44,31.73,18.62,7.17,-0.129,0.021,0.268,2026-02-15
2026-02-15T15:32:24.817,JINDALPHOT,23.25,18.49,20.31,0.417,0.045,0.084,0.768,2026-02-15
2026-02-15T15:32:24.817,GRMOVER,23.18,36.32,28.07,19.14,-0.043,0.022,0.34,2026-02-15
2026-02-15T15:32:24.817,MCX,22.83,26.62,13.03,20.16,-0.032,0.211,0.436,2026-02-15
2026-02-15T15:32:24.817,AVANTIFEED,22.78,7.08,5.32,0.206,0.717,0.894,1.14,2026-02-15
2026-02-15T15:32:24.817,ASHOKLEY,22.55,18.54,9.39,-0.083,0.095,0.38,0.714,2026-02-15
2026-02-15T15:32:24.817,ABCAPITAL,22.19,25.39,16.95,7.28,-0.063,0.015,0.254,2026-02-15
2026-02-15T15:32:24.817,JKTYRE,21.51,10.86,6.2,-5.34,0.162,0.278,0.873,2026-02-15
2026-02-15T15:32:24.817,ROSSTECH,21.18,12.47,NaN,NaN,0.121,0.068,0.168,2026-02-15
2026-02-15T15:32:24.817,SILVERTUC,21.02,30.1,2.28,-0.673,-0.169,0.577,0.742,2026-02-15
2026-02-15T15:32:24.817,ATALREAL,20.93,21.08,21.0,34.52,-0.038,0.049,0.338,2026-02-15
2026-02-15T15:32:24.817,APEX,20.87,3.28,3.25,-1.87,0.584,0.494,0.738,2026-02-15
2026-02-15T15:32:24.817,SHRIRAMFIN,20.65,17.58,8.34,1.32,0.086,0.317,0.742,2026-02-15
2026-02-15T15:32:24.817,LTF,20.57,25.46,25.29,5.65,-0.036,-0.031,0.442,2026-02-15
2026-02-15T15:32:24.817,THANGAMAYL,20.13,23.55,15.58,2.8,-0.065,0.087,0.811,2026-02-15
2026-02-15T15:32:24.817,NATIONALUM,20.11,24.92,3.85,0.703,-0.065,0.33,0.873,2026-02-15
2026-02-15T15:32:24.817,BHAGYANGR,20.06,23.04,12.54,-2.43,-0.054,0.034,0.75,2026-02-15
2026-02-15T15:32:24.817,KMEW,19.73,23.85,NaN,NaN,-0.116,0.278,1.07,2026-02-15
2026-02-15T15:32:24.817,GMDCLTD,19.71,21.5,14.75,3.21,-0.002,0.006,0.383,2026-02-15
2026-02-15T15:32:24.817,RBLBANK,19.46,22.76,21.27,5.94,0.006,-0.015,0.239,2026-02-15
2026-02-15T15:32:24.817,GVPIL,19.41,-0.987,-0.581,-5.09,0.578,0.351,0.415,2026-02-15
2026-02-15T15:32:24.817,CRAFTSMAN,19.22,13.73,9.6,8.2,-0.015,0.146,0.123,2026-02-15
2026-02-15T15:32:24.817,YATRA,18.8,14.57,17.23,2.24,0.037,-0.11,0.218,2026-02-15
2026-02-15T15:32:24.817,GOLDBETA,18.72,18.95,14.53,10.01,0.071,0.222,0.529,2026-02-15
2026-02-15T15:32:24.817,SANSERA,18.68,8.49,0.826,-2.42,0.265,0.445,0.764,2026-02-15
2026-02-15T15:32:24.817,SJS,18.66,15.03,12.64,4.57,0.071,0.025,0.514,2026-02-15
2026-02-15T15:32:24.817,GOLDIETF,18.61,18.74,14.5,10.02,0.068,0.217,0.525,2026-02-15
2026-02-15T15:32:24.817,QGOLDHALF,18.6,18.66,14.54,9.91,0.073,0.218,0.527,2026-02-15
2026-02-15T15:32:24.817,GOLD1,18.56,18.47,14.46,9.85,0.075,0.218,0.524,2026-02-15
2026-02-15T15:32:24.817,BSLGOLDETF,18.56,18.54,14.65,10.17,0.073,0.221,0.525,2026-02-15
2026-02-15T15:32:24.817,GOLDCASE,18.47,18.6,14.46,9.84,0.07,0.217,0.522,2026-02-15
2026-02-15T15:32:24.817,HDFCGOLD,18.47,18.73,14.55,10.0,0.066,0.216,0.522,2026-02-15
2026-02-15T15:32:24.817,GOLDETF,18.44,18.78,14.45,9.89,0.066,0.215,0.521,2026-02-15
2026-02-15T15:32:24.817,SETFGOLD,18.42,18.76,14.48,9.96,0.066,0.216,0.521,2026-02-15
2026-02-15T15:32:24.817,GOLDADD,18.37,18.59,14.46,9.92,0.068,0.214,0.518,2026-02-15
2026-02-15T15:32:24.817,GOLDBEES,18.34,18.54,14.45,9.88,0.069,0.215,0.52,2026-02-15
2026-02-15T15:32:24.817,AXISGOLD,18.32,19.03,14.51,9.94,0.059,0.216,0.519,2026-02-15
2026-02-15T15:32:24.817,TATAGOLD,18.3,18.75,14.35,9.82,0.066,0.214,0.518,2026-02-15
2026-02-15T15:32:24.817,ANURAS,18.22,20.53,11.06,11.88,0.011,0.245,0.174,2026-02-15
2026-02-15T15:32:24.817,EGOLD,18.17,18.42,14.01,9.73,0.066,0.221,0.516,2026-02-15
2026-02-15T15:32:24.817,LICMFGOLD,18.14,19.74,14.65,10.04,0.043,0.212,0.518,2026-02-15
2026-02-15T15:32:24.817,NETWEB,17.66,8.19,8.84,-2.4,-0.028,-0.099,0.479,2026-02-15
2026-02-15T15:32:24.817,NARMADA,16.87,7.16,7.14,5.03,0.204,0.49,0.452,2026-02-15
2026-02-15T15:32:24.817,PRECWIRE,16.24,10.85,11.41,2.75,0.151,-0.029,0.529,2026-02-15
2026-02-15T15:32:24.817,AUBANK,16.04,17.52,11.96,4.17,0.019,0.117,0.373,2026-02-15
2026-02-14T23:26:14.911,WAAREEINDO,3798.97,4495.19,5579.36,37.17,-0.149,-0.257,73.1,2026-02-14
2026-02-14T23:26:14.911,CUPID,106.59,127.76,68.3,17.86,-0.094,0.346,1.55,2026-02-14
2026-02-14T23:26:14.911,TAKE,83.33,55.18,19.12,-12.92,0.136,0.695,4.32,2026-02-14
2026-02-14T23:26:14.911,SMLMAH,57.29,52.44,16.92,25.09,0.049,0.634,0.186,2026-02-14
2026-02-14T23:26:14.911,FORCEMOT,57.26,48.31,33.83,33.61,0.163,0.351,0.26,2026-02-14
2026-02-14T23:26:14.911,LUMAXTECH,45.25,36.98,42.32,21.23,0.061,0.136,0.587,2026-02-14
2026-02-14T23:26:14.911,BGRENERGY,41.68,50.11,182.18,42.88,0.049,-0.17,1.78,2026-02-14
2026-02-14T23:26:14.911,LUMAXIND,41.34,30.87,24.02,5.43,0.111,0.261,0.847,2026-02-14
2026-02-14T23:26:14.911,SILVERIETF,38.15,49.36,18.16,9.54,-0.114,0.523,1.14,2026-02-14
2026-02-14T23:26:14.911,SILVERADD,38.0,49.44,18.12,9.47,-0.116,0.52,1.13,2026-02-14
2026-02-14T23:26:14.911,SILVERAG,37.99,49.82,18.25,9.38,-0.122,0.514,1.12,2026-02-14
2026-02-14T23:26:14.911,SBISILVER,37.91,49.29,18.2,9.13,-0.118,0.514,1.12,2026-02-14
2026-02-14T23:26:14.911,SILVERBEES,37.88,49.14,18.18,9.43,-0.115,0.518,1.13,2026-02-14
2026-02-14T23:26:14.911,SILVER,37.88,49.76,18.17,9.33,-0.118,0.521,1.13,2026-02-14
2026-02-14T23:26:14.911,AXISILVER,37.84,49.65,18.14,9.49,-0.121,0.517,1.13,2026-02-14
2026-02-14T23:26:14.911,ESILVER,37.8,49.5,18.08,9.32,-0.116,0.521,1.13,2026-02-14
2026-02-14T23:26:14.911,TATSILV,37.78,50.06,18.32,9.35,-0.123,0.512,1.13,2026-02-14
2026-02-14T23:26:14.911,SILVER1,37.72,49.5,18.1,9.44,-0.117,0.519,1.13,2026-02-14
2026-02-14T23:26:14.911,HDFCSILVER,37.62,49.43,18.1,9.3,-0.122,0.513,1.12,2026-02-14
2026-02-14T23:26:14.911,SILVERBETA,37.5,49.15,18.1,8.78,-0.12,0.509,1.12,2026-02-14
2026-02-14T23:26:14.911,HINDCOPPER,36.98,37.24,5.1,-4.51,0.033,0.765,1.47,2026-02-14
2026-02-14T23:26:14.911,TFCILTD,36.91,25.57,28.33,17.7,0.09,0.112,0.304,2026-02-14
2026-02-14T23:26:14.911,INFOBEAN,35.01,25.9,11.37,9.98,0.062,0.415,0.489,2026-02-14
2026-02-14T23:26:14.911,PFOCUS,34.29,25.16,8.52,2.15,0.083,0.516,0.757,2026-02-14
2026-02-14T23:26:14.911,KRISHANA,32.63,35.02,32.79,26.71,0.048,-0.01,-0.032,2026-02-14
2026-02-14T23:26:14.911,MTARTECH,32.1,15.24,15.11,-4.52,0.36,0.365,1.45,2026-02-14
2026-02-14T23:26:14.911,SBC,28.9,17.9,9.73,0.115,0.058,0.237,0.68,2026-02-14
2026-02-14T23:26:14.911,TDPOWERSYS,27.35,15.42,21.34,5.81,0.231,0.062,0.689,2026-02-14
2026-02-14T23:26:14.911,BAJAJCON,26.63,11.84,5.95,-3.73,0.347,0.409,0.693,2026-02-14
2026-02-14T23:26:14.911,IMFA,26.23,13.31,22.83,1.9,0.135,0.05,0.915,2026-02-14
2026-02-14T23:26:14.911,ABINFRA,25.95,29.69,NaN,NaN,0.018,-0.011,0.023,2026-02-14
2026-02-14T23:26:14.911,SHARDACROP,25.78,3.27,0.166,17.31,0.515,0.626,0.282,2026-02-14
2026-02-14T23:26:14.911,GVT&D,25.3,12.64,18.11,15.4,0.271,0.171,0.269,2026-02-14
2026-02-14T23:26:14.911,SILGO,24.32,20.3,13.84,12.62,0.141,0.199,0.438,2026-02-14
2026-02-14T23:26:14.911,IZMO,24.05,14.51,28.62,-2.06,0.144,-0.058,0.997,2026-02-14
2026-02-14T23:26:14.911,JAYNECOIND,23.44,31.73,18.62,7.17,-0.129,0.021,0.268,2026-02-14
2026-02-14T23:26:14.911,JINDALPHOT,23.25,18.49,20.31,0.417,0.045,0.084,0.768,2026-02-14
2026-02-14T23:26:14.911,GRMOVER,23.18,36.32,28.07,19.14,-0.043,0.022,0.34,2026-02-14
2026-02-14T23:26:14.911,MCX,22.83,26.62,13.03,20.16,-0.032,0.211,0.436,2026-02-14
2026-02-14T23:26:14.911,AVANTIFEED,22.78,7.08,5.32,0.206,0.717,0.894,1.14,2026-02-14
2026-02-14T23:26:14.911,ASHOKLEY,22.55,18.54,9.39,-0.083,0.095,0.38,0.714,2026-02-14
2026-02-14T23:26:14.911,ABCAPITAL,22.19,25.39,16.95,7.28,-0.063,0.015,0.254,2026-02-14
2026-02-14T23:26:14.911,JKTYRE,21.51,10.86,6.2,-5.34,0.162,0.278,0.873,2026-02-14
2026-02-14T23:26:14.911,ROSSTECH,21.18,12.47,NaN,NaN,0.121,0.068,0.168,2026-02-14
2026-02-14T23:26:14.911,SILVERTUC,21.02,30.1,2.28,-0.673,-0.169,0.577,0.742,2026-02-14
2026-02-14T23:26:14.911,ATALREAL,20.93,21.08,21.0,34.52,-0.038,0.049,0.338,2026-02-14
2026-02-14T23:26:14.911,APEX,20.87,3.28,3.25,-1.87,0.584,0.494,0.738,2026-02-14
2026-02-14T23:26:14.911,SHRIRAMFIN,20.65,17.58,8.34,1.32,0.086,0.317,0.742,2026-02-14
2026-02-14T23:26:14.911,LTF,20.57,25.46,25.29,5.65,-0.036,-0.031,0.442,2026-02-14
2026-02-14T23:26:14.911,THANGAMAYL,20.13,23.55,15.58,2.8,-0.065,0.087,0.811,2026-02-14
2026-02-14T23:26:14.911,NATIONALUM,20.11,24.92,3.85,0.703,-0.065,0.33,0.873,2026-02-14
2026-02-14T23:26:14.911,BHAGYANGR,20.06,23.04,12.54,-2.43,-0.054,0.034,0.75,2026-02-14
2026-02-14T23:26:14.911,KMEW,19.73,23.85,NaN,NaN,-0.116,0.278,1.07,2026-02-14
2026-02-14T23:26:14.911,GMDCLTD,19.71,21.5,14.75,3.21,-0.002,0.006,0.383,2026-02-14
2026-02-14T23:26:14.911,RBLBANK,19.46,22.76,21.27,5.94,0.006,-0.015,0.239,2026-02-14
2026-02-14T23:26:14.911,GVPIL,19.41,-0.987,-0.581,-5.09,0.578,0.351,0.415,2026-02-14
2026-02-14T23:26:14.911,CRAFTSMAN,19.22,13.73,9.6,8.2,-0.015,0.146,0.123,2026-02-14
2026-02-14T23:26:14.911,YATRA,18.8,14.57,17.23,2.24,0.037,-0.11,0.218,2026-02-14
2026-02-14T23:26:14.911,GOLDBETA,18.72,18.95,14.53,10.01,0.071,0.222,0.529,2026-02-14
2026-02-14T23:26:14.911,SANSERA,18.68,8.49,0.826,-2.42,0.265,0.445,0.764,2026-02-14
2026-02-14T23:26:14.911,SJS,18.66,15.03,12.64,4.57,0.071,0.025,0.514,2026-02-14
2026-02-14T23:26:14.911,GOLDIETF,18.61,18.74,14.5,10.02,0.068,0.217,0.525,2026-02-14
2026-02-14T23:26:14.911,QGOLDHALF,18.6,18.66,14.54,9.91,0.073,0.218,0.527,2026-02-14
2026-02-14T23:26:14.911,GOLD1,18.56,18.47,14.46,9.85,0.075,0.218,0.524,2026-02-14
2026-02-14T23:26:14.911,BSLGOLDETF,18.56,18.54,14.65,10.17,0.073,0.221,0.525,2026-02-14
2026-02-14T23:26:14.911,GOLDCASE,18.47,18.6,14.46,9.84,0.07,0.217,0.522,2026-02-14
2026-02-14T23:26:14.911,HDFCGOLD,18.47,18.73,14.55,10.0,0.066,0.216,0.522,2026-02-14
2026-02-14T23:26:14.911,GOLDETF,18.44,18.78,14.45,9.89,0.066,0.215,0.521,2026-02-14
2026-02-14T23:26:14.911,SETFGOLD,18.42,18.76,14.48,9.96,0.066,0.216,0.521,2026-02-14
2026-02-14T23:26:14.911,GOLDADD,18.37,18.59,14.46,9.92,0.068,0.214,0.518,2026-02-14
2026-02-14T23:26:14.911,GOLDBEES,18.34,18.54,14.45,9.88,0.069,0.215,0.52,2026-02-14
2026-02-14T23:26:14.911,AXISGOLD,18.32,19.03,14.51,9.94,0.059,0.216,0.519,2026-02-14
2026-02-14T23:26:14.911,TATAGOLD,18.3,18.75,14.35,9.82,0.066,0.214,0.518,2026-02-14
2026-02-14T23:26:14.911,ANURAS,18.22,20.53,11.06,11.88,0.011,0.245,0.174,2026-02-14
2026-02-14T23:26:14.911,EGOLD,18.17,18.42,14.01,9.73,0.066,0.221,0.516,2026-02-14
2026-02-14T23:26:14.911,LICMFGOLD,18.14,19.74,14.65,10.04,0.043,0.212,0.518,2026-02-14
2026-02-14T23:26:14.911,NETWEB,17.66,8.19,8.84,-2.4,-0.028,-0.099,0.479,2026-02-14
2026-02-14T23:26:14.911,NARMADA,16.87,7.16,7.14,5.03,0.204,0.49,0.452,2026-02-14
2026-02-14T23:26:14.911,PRECWIRE,16.24,10.85,11.41,2.75,0.151,-0.029,0.529,2026-02-14
2026-02-14T23:26:14.911,AUBANK,16.04,17.52,11.96,4.17,0.019,0.117,0.373,2026-02-14
2026-02-13T23:37:07.952,WAAREEINDO,3798.97,4495.19,5579.36,37.17,-0.149,-0.257,73.1,2026-02-13
2026-02-13T23:37:07.952,CUPID,106.59,127.76,68.3,17.86,-0.094,0.346,1.55,2026-02-13
2026-02-13T23:37:07.952,TAKE,83.33,55.18,19.12,-12.92,0.136,0.695,4.32,2026-02-13
2026-02-13T23:37:07.952,SMLMAH,57.29,52.44,16.92,25.09,0.049,0.634,0.186,2026-02-13
2026-02-13T23:37:07.952,FORCEMOT,57.26,48.31,33.83,33.61,0.163,0.351,0.26,2026-02-13
2026-02-13T23:37:07.952,LUMAXTECH,45.25,36.98,42.32,21.23,0.061,0.136,0.587,2026-02-13
2026-02-13T23:37:07.952,BGRENERGY,41.68,50.11,182.18,42.88,0.049,-0.17,1.78,2026-02-13
2026-02-13T23:37:07.952,LUMAXIND,41.34,30.87,24.02,5.43,0.111,0.261,0.847,2026-02-13
2026-02-13T23:37:07.952,SILVERIETF,38.15,49.36,18.16,9.54,-0.114,0.523,1.14,2026-02-13
2026-02-13T23:37:07.952,SILVERADD,38.0,49.44,18.12,9.47,-0.116,0.52,1.13,2026-02-13
2026-02-13T23:37:07.952,SILVERAG,37.99,49.82,18.25,9.38,-0.122,0.514,1.12,2026-02-13
2026-02-13T23:37:07.952,SBISILVER,37.91,49.29,18.2,9.13,-0.118,0.514,1.12,2026-02-13
2026-02-13T23:37:07.952,SILVERBEES,37.88,49.14,18.18,9.43,-0.115,0.518,1.13,2026-02-13
2026-02-13T23:37:07.952,SILVER,37.88,49.76,18.17,9.33,-0.118,0.521,1.13,2026-02-13
2026-02-13T23:37:07.952,AXISILVER,37.84,49.65,18.14,9.49,-0.121,0.517,1.13,2026-02-13
2026-02-13T23:37:07.952,ESILVER,37.8,49.5,18.08,9.32,-0.116,0.521,1.13,2026-02-13
2026-02-13T23:37:07.952,TATSILV,37.78,50.06,18.32,9.35,-0.123,0.512,1.13,2026-02-13
2026-02-13T23:37:07.952,SILVER1,37.72,49.5,18.1,9.44,-0.117,0.519,1.13,2026-02-13
2026-02-13T23:37:07.952,HDFCSILVER,37.62,49.43,18.1,9.3,-0.122,0.513,1.12,2026-02-13
2026-02-13T23:37:07.952,SILVERBETA,37.5,49.15,18.1,8.78,-0.12,0.509,1.12,2026-02-13
2026-02-13T23:37:07.952,HINDCOPPER,36.98,37.24,5.1,-4.51,0.033,0.765,1.47,2026-02-13
2026-02-13T23:37:07.952,TFCILTD,36.91,25.57,28.33,17.7,0.09,0.112,0.304,2026-02-13
2026-02-13T23:37:07.952,INFOBEAN,35.01,25.9,11.37,9.98,0.062,0.415,0.489,2026-02-13
2026-02-13T23:37:07.952,PFOCUS,34.29,25.16,8.52,2.15,0.083,0.516,0.757,2026-02-13
2026-02-13T23:37:07.952,KRISHANA,32.63,35.02,32.79,26.71,0.048,-0.01,-0.032,2026-02-13
2026-02-13T23:37:07.952,MTARTECH,32.1,15.24,15.11,-4.52,0.36,0.365,1.45,2026-02-13
2026-02-13T23:37:07.952,SBC,28.9,17.9,9.73,0.115,0.058,0.237,0.68,2026-02-13
2026-02-13T23:37:07.952,TDPOWERSYS,27.35,15.42,21.34,5.81,0.231,0.062,0.689,2026-02-13
2026-02-13T23:37:07.952,BAJAJCON,26.63,11.84,5.95,-3.73,0.347,0.409,0.693,2026-02-13
2026-02-13T23:37:07.952,IMFA,26.23,13.31,22.83,1.9,0.135,0.05,0.915,2026-02-13
2026-02-13T23:37:07.952,ABINFRA,25.95,29.69,NaN,NaN,0.018,-0.011,0.023,2026-02-13
2026-02-13T23:37:07.952,SHARDACROP,25.78,3.27,0.166,17.31,0.515,0.626,0.282,2026-02-13
2026-02-13T23:37:07.952,GVT&D,25.3,12.64,18.11,15.4,0.271,0.171,0.269,2026-02-13
2026-02-13T23:37:07.952,SILGO,24.32,20.3,13.84,12.62,0.141,0.199,0.438,2026-02-13
2026-02-13T23:37:07.952,IZMO,24.05,14.51,28.62,-2.06,0.144,-0.058,0.997,2026-02-13
2026-02-13T23:37:07.952,JAYNECOIND,23.44,31.73,18.62,7.17,-0.129,0.021,0.268,2026-02-13
2026-02-13T23:37:07.952,JINDALPHOT,23.25,18.49,20.31,0.417,0.045,0.084,0.768,2026-02-13
2026-02-13T23:37:07.952,GRMOVER,23.18,36.32,28.07,19.14,-0.043,0.022,0.34,2026-02-13
2026-02-13T23:37:07.952,MCX,22.83,26.62,13.03,20.16,-0.032,0.211,0.436,2026-02-13
2026-02-13T23:37:07.952,AVANTIFEED,22.78,7.08,5.32,0.206,0.717,0.894,1.14,2026-02-13
2026-02-13T23:37:07.952,ASHOKLEY,22.55,18.54,9.39,-0.083,0.095,0.38,0.714,2026-02-13
2026-02-13T23:37:07.952,ABCAPITAL,22.19,25.39,16.95,7.28,-0.063,0.015,0.254,2026-02-13
2026-02-13T23:37:07.952,JKTYRE,21.51,10.86,6.2,-5.34,0.162,0.278,0.873,2026-02-13
2026-02-13T23:37:07.952,ROSSTECH,21.18,12.47,NaN,NaN,0.121,0.068,0.168,2026-02-13
2026-02-13T23:37:07.952,SILVERTUC,21.02,30.1,2.28,-0.673,-0.169,0.577,0.742,2026-02-13
2026-02-13T23:37:07.952,ATALREAL,20.93,21.08,21.0,34.52,-0.038,0.049,0.338,2026-02-13
2026-02-13T23:37:07.952,APEX,20.87,3.28,3.25,-1.87,0.584,0.494,0.738,2026-02-13
2026-02-13T23:37:07.952,SHRIRAMFIN,20.65,17.58,8.34,1.32,0.086,0.317,0.742,2026-02-13
2026-02-13T23:37:07.952,LTF,20.57,25.46,25.29,5.65,-0.036,-0.031,0.442,2026-02-13
2026-02-13T23:37:07.952,THANGAMAYL,20.13,23.55,15.58,2.8,-0.065,0.087,0.811,2026-02-13
2026-02-13T23:37:07.952,NATIONALUM,20.11,24.92,3.85,0.703,-0.065,0.33,0.873,2026-02-13
2026-02-13T23:37:07.952,BHAGYANGR,20.06,23.04,12.54,-2.43,-0.054,0.034,0.75,2026-02-13
2026-02-13T23:37:07.952,KMEW,19.73,23.85,NaN,NaN,-0.116,0.278,1.07,2026-02-13
2026-02-13T23:37:07.952,GMDCLTD,19.71,21.5,14.75,3.21,-0.002,0.006,0.383,2026-02-13
2026-02-13T23:37:07.952,RBLBANK,19.46,22.76,21.27,5.94,0.006,-0.015,0.239,2026-02-13
2026-02-13T23:37:07.952,GVPIL,19.41,-0.987,-0.581,-5.09,0.578,0.351,0.415,2026-02-13
2026-02-13T23:37:07.952,CRAFTSMAN,19.22,13.73,9.6,8.2,-0.015,0.146,0.123,2026-02-13
2026-02-13T23:37:07.952,YATRA,18.8,14.57,17.23,2.24,0.037,-0.11,0.218,2026-02-13
2026-02-13T23:37:07.952,GOLDBETA,18.72,18.95,14.53,10.01,0.071,0.222,0.529,2026-02-13
2026-02-13T23:37:07.952,SANSERA,18.68,8.49,0.826,-2.42,0.265,0.445,0.764,2026-02-13
2026-02-13T23:37:07.952,SJS,18.66,15.03,12.64,4.57,0.071,0.025,0.514,2026-02-13
2026-02-13T23:37:07.952,GOLDIETF,18.61,18.74,14.5,10.02,0.068,0.217,0.525,2026-02-13
2026-02-13T23:37:07.952,QGOLDHALF,18.6,18.66,14.54,9.91,0.073,0.218,0.527,2026-02-13
2026-02-13T23:37:07.952,GOLD1,18.56,18.47,14.46,9.85,0.075,0.218,0.524,2026-02-13
2026-02-13T23:37:07.952,BSLGOLDETF,18.56,18.54,14.65,10.17,0.073,0.221,0.525,2026-02-13
2026-02-13T23:37:07.952,GOLDCASE,18.47,18.6,14.46,9.84,0.07,0.217,0.522,2026-02-13
2026-02-13T23:37:07.952,HDFCGOLD,18.47,18.73,14.55,10.0,0.066,0.216,0.522,2026-02-13
2026-02-13T23:37:07.952,GOLDETF,18.44,18.78,14.45,9.89,0.066,0.215,0.521,2026-02-13
2026-02-13T23:37:07.952,SETFGOLD,18.42,18.76,14.48,9.96,0.066,0.216,0.521,2026-02-13
2026-02-13T23:37:07.952,GOLDADD,18.37,18.59,14.46,9.92,0.068,0.214,0.518,2026-02-13
2026-02-13T23:37:07.952,GOLDBEES,18.34,18.54,14.45,9.88,0.069,0.215,0.52,2026-02-13
2026-02-13T23:37:07.952,AXISGOLD,18.32,19.03,14.51,9.94,0.059,0.216,0.519,2026-02-13
2026-02-13T23:37:07.952,TATAGOLD,18.3,18.75,14.35,9.82,0.066,0.214,0.518,2026-02-13
2026-02-13T23:37:07.952,ANURAS,18.22,20.53,11.06,11.88,0.011,0.245,0.174,2026-02-13
2026-02-13T23:37:07.952,EGOLD,18.17,18.42,14.01,9.73,0.066,0.221,0.516,2026-02-13
2026-02-13T23:37:07.952,LICMFGOLD,18.14,19.74,14.65,10.04,0.043,0.212,0.518,2026-02-13
2026-02-13T23:37:07.952,NETWEB,17.66,8.19,8.84,-2.4,-0.028,-0.099,0.479,2026-02-13
2026-02-13T23:37:07.952,NARMADA,16.87,7.16,7.14,5.03,0.204,0.49,0.452,2026-02-13
2026-02-13T23:37:07.952,PRECWIRE,16.24,10.85,11.41,2.75,0.151,-0.029,0.529,2026-02-13
2026-02-13T23:37:07.952,AUBANK,16.04,17.52,11.96,4.17,0.019,0.117,0.373,2026-02-13
2026-02-12T23:17:08.376,WAAREEINDO,4134.49,4203.12,5446.38,33.58,-0.085,-0.187,79.88,2026-02-12
2026-02-12T23:17:08.376,CUPID,106.06,120.79,59.55,19.29,-0.022,0.491,1.6,2026-02-12
2026-02-12T23:17:08.376,TAKE,82.9,55.62,17.97,-13.08,0.11,0.768,4.39,2026-02-12
2026-02-12T23:17:08.376,SMLMAH,60.76,47.65,17.75,23.68,0.145,0.67,0.259,2026-02-12
2026-02-12T23:17:08.376,FORCEMOT,55.81,44.39,32.28,31.8,0.186,0.394,0.286,2026-02-12
2026-02-12T23:17:08.376,LUMAXTECH,53.74,34.76,41.57,21.3,0.191,0.253,0.71,2026-02-12
2026-02-12T23:17:08.376,LUMAXIND,43.42,30.83,24.09,5.92,0.174,0.305,0.916,2026-02-12
2026-02-12T23:17:08.376,BGRENERGY,42.58,50.7,189.96,46.1,0.079,-0.179,1.77,2026-02-12
2026-02-12T23:17:08.376,SILVERAG,40.87,46.23,18.34,8.97,-0.014,0.563,1.25,2026-02-12
2026-02-12T23:17:08.376,ESILVER,40.76,45.65,18.0,9.18,-0.012,0.569,1.25,2026-02-12
2026-02-12T23:17:08.376,SILVER1,40.71,46.15,18.07,9.31,-0.016,0.567,1.25,2026-02-12
2026-02-12T23:17:08.376,SILVERADD,40.66,46.06,18.31,9.21,-0.015,0.559,1.24,2026-02-12
2026-02-12T23:17:08.376,SILVERIETF,40.59,46.21,18.06,9.17,-0.019,0.564,1.25,2026-02-12
2026-02-12T23:17:08.376,TATSILV,40.58,46.22,18.34,9.07,-0.017,0.555,1.24,2026-02-12
2026-02-12T23:17:08.376,AXISILVER,40.55,45.76,18.09,9.14,-0.016,0.561,1.24,2026-02-12
2026-02-12T23:17:08.376,HDFCSILVER,40.5,46.11,18.26,9.03,-0.022,0.554,1.24,2026-02-12
2026-02-12T23:17:08.376,SILVER,40.49,46.14,18.21,9.26,-0.018,0.561,1.24,2026-02-12
2026-02-12T23:17:08.376,SBISILVER,40.46,45.77,18.07,8.92,-0.016,0.559,1.24,2026-02-12
2026-02-12T23:17:08.376,SILVERBEES,40.44,45.81,18.08,8.91,-0.017,0.562,1.24,2026-02-12
2026-02-12T23:17:08.376,SILVERBETA,40.32,45.8,18.07,8.69,-0.018,0.557,1.23,2026-02-12
2026-02-12T23:17:08.376,HINDCOPPER,39.43,33.03,4.6,-4.78,0.158,0.853,1.63,2026-02-12
2026-02-12T23:17:08.376,INFOBEAN,37.74,28.51,10.62,7.89,0.052,0.469,0.64,2026-02-12
2026-02-12T23:17:08.376,TFCILTD,35.96,21.12,28.6,15.99,0.192,0.072,0.326,2026-02-12
2026-02-12T23:17:08.376,PFOCUS,34.99,23.61,7.17,1.92,0.08,0.562,0.73,2026-02-12
2026-02-12T23:17:08.376,KRISHANA,34.64,36.78,32.49,27.21,0.058,0.021,-0.017,2026-02-12
2026-02-12T23:17:08.376,MTARTECH,32.11,15.82,14.25,-4.06,0.352,0.382,1.4,2026-02-12
2026-02-12T23:17:08.376,SBC,30.07,17.92,10.36,0.58,0.064,0.225,0.664,2026-02-12
2026-02-12T23:17:08.376,SHARDACROP,29.91,2.67,2.03,17.26,0.544,0.605,0.279,2026-02-12
2026-02-12T23:17:08.376,ABINFRA,29.41,26.6,NaN,NaN,0.058,0.003,0.063,2026-02-12
2026-02-12T23:17:08.376,TDPOWERSYS,27.69,15.39,20.24,5.85,0.232,0.089,0.692,2026-02-12
2026-02-12T23:17:08.376,IMFA,27.48,11.72,21.26,1.45,0.196,0.112,0.993,2026-02-12
2026-02-12T23:17:08.376,GVT&D,26.83,11.97,19.71,14.95,0.326,0.16,0.294,2026-02-12
2026-02-12T23:17:08.376,BAJAJCON,26.19,12.34,5.3,-3.17,0.334,0.407,0.631,2026-02-12
2026-02-12T23:17:08.376,GRMOVER,25.24,35.37,25.39,19.39,-0.048,0.085,0.337,2026-02-12
2026-02-12T23:17:08.376,JAYNECOIND,25.19,29.54,19.61,4.04,-0.069,0.047,0.477,2026-02-12
2026-02-12T23:17:08.376,SILGO,24.49,19.18,13.49,11.84,0.107,0.184,0.452,2026-02-12
2026-02-12T23:17:08.376,MCX,24.44,23.83,12.53,18.32,0.065,0.272,0.536,2026-02-12
2026-02-12T23:17:08.376,SILVERTUC,23.97,29.07,2.75,-0.511,-0.115,0.701,0.823,2026-02-12
2026-02-12T23:17:08.376,ASHOKLEY,23.93,17.13,9.91,-0.017,0.136,0.403,0.758,2026-02-12
2026-02-12T23:17:08.376,AVANTIFEED,23.01,5.84,4.91,-1.13,0.739,0.91,1.21,2026-02-12
2026-02-12T23:17:08.376,ATALREAL,23.01,19.27,23.41,32.74,0.027,0.067,0.386,2026-02-12
2026-02-12T23:17:08.376,JINDALPHOT,22.93,19.44,21.86,0.607,0.005,0.044,0.743,2026-02-12
2026-02-12T23:17:08.376,ABCAPITAL,22.67,23.23,16.41,7.45,-0.018,0.039,0.271,2026-02-12
2026-02-12T23:17:08.376,BHAGYANGR,22.5,21.54,9.33,-3.03,-0.022,0.156,0.795,2026-02-12
2026-02-12T23:17:08.376,NATIONALUM,22.48,21.84,3.9,-0.108,0.034,0.376,0.976,2026-02-12
2026-02-12T23:17:08.376,APEX,21.74,3.33,2.66,-4.77,0.624,0.55,1.0,2026-02-12
2026-02-12T23:17:08.376,ROSSTECH,21.59,8.88,NaN,NaN,0.236,0.085,0.195,2026-02-12
2026-02-12T23:17:08.376,GMDCLTD,21.37,21.2,15.78,3.16,0.037,0.004,0.414,2026-02-12
2026-02-12T23:17:08.376,LTF,21.26,24.14,23.94,5.0,0.012,-0.001,0.475,2026-02-12
2026-02-12T23:17:08.376,SHRIRAMFIN,21.26,16.56,7.54,1.04,0.106,0.33,0.753,2026-02-12
2026-02-12T23:17:08.376,IZMO,21.22,15.2,27.79,-2.05,0.066,-0.067,0.904,2026-02-12
2026-02-12T23:17:08.376,APOLLO,21.12,22.44,39.76,17.16,-0.033,-0.138,0.293,2026-02-12
2026-02-12T23:17:08.376,SJS,21.01,15.02,12.62,4.6,0.107,0.08,0.63,2026-02-12
2026-02-12T23:17:08.376,JKTYRE,20.95,10.71,6.21,-5.38,0.156,0.251,0.823,2026-02-12
2026-02-12T23:17:08.376,ANURAS,20.57,21.82,11.33,11.86,0.023,0.274,0.202,2026-02-12
2026-02-12T23:17:08.376,NETWEB,20.33,9.33,9.78,-1.83,-0.022,-0.079,0.491,2026-02-12
2026-02-12T23:17:08.376,KMEW,19.73,22.14,NaN,NaN,-0.062,0.31,1.1,2026-02-12
2026-02-12T23:17:08.376,MUTHOOTFIN,19.61,19.83,18.32,9.55,0.036,0.199,0.57,2026-02-12
2026-02-12T23:17:08.376,YATRA,19.6,15.22,19.14,-2.26,0.01,-0.131,0.447,2026-02-12
2026-02-12T23:17:08.376,STALLION,19.47,NaN,NaN,NaN,-0.155,-0.218,0.518,2026-02-12
2026-02-12T23:17:08.376,GOLDBETA,19.43,18.66,14.54,9.82,0.105,0.224,0.549,2026-02-12
2026-02-12T23:17:08.376,THANGAMAYL,19.37,22.09,15.34,2.6,-0.025,0.102,0.861,2026-02-12
2026-02-12T23:17:08.376,QGOLDHALF,19.34,18.62,14.49,9.85,0.106,0.225,0.554,2026-02-12
2026-02-12T23:17:08.376,RBLBANK,19.34,21.21,20.24,6.57,0.037,0.005,0.226,2026-02-12
2026-02-12T23:17:08.376,GOLDIETF,19.32,18.56,14.39,9.77,0.105,0.223,0.551,2026-02-12
2026-02-12T23:17:08.376,LICMFGOLD,19.25,18.75,14.45,10.12,0.104,0.225,0.545,2026-02-12
2026-02-12T23:17:08.376,GOLDCASE,19.21,18.5,14.33,9.82,0.104,0.225,0.548,2026-02-12
2026-02-12T23:17:08.376,HDFCGOLD,19.2,18.48,14.38,9.7,0.103,0.222,0.547,2026-02-12
2026-02-12T23:17:08.376,SANSERA,19.19,9.54,0.895,-3.19,0.223,0.434,0.774,2026-02-12
2026-02-12T23:17:08.376,BSLGOLDETF,19.19,18.52,14.62,9.94,0.103,0.218,0.544,2026-02-12
2026-02-12T23:17:08.376,GOLDETF,19.16,18.45,14.26,9.93,0.103,0.224,0.541,2026-02-12
2026-02-12T23:17:08.376,GOLD1,19.13,18.4,14.42,9.9,0.105,0.221,0.545,2026-02-12
2026-02-12T23:17:08.376,AXISGOLD,19.1,18.59,14.48,9.77,0.103,0.217,0.55,2026-02-12
2026-02-12T23:17:08.376,SETFGOLD,19.09,18.45,14.36,9.79,0.104,0.221,0.546,2026-02-12
2026-02-12T23:17:08.376,GOLDADD,19.09,18.28,14.41,9.82,0.106,0.219,0.542,2026-02-12
2026-02-12T23:17:08.376,TATAGOLD,19.05,18.39,14.27,9.8,0.103,0.222,0.542,2026-02-12
2026-02-12T23:17:08.376,CRAFTSMAN,18.98,13.01,9.68,8.39,0.037,0.167,0.163,2026-02-12
2026-02-12T23:17:08.376,GOLDBEES,18.96,18.35,14.38,9.83,0.104,0.22,0.544,2026-02-12
2026-02-12T23:17:08.376,PRECWIRE,18.96,10.09,11.19,2.51,0.229,0.024,0.609,2026-02-12
2026-02-12T23:17:08.376,NARMADA,17.54,7.66,7.38,5.84,0.227,0.52,0.413,2026-02-12
2026-02-11T23:11:54.652,WAAREEINDO,4489.72,3929.0,5414.36,31.3,-0.003,-0.113,87.12,2026-02-11
2026-02-11T23:11:54.652,CUPID,109.79,116.78,57.15,21.75,0.006,0.553,1.59,2026-02-11
2026-02-11T23:11:54.652,TAKE,83.04,55.52,16.37,-12.35,0.085,0.802,4.24,2026-02-11
2026-02-11T23:11:54.652,FORCEMOT,63.79,43.78,34.72,30.38,0.253,0.427,0.4,2026-02-11
2026-02-11T23:11:54.652,SMLMAH,53.39,48.02,19.42,25.04,0.042,0.465,0.147,2026-02-11
2026-02-11T23:11:54.652,LUMAXTECH,51.72,33.66,42.48,19.96,0.146,0.216,0.746,2026-02-11
2026-02-11T23:11:54.652,LUMAXIND,47.35,30.74,25.56,6.25,0.199,0.332,0.977,2026-02-11
2026-02-11T23:11:54.652,BGRENERGY,42.9,54.01,176.86,45.33,0.058,-0.126,1.78,2026-02-11
2026-02-11T23:11:54.652,SILVERADD,42.34,44.97,16.14,9.76,0.012,0.646,1.23,2026-02-11
2026-02-11T23:11:54.652,SILVERIETF,42.26,44.59,15.98,9.86,0.014,0.648,1.23,2026-02-11
2026-02-11T23:11:54.652,SILVER1,42.26,44.99,15.91,9.76,0.011,0.653,1.23,2026-02-11
2026-02-11T23:11:54.652,SBISILVER,42.14,44.51,16.08,9.62,0.014,0.644,1.23,2026-02-11
2026-02-11T23:11:54.652,SILVER,42.11,44.74,16.14,9.77,0.011,0.641,1.22,2026-02-11
2026-02-11T23:11:54.652,ESILVER,42.1,44.05,15.92,9.65,0.021,0.65,1.24,2026-02-11
2026-02-11T23:11:54.652,SILVERAG,42.06,44.71,16.17,9.65,0.011,0.64,1.23,2026-02-11
2026-02-11T23:11:54.652,TATSILV,42.05,44.49,16.08,9.63,0.013,0.637,1.22,2026-02-11
2026-02-11T23:11:54.652,SILVERBEES,42.04,44.29,15.96,9.79,0.017,0.646,1.23,2026-02-11
2026-02-11T23:11:54.652,AXISILVER,41.98,44.58,16.05,9.68,0.011,0.642,1.22,2026-02-11
2026-02-11T23:11:54.652,SILVERBETA,41.85,44.25,15.93,9.17,0.014,0.642,1.22,2026-02-11
2026-02-11T23:11:54.652,HDFCSILVER,41.8,44.5,16.03,9.59,0.011,0.636,1.22,2026-02-11
2026-02-11T23:11:54.652,HINDCOPPER,38.99,34.2,5.01,-3.93,0.106,0.777,1.53,2026-02-11
2026-02-11T23:11:54.652,INFOBEAN,38.35,31.15,11.91,9.7,-0.015,0.428,0.564,2026-02-11
2026-02-11T23:11:54.652,PFOCUS,38.31,23.4,9.09,2.81,0.106,0.516,0.74,2026-02-11
2026-02-11T23:11:54.652,VENUSREM,37.78,32.22,18.64,7.44,0.067,0.405,0.573,2026-02-11
2026-02-11T23:11:54.652,TFCILTD,35.49,20.95,29.64,17.52,0.153,0.062,0.279,2026-02-11
2026-02-11T23:11:54.652,KRISHANA,33.74,34.47,34.21,25.12,0.055,-0.016,0.013,2026-02-11
2026-02-11T23:11:54.652,MTARTECH,32.42,15.8,15.75,-3.49,0.332,0.361,1.37,2026-02-11
2026-02-11T23:11:54.652,ABINFRA,31.81,26.25,NaN,NaN,0.164,0.048,0.148,2026-02-11
2026-02-11T23:11:54.652,TDPOWERSYS,31.5,12.43,23.12,5.07,0.329,0.06,0.84,2026-02-11
2026-02-11T23:11:54.652,SBC,29.84,17.33,10.49,-0.317,0.08,0.223,0.742,2026-02-11
2026-02-11T23:11:54.652,GVT&D,29.55,11.54,20.19,16.67,0.351,0.174,0.309,2026-02-11
2026-02-11T23:11:54.652,BAJAJCON,27.51,11.47,7.27,-2.66,0.4,0.401,0.705,2026-02-11
2026-02-11T23:11:54.652,IZMO,27.4,15.1,32.84,-3.18,0.138,-0.024,1.21,2026-02-11
2026-02-11T23:11:54.652,JAYNECOIND,27.18,30.78,19.36,4.05,-0.091,0.085,0.5,2026-02-11
2026-02-11T23:11:54.652,IMFA,26.23,11.56,24.72,2.52,0.17,0.055,0.968,2026-02-11
2026-02-11T23:11:54.652,SILGO,25.18,20.36,12.81,12.37,0.153,0.229,0.493,2026-02-11
2026-02-11T23:11:54.652,SILVERTUC,25.13,31.11,4.33,-0.311,-0.16,0.621,0.801,2026-02-11
2026-02-11T23:11:54.652,MCX,25.01,22.06,11.83,18.25,0.062,0.258,0.538,2026-02-11
2026-02-11T23:11:54.652,GRMOVER,24.99,32.72,25.11,20.03,-0.034,0.106,0.364,2026-02-11
2026-02-11T23:11:54.652,SHARDACROP,24.92,1.2,0.421,18.75,0.411,0.491,0.147,2026-02-11
2026-02-11T23:11:54.652,ABCAPITAL,24.05,23.54,17.06,8.61,-0.031,0.044,0.267,2026-02-11
2026-02-11T23:11:54.652,ATALREAL,23.93,17.98,24.8,30.7,0.077,0.07,0.425,2026-02-11
2026-02-11T23:11:54.652,BHAGYANGR,23.5,22.74,9.44,-2.64,-0.032,0.194,0.841,2026-02-11
2026-02-11T23:11:54.652,THANGAMAYL,23.37,20.15,13.9,3.37,0.003,0.096,0.868,2026-02-11
2026-02-11T23:11:54.652,NATIONALUM,23.35,20.42,4.8,0.912,0.05,0.377,0.962,2026-02-11
2026-02-11T23:11:54.652,ASHOKLEY,22.93,17.24,8.56,-0.582,0.103,0.448,0.788,2026-02-11
2026-02-11T23:11:54.652,JKTYRE,22.63,10.61,6.41,-4.33,0.204,0.296,0.844,2026-02-11
2026-02-11T23:11:54.652,ROSSTECH,22.61,9.39,NaN,NaN,0.234,0.09,0.203,2026-02-11
2026-02-11T23:11:54.652,JINDALPHOT,21.59,15.69,22.29,1.83,0.037,0.003,0.659,2026-02-11
2026-02-11T23:11:54.652,GMDCLTD,21.51,20.53,17.04,2.68,0.054,0.0,0.478,2026-02-11
2026-02-11T23:11:54.652,KMEW,21.06,18.28,NaN,NaN,0.034,0.278,1.15,2026-02-11
2026-02-11T23:11:54.652,LTF,21.02,26.57,25.06,5.07,-0.026,-0.022,0.473,2026-02-11
2026-02-11T23:11:54.652,NETWEB,20.95,9.43,11.98,-1.2,-0.058,-0.106,0.498,2026-02-11
2026-02-11T23:11:54.652,APOLLO,20.89,22.14,42.27,16.11,-0.044,-0.146,0.356,2026-02-11
2026-02-11T23:11:54.652,ANURAS,20.62,20.51,11.39,11.39,0.038,0.272,0.216,2026-02-11
2026-02-11T23:11:54.652,SANSERA,20.47,8.85,1.62,-2.8,0.192,0.409,0.771,2026-02-11
2026-02-11T23:11:54.652,SJS,20.46,13.19,12.46,4.77,0.11,0.059,0.579,2026-02-11
2026-02-11T23:11:54.652,BSLGOLDETF,20.05,18.85,13.48,10.16,0.107,0.253,0.529,2026-02-11
2026-02-11T23:11:54.652,QGOLDHALF,20.04,18.93,13.39,10.09,0.106,0.258,0.536,2026-02-11
2026-02-11T23:11:54.652,GOLDBETA,20.01,18.97,13.55,9.84,0.105,0.254,0.534,2026-02-11
2026-02-11T23:11:54.652,SHRIRAMFIN,20.0,15.46,8.06,1.38,0.086,0.285,0.734,2026-02-11
2026-02-11T23:11:54.652,MIRCELECTR,19.92,13.14,5.07,-0.024,0.053,0.269,0.649,2026-02-11
2026-02-11T23:11:54.652,GOLDIETF,19.91,19.06,13.35,10.14,0.102,0.257,0.531,2026-02-11
2026-02-11T23:11:54.652,GOLD1,19.89,18.86,13.38,10.19,0.104,0.253,0.528,2026-02-11
2026-02-11T23:11:54.652,GOLDETF,19.88,18.7,13.33,10.05,0.105,0.252,0.526,2026-02-11
2026-02-11T23:11:54.652,HDFCGOLD,19.83,18.82,13.36,10.08,0.104,0.254,0.527,2026-02-11
2026-02-11T23:11:54.652,SETFGOLD,19.83,18.91,13.34,10.08,0.1,0.253,0.526,2026-02-11
2026-02-11T23:11:54.652,GOLDADD,19.83,18.84,13.39,10.14,0.103,0.253,0.526,2026-02-11
2026-02-11T23:11:54.652,GOLDCASE,19.81,18.79,13.36,10.01,0.104,0.253,0.526,2026-02-11
2026-02-11T23:11:54.652,AXISGOLD,19.78,19.0,13.46,10.22,0.098,0.251,0.523,2026-02-11
2026-02-11T23:11:54.652,GOLDBEES,19.74,18.8,13.32,10.08,0.102,0.253,0.526,2026-02-11
2026-02-11T23:11:54.652,CRAFTSMAN,19.56,11.6,11.03,6.87,0.083,0.148,0.245,2026-02-11
2026-02-11T23:11:54.652,TATAGOLD,19.56,18.78,13.26,10.11,0.102,0.249,0.52,2026-02-11
2026-02-11T23:11:54.652,RBLBANK,19.25,20.09,21.52,7.35,0.013,-0.034,0.18,2026-02-11
2026-02-11T23:11:54.652,MUTHOOTFIN,18.69,18.67,17.18,10.95,0.006,0.183,0.502,2026-02-11
2026-02-11T23:11:54.652,NARMADA,18.13,7.66,7.95,5.11,0.261,0.507,0.43,2026-02-11
2026-02-11T23:11:54.652,FIEMIND,18.1,12.37,9.02,9.07,0.146,0.19,0.409,2026-02-11
2026-02-11T23:11:54.652,CHENNPETRO,17.42,8.14,17.28,-5.54,0.146,-0.104,0.44,2026-02-11
2026-02-11T23:11:54.652,TVSHLTD,17.34,12.91,6.44,-3.43,0.081,0.062,0.385,2026-02-11
2026-02-11T23:11:54.652,PROZONER,17.14,14.49,36.73,12.42,0.008,-0.049,0.343,2026-02-11
2026-02-10T23:29:26.112,WAAREEINDO,4495.49,3833.87,5351.35,27.64,0.022,-0.072,90.42,2026-02-10
2026-02-10T23:29:26.112,CUPID,113.48,114.66,52.08,24.01,0.025,0.718,1.59,2026-02-10
2026-02-10T23:29:26.112,SABTNL,96.97,18.51,-2.37,45.1,0.085,1.34,0.581,2026-02-10
2026-02-10T23:29:26.112,TAKE,83.23,54.74,14.71,-12.53,0.099,0.878,4.16,2026-02-10
2026-02-10T23:29:26.112,FORCEMOT,59.51,39.65,35.1,29.96,0.263,0.346,0.305,2026-02-10
2026-02-10T23:29:26.112,SMLMAH,52.67,49.44,18.92,22.48,0.019,0.462,0.18,2026-02-10
2026-02-10T23:29:26.112,LUMAXTECH,48.57,36.81,43.55,24.89,0.071,0.147,0.577,2026-02-10
2026-02-10T23:29:26.112,LUMAXIND,42.93,30.68,25.97,6.18,0.121,0.234,0.812,2026-02-10
2026-02-10T23:29:26.112,INFOBEAN,42.42,31.81,13.44,10.21,0.012,0.483,0.597,2026-02-10
2026-02-10T23:29:26.112,SILVER1,41.94,41.57,15.32,9.17,0.057,0.649,1.2,2026-02-10
2026-02-10T23:29:26.112,ESILVER,41.91,41.24,15.19,9.04,0.065,0.658,1.21,2026-02-10
2026-02-10T23:29:26.112,TATSILV,41.87,41.52,15.61,8.99,0.058,0.641,1.2,2026-02-10
2026-02-10T23:29:26.112,SILVERAG,41.82,41.26,15.37,8.96,0.062,0.645,1.21,2026-02-10
2026-02-10T23:29:26.112,SILVERADD,41.81,41.82,15.3,9.12,0.055,0.648,1.2,2026-02-10
2026-02-10T23:29:26.112,SILVERIETF,41.78,41.59,15.26,9.11,0.057,0.648,1.2,2026-02-10
2026-02-10T23:29:26.112,SILVER,41.74,41.47,15.35,9.11,0.059,0.645,1.2,2026-02-10
2026-02-10T23:29:26.112,SILVERBEES,41.7,41.34,15.24,9.06,0.058,0.647,1.2,2026-02-10
2026-02-10T23:29:26.112,SILVERBETA,41.69,41.34,15.22,8.5,0.058,0.646,1.2,2026-02-10
2026-02-10T23:29:26.112,AXISILVER,41.56,41.18,15.22,8.69,0.057,0.643,1.2,2026-02-10
2026-02-10T23:29:26.112,HDFCSILVER,41.54,41.45,15.37,9.09,0.055,0.641,1.2,2026-02-10
2026-02-10T23:29:26.112,SBISILVER,41.34,41.32,15.31,8.96,0.052,0.637,1.19,2026-02-10
2026-02-10T23:29:26.112,BGRENERGY,39.53,55.27,171.54,42.34,0.013,-0.16,1.73,2026-02-10
2026-02-10T23:29:26.112,HINDCOPPER,39.42,32.2,7.51,-3.96,0.147,0.661,1.48,2026-02-10
2026-02-10T23:29:26.112,PFOCUS,37.93,21.9,7.23,3.72,0.156,0.635,0.697,2026-02-10
2026-02-10T23:29:26.112,TDPOWERSYS,33.66,14.76,23.34,7.23,0.268,0.096,0.678,2026-02-10
2026-02-10T23:29:26.112,MTARTECH,33.64,17.45,15.48,-3.43,0.352,0.404,1.44,2026-02-10
2026-02-10T23:29:26.112,KRISHANA,33.45,36.65,32.66,25.42,0.024,0.012,0.003,2026-02-10
2026-02-10T23:29:26.112,TFCILTD,32.55,22.5,29.88,17.19,0.057,0.004,0.222,2026-02-10
2026-02-10T23:29:26.112,ABINFRA,31.76,26.32,NaN,NaN,0.058,0.0,0.093,2026-02-10
2026-02-10T23:29:26.112,SBC,29.47,17.96,10.92,-0.045,0.067,0.217,0.718,2026-02-10
2026-02-10T23:29:26.112,STALLION,29.25,NaN,NaN,NaN,-0.126,-0.158,0.466,2026-02-10
2026-02-10T23:29:26.112,IZMO,28.94,13.96,33.37,-1.02,0.199,0.009,1.07,2026-02-10
2026-02-10T23:29:26.112,GVT&D,28.81,13.95,19.56,15.58,0.247,0.158,0.296,2026-02-10
2026-02-10T23:29:26.112,MCX,28.19,22.79,12.61,18.85,0.128,0.301,0.567,2026-02-10
2026-02-10T23:29:26.112,IMFA,27.73,11.71,25.09,2.11,0.177,0.063,0.982,2026-02-10
2026-02-10T23:29:26.112,SHARDACROP,27.35,2.6,2.01,19.52,0.466,0.52,0.176,2026-02-10
2026-02-10T23:29:26.112,JAYNECOIND,27.16,28.81,19.1,3.42,-0.052,0.08,0.5,2026-02-10
2026-02-10T23:29:26.112,BAJAJCON,27.12,11.63,7.67,-2.32,0.372,0.362,0.703,2026-02-10
2026-02-10T23:29:26.112,SILVERTUC,25.26,33.89,4.31,-0.021,-0.204,0.606,0.769,2026-02-10
2026-02-10T23:29:26.112,ASHOKLEY,25.13,17.32,10.0,0.385,0.117,0.436,0.75,2026-02-10
2026-02-10T23:29:26.112,ATALREAL,24.99,20.23,23.21,33.2,0.051,0.077,0.406,2026-02-10
2026-02-10T23:29:26.112,THANGAMAYL,24.79,22.16,12.99,2.94,0.023,0.141,0.887,2026-02-10
2026-02-10T23:29:26.112,GRMOVER,24.7,35.78,24.95,17.84,-0.052,0.087,0.381,2026-02-10
2026-02-10T23:29:26.112,NATIONALUM,24.51,21.27,5.21,1.27,0.059,0.388,0.943,2026-02-10
2026-02-10T23:29:26.112,ABCAPITAL,24.15,24.34,17.26,9.19,-0.0,0.074,0.272,2026-02-10
2026-02-10T23:29:26.112,ROSSTECH,23.83,8.41,NaN,NaN,0.275,0.088,0.241,2026-02-10
2026-02-10T23:29:26.112,BHAGYANGR,23.72,21.69,9.48,-3.01,0.025,0.202,0.878,2026-02-10
2026-02-10T23:29:26.112,GMDCLTD,23.61,20.43,18.23,3.2,0.098,0.009,0.462,2026-02-10
2026-02-10T23:29:26.112,APOLLO,23.58,23.55,41.52,15.9,-0.013,-0.121,0.356,2026-02-10
2026-02-10T23:29:26.112,LTF,22.56,27.78,25.96,5.71,-0.019,-0.004,0.468,2026-02-10
2026-02-10T23:29:26.112,MIRCELECTR,22.37,13.82,5.7,-4.35,0.121,0.353,1.06,2026-02-10
2026-02-10T23:29:26.112,KMEW,21.99,18.29,NaN,NaN,0.051,0.283,1.11,2026-02-10
2026-02-10T23:29:26.112,SHRIRAMFIN,21.51,15.69,8.87,1.79,0.075,0.26,0.671,2026-02-10
2026-02-10T23:29:26.112,NETWEB,21.5,9.98,11.76,-1.37,-0.04,-0.09,0.48,2026-02-10
2026-02-10T23:29:26.112,SILGO,21.29,22.2,13.55,13.65,0.028,0.148,0.331,2026-02-10
2026-02-10T23:29:26.112,JKTYRE,20.31,11.33,5.4,-4.96,0.129,0.262,0.762,2026-02-10
2026-02-10T23:29:26.112,GOLDBETA,20.25,17.95,13.75,9.91,0.132,0.246,0.535,2026-02-10
2026-02-10T23:29:26.112,GOLDADD,20.24,17.66,13.62,9.93,0.133,0.245,0.531,2026-02-10
2026-02-10T23:29:26.112,GOLDIETF,20.06,17.84,13.67,10.0,0.131,0.244,0.532,2026-02-10
2026-02-10T23:29:26.112,BSLGOLDETF,20.04,17.77,13.92,9.79,0.13,0.239,0.537,2026-02-10
2026-02-10T23:29:26.112,HDFCGOLD,20.03,17.7,13.61,9.85,0.131,0.244,0.53,2026-02-10
2026-02-10T23:29:26.112,GOLDCASE,20.02,17.66,13.58,9.89,0.133,0.245,0.53,2026-02-10
2026-02-10T23:29:26.112,GOLD1,20.01,17.71,13.62,9.94,0.13,0.243,0.527,2026-02-10
2026-02-10T23:29:26.112,SETFGOLD,19.99,17.69,13.58,9.92,0.131,0.243,0.529,2026-02-10
2026-02-10T23:29:26.112,POWERINDIA,19.97,6.35,15.05,18.38,0.256,0.028,0.084,2026-02-10
2026-02-10T23:29:26.112,AXISGOLD,19.96,17.92,13.81,9.93,0.127,0.239,0.524,2026-02-10
2026-02-10T23:29:26.112,GOLDETF,19.95,17.62,13.5,9.78,0.132,0.245,0.53,2026-02-10
2026-02-10T23:29:26.112,GOLDBEES,19.94,17.7,13.56,9.85,0.13,0.242,0.529,2026-02-10
2026-02-10T23:29:26.112,TATAGOLD,19.75,17.65,13.47,9.82,0.129,0.241,0.525,2026-02-10
2026-02-10T23:29:26.112,EGOLD,19.74,17.43,13.35,9.78,0.129,0.241,0.518,2026-02-10
2026-02-10T23:29:26.112,CRAFTSMAN,19.55,12.28,11.88,6.31,0.03,0.094,0.227,2026-02-10
2026-02-10T23:29:26.112,SJS,19.51,14.45,12.52,4.47,0.065,0.015,0.526,2026-02-10
2026-02-10T23:29:26.112,RBLBANK,19.39,20.05,21.57,7.73,0.003,-0.043,0.148,2026-02-10
2026-02-10T23:29:26.112,POCL,19.16,19.52,12.65,12.45,-0.101,-0.086,0.142,2026-02-10
2026-02-10T23:29:26.112,MUTHOOTFIN,19.05,18.15,18.39,10.65,0.016,0.145,0.473,2026-02-10
2026-02-10T23:29:26.112,ANURAS,19.0,20.43,11.68,11.63,0.001,0.219,0.163,2026-02-10
2026-02-10T23:29:26.112,NARMADA,18.75,7.59,8.74,3.86,0.298,0.55,0.507,2026-02-10
2026-02-10T23:29:26.112,TERASOFT,18.48,27.79,113.43,71.18,0.083,-0.141,0.499,2026-02-10
2026-02-10T23:29:26.112,SKMEGGPROD,18.35,13.12,19.78,7.56,0.099,-0.1,0.179,2026-02-10
2026-02-10T23:29:26.112,FIEMIND,17.97,12.81,9.52,9.75,0.113,0.164,0.342,2026-02-10
2026-02-09T23:05:28.047,SWANDEF,16970.52,7005.6,930.61,-8.48,1.18,15.86,881.95,2026-02-09
2026-02-09T23:05:28.047,WAAREEINDO,4244.41,4095.27,5281.99,25.04,-0.07,-0.066,90.32,2026-02-09
2026-02-09T23:05:28.047,CUPID,117.45,105.74,56.09,22.52,0.055,0.612,1.52,2026-02-09
2026-02-09T23:05:28.047,SABTNL,86.41,17.48,-3.63,42.91,0.018,1.34,0.581,2026-02-09
2026-02-09T23:05:28.047,TAKE,75.9,54.99,11.81,-12.68,0.015,0.888,3.84,2026-02-09
2026-02-09T23:05:28.047,FORCEMOT,54.26,39.97,33.81,27.03,0.117,0.23,0.231,2026-02-09
2026-02-09T23:05:28.047,SMLMAH,45.41,49.14,20.09,17.95,-0.119,0.278,0.124,2026-02-09
2026-02-09T23:05:28.047,LUMAXTECH,42.96,35.96,39.61,27.55,-0.022,0.117,0.341,2026-02-09
2026-02-09T23:05:28.047,SILVER1,42.5,39.05,13.74,7.49,0.103,0.697,1.25,2026-02-09
2026-02-09T23:05:28.047,AXISILVER,42.25,39.41,14.22,7.55,0.092,0.688,1.24,2026-02-09
2026-02-09T23:05:28.047,SILVERAG,42.23,39.16,14.27,7.58,0.099,0.689,1.25,2026-02-09
2026-02-09T23:05:28.047,TATSILV,42.18,39.29,14.02,7.43,0.093,0.679,1.24,2026-02-09
2026-02-09T23:05:28.047,SILVERADD,42.04,39.5,14.36,7.61,0.087,0.677,1.24,2026-02-09
2026-02-09T23:05:28.047,SILVERIETF,41.9,39.66,13.91,7.48,0.084,0.678,1.23,2026-02-09
2026-02-09T23:05:28.047,HDFCSILVER,41.88,39.13,14.32,7.53,0.091,0.677,1.23,2026-02-09
2026-02-09T23:05:28.047,SILVER,41.82,39.38,14.17,7.64,0.087,0.677,1.23,2026-02-09
2026-02-09T23:05:28.047,SILVERBEES,41.77,39.11,14.29,7.54,0.09,0.677,1.23,2026-02-09
2026-02-09T23:05:28.047,SILVERBETA,41.71,38.98,14.01,6.96,0.09,0.676,1.23,2026-02-09
2026-02-09T23:05:28.047,SBISILVER,41.59,39.17,14.19,7.61,0.088,0.676,1.23,2026-02-09
2026-02-09T23:05:28.047,ESILVER,40.9,39.06,14.06,7.52,0.08,0.66,1.21,2026-02-09
2026-02-09T23:05:28.047,BGRENERGY,39.19,58.3,181.97,36.13,-0.011,-0.133,2.01,2026-02-09
2026-02-09T23:05:28.047,PFOCUS,39.04,21.85,7.91,2.41,0.173,0.639,0.816,2026-02-09
2026-02-09T23:05:28.047,HINDCOPPER,38.81,28.71,5.22,-4.81,0.148,0.769,1.44,2026-02-09
2026-02-09T23:05:28.047,SALSTEEL,35.4,21.35,18.88,-6.44,0.176,0.123,1.96,2026-02-09
2026-02-09T23:05:28.047,INFOBEAN,34.44,33.22,12.09,7.92,-0.105,0.388,0.509,2026-02-09
2026-02-09T23:05:28.047,VENUSREM,33.87,30.26,12.69,6.83,0.002,0.513,0.423,2026-02-09
2026-02-09T23:05:28.047,ABINFRA,31.57,25.33,NaN,NaN,0.047,0.001,0.077,2026-02-09
2026-02-09T23:05:28.047,KRISHANA,31.43,36.72,31.83,26.16,-0.027,0.003,-0.067,2026-02-09
2026-02-09T23:05:28.047,LUMAXIND,31.37,30.89,24.61,9.12,-0.077,0.052,0.341,2026-02-09
2026-02-09T23:05:28.047,TFCILTD,30.41,22.37,28.38,15.75,0.01,-0.018,0.186,2026-02-09
2026-02-09T23:05:28.047,MTARTECH,28.96,12.86,11.75,-3.66,0.352,0.403,1.19,2026-02-09
2026-02-09T23:05:28.047,TDPOWERSYS,28.5,14.13,23.48,6.04,0.16,0.019,0.56,2026-02-09
2026-02-09T23:05:28.047,SBC,28.23,17.95,10.2,-1.37,0.061,0.206,0.736,2026-02-09
2026-02-09T23:05:28.047,GVT&D,28.22,14.29,18.3,14.98,0.229,0.192,0.319,2026-02-09
2026-02-09T23:05:28.047,SHARDACROP,28.14,1.48,2.58,20.64,0.492,0.557,0.14,2026-02-09
2026-02-09T23:05:28.047,IMFA,28.1,11.48,23.05,0.403,0.191,0.098,1.04,2026-02-09
2026-02-09T23:05:28.047,IZMO,28.01,14.73,31.28,-5.27,0.113,0.009,1.33,2026-02-09
2026-02-09T23:05:28.047,SILVERTUC,27.59,31.41,3.97,-1.29,-0.144,0.691,0.884,2026-02-09
2026-02-09T23:05:28.047,STALLION,27.36,NaN,NaN,NaN,-0.186,-0.133,0.328,2026-02-09
2026-02-09T23:05:28.047,MCX,27.3,21.46,12.59,16.92,0.091,0.277,0.572,2026-02-09
2026-02-09T23:05:28.047,BAJAJCON,26.41,10.66,8.62,-2.72,0.351,0.285,0.688,2026-02-09
2026-02-09T23:05:28.047,JAYNECOIND,26.39,27.09,18.49,3.02,-0.094,0.066,0.433,2026-02-09
2026-02-09T23:05:28.047,BHAGYANGR,25.54,21.94,8.55,-4.39,-0.02,0.228,0.897,2026-02-09
2026-02-09T23:05:28.047,THANGAMAYL,25.49,23.34,11.17,1.65,-0.041,0.18,0.928,2026-02-09
2026-02-09T23:05:28.047,GRMOVER,25.27,34.37,22.14,16.02,-0.041,0.136,0.352,2026-02-09
2026-02-09T23:05:28.047,KMEW,24.7,18.0,NaN,NaN,0.025,0.24,1.11,2026-02-09
2026-02-09T23:05:28.047,LTF,24.4,27.29,25.59,4.58,-0.034,-0.013,0.472,2026-02-09
2026-02-09T23:05:28.047,ASHOKLEY,24.03,15.2,9.0,0.085,0.115,0.446,0.705,2026-02-09
2026-02-09T23:05:28.047,GMDCLTD,23.8,19.45,16.61,0.587,0.098,0.04,0.573,2026-02-09
2026-02-09T23:05:28.047,ROSSTECH,23.75,9.08,NaN,NaN,0.251,0.059,0.307,2026-02-09
2026-02-09T23:05:28.047,SHRIRAMFIN,23.68,15.19,8.62,1.24,0.07,0.294,0.685,2026-02-09
2026-02-09T23:05:28.047,ATALREAL,23.66,20.29,22.0,31.5,0.009,0.073,0.357,2026-02-09
2026-02-09T23:05:28.047,ABCAPITAL,23.51,22.8,16.56,8.17,-0.016,0.058,0.273,2026-02-09
2026-02-09T23:05:28.047,NATIONALUM,23.11,17.29,4.29,-0.311,0.095,0.419,0.936,2026-02-09
2026-02-09T23:05:28.047,APOLLO,22.44,21.5,36.41,14.38,-0.012,-0.05,0.383,2026-02-09
2026-02-09T23:05:28.047,MIRCELECTR,21.81,13.97,5.42,-4.63,0.083,0.395,1.05,2026-02-09
2026-02-09T23:05:28.047,GOLD1,20.21,16.86,12.82,9.29,0.145,0.262,0.538,2026-02-09
2026-02-09T23:05:28.047,QGOLDHALF,20.17,17.08,12.91,9.27,0.142,0.264,0.542,2026-02-09
2026-02-09T23:05:28.047,GOLDBETA,20.15,17.14,12.93,9.34,0.139,0.262,0.538,2026-02-09
2026-02-09T23:05:28.047,GOLDADD,20.13,16.88,12.79,9.28,0.142,0.261,0.537,2026-02-09
2026-02-09T23:05:28.047,ANURAS,20.11,19.35,11.8,11.55,-0.001,0.22,0.162,2026-02-09
2026-02-09T23:05:28.047,LICMFGOLD,20.08,16.79,13.06,9.46,0.149,0.263,0.537,2026-02-09
2026-02-09T23:05:28.047,GOLDBEES,19.97,16.85,12.71,9.16,0.14,0.258,0.534,2026-02-09
2026-02-09T23:05:28.047,HDFCGOLD,19.96,16.89,12.79,8.99,0.139,0.258,0.533,2026-02-09
2026-02-09T23:05:28.047,NETWEB,19.93,9.63,9.49,-2.52,-0.066,-0.06,0.495,2026-02-09
2026-02-09T23:05:28.047,GOLDETF,19.91,16.85,12.57,9.32,0.141,0.262,0.534,2026-02-09
2026-02-09T23:05:28.047,AXISGOLD,19.88,16.88,12.83,9.2,0.139,0.253,0.531,2026-02-09
2026-02-09T23:05:28.047,GOLDIETF,19.87,17.03,12.84,9.22,0.138,0.258,0.532,2026-02-09
2026-02-09T23:05:28.047,BSLGOLDETF,19.86,16.98,12.85,9.23,0.136,0.252,0.53,2026-02-09
2026-02-09T23:05:28.047,GOLDCASE,19.84,16.91,12.32,9.3,0.14,0.261,0.534,2026-02-09
2026-02-09T23:05:28.047,SETFGOLD,19.8,16.88,12.8,9.16,0.14,0.257,0.533,2026-02-09
2026-02-09T23:05:28.047,TATAGOLD,19.49,16.81,11.17,9.08,0.137,0.257,0.526,2026-02-09
2026-02-09T23:05:28.047,SKMEGGPROD,19.49,11.99,19.14,5.59,0.116,-0.077,0.231,2026-02-09
2026-02-09T23:05:28.047,RBLBANK,19.37,21.34,21.2,5.38,-0.005,-0.049,0.185,2026-02-09
2026-02-09T23:05:28.047,EGOLD,19.18,16.73,12.15,9.32,0.138,0.257,0.526,2026-02-09
2026-02-09T23:05:28.047,CRAFTSMAN,19.08,11.76,8.74,5.09,0.022,0.154,0.235,2026-02-09
2026-02-09T23:05:28.047,SOUTHWEST,19.07,7.58,16.06,8.76,0.175,0.189,0.541,2026-02-09
2026-02-09T23:05:28.047,POWERINDIA,18.96,6.45,13.91,16.44,0.221,0.057,0.102,2026-02-09
2026-02-09T23:05:28.047,TERASOFT,18.87,26.99,117.17,73.07,0.09,-0.156,0.494,2026-02-09
2026-02-09T23:05:28.047,POCL,18.54,18.27,11.47,11.18,-0.121,-0.048,0.152,2026-02-09
2026-02-08T23:27:55.419,CUPID,115.95,122.02,56.98,20.65,-0.025,0.624,1.61,2026-02-08
2026-02-08T23:27:55.419,SABTNL,86.72,13.95,-4.54,40.77,0.122,1.55,0.742,2026-02-08
2026-02-08T23:27:55.419,TAKE,74.81,53.83,10.63,-12.44,0.011,0.914,3.58,2026-02-08
2026-02-08T23:27:55.419,FORCEMOT,52.81,42.39,34.51,25.63,0.036,0.176,0.2,2026-02-08
2026-02-08T23:27:55.419,SMLMAH,41.52,47.45,20.98,17.77,-0.158,0.187,0.042,2026-02-08
2026-02-08T23:27:55.419,LUMAXTECH,41.05,38.22,31.73,30.08,-0.116,0.23,0.234,2026-02-08
2026-02-08T23:27:55.419,BGRENERGY,38.8,59.43,202.61,34.79,-0.04,-0.189,2.08,2026-02-08
2026-02-08T23:27:55.419,HINDCOPPER,37.18,30.97,4.81,-5.08,0.052,0.742,1.35,2026-02-08
2026-02-08T23:27:55.419,AXISILVER,37.04,42.52,13.04,7.31,-0.033,0.594,1.08,2026-02-08
2026-02-08T23:27:55.419,ESILVER,36.79,42.44,12.98,7.29,-0.031,0.596,1.09,2026-02-08
2026-02-08T23:27:55.419,SILVERADD,36.78,42.64,13.02,7.37,-0.039,0.585,1.08,2026-02-08
2026-02-08T23:27:55.419,SILVERAG,36.73,42.37,13.14,7.31,-0.037,0.581,1.07,2026-02-08
2026-02-08T23:27:55.419,TATSILV,36.71,42.69,13.16,7.21,-0.041,0.578,1.07,2026-02-08
2026-02-08T23:27:55.419,SILVER1,36.58,42.62,13.08,7.29,-0.04,0.58,1.07,2026-02-08
2026-02-08T23:27:55.419,SILVER,36.55,42.65,13.04,7.37,-0.042,0.58,1.07,2026-02-08
2026-02-08T23:27:55.419,SBISILVER,36.54,42.5,13.09,7.36,-0.041,0.58,1.07,2026-02-08
2026-02-08T23:27:55.419,SILVERIETF,36.5,42.72,13.04,7.25,-0.041,0.582,1.08,2026-02-08
2026-02-08T23:27:55.419,HDFCSILVER,36.37,42.58,12.95,7.28,-0.044,0.579,1.06,2026-02-08
2026-02-08T23:27:55.419,SILVERBETA,36.27,42.42,12.9,6.81,-0.044,0.577,1.06,2026-02-08
2026-02-08T23:27:55.419,SILVERBEES,36.25,42.5,12.93,7.22,-0.042,0.58,1.07,2026-02-08
2026-02-08T23:27:55.419,PFOCUS,35.97,20.08,8.82,3.89,0.097,0.519,0.636,2026-02-08
2026-02-08T23:27:55.419,INFOBEAN,34.19,38.45,13.56,6.27,-0.178,0.333,0.542,2026-02-08
2026-02-08T23:27:55.419,ABINFRA,32.52,24.53,NaN,NaN,0.043,0.009,0.08,2026-02-08
2026-02-08T23:27:55.419,TFCILTD,30.39,24.81,30.26,13.88,-0.0,-0.014,0.214,2026-02-08
2026-02-08T23:27:55.419,KRISHANA,30.28,38.18,32.85,27.03,-0.058,-0.031,-0.107,2026-02-08
2026-02-08T23:27:55.419,LUMAXIND,29.73,30.92,22.48,9.93,-0.123,0.069,0.264,2026-02-08
2026-02-08T23:27:55.419,IZMO,27.72,16.13,34.26,-5.38,0.063,-0.03,1.34,2026-02-08
2026-02-08T23:27:55.419,SBC,27.5,17.94,9.34,-1.15,0.056,0.247,0.712,2026-02-08
2026-02-08T23:27:55.419,SILVERTUC,27.18,29.88,4.35,-1.29,-0.136,0.658,0.883,2026-02-08
2026-02-08T23:27:55.419,TDPOWERSYS,26.79,14.4,23.23,6.62,0.118,0.004,0.551,2026-02-08
2026-02-08T23:27:55.419,MTARTECH,26.62,13.99,11.67,-3.31,0.281,0.352,1.06,2026-02-08
2026-02-08T23:27:55.419,SILGO,26.06,23.38,13.39,11.95,-0.022,0.139,0.336,2026-02-08
2026-02-08T23:27:55.419,MCX,25.94,21.39,12.05,17.2,0.033,0.262,0.511,2026-02-08
2026-02-08T23:27:55.419,SHARDACROP,25.83,2.66,2.12,23.79,0.421,0.536,0.055,2026-02-08
2026-02-08T23:27:55.419,GRMOVER,24.73,34.56,24.23,19.63,-0.034,0.11,0.329,2026-02-08
2026-02-08T23:27:55.419,GVT&D,24.7,15.91,18.03,16.89,0.128,0.156,0.26,2026-02-08
2026-02-08T23:27:55.419,ATALREAL,24.56,20.03,24.23,31.43,0.043,0.102,0.395,2026-02-08
2026-02-08T23:27:55.419,JAYNECOIND,24.12,33.17,19.06,2.39,-0.158,0.03,0.388,2026-02-08
2026-02-08T23:27:55.419,BHAGYANGR,24.11,24.17,10.14,-3.17,-0.088,0.215,0.779,2026-02-08
2026-02-08T23:27:55.419,KMEW,23.56,17.8,NaN,NaN,-0.029,0.278,1.01,2026-02-08
2026-02-08T23:27:55.419,IMFA,23.41,12.28,19.27,0.307,0.039,0.103,0.841,2026-02-08
2026-02-08T23:27:55.419,BAJAJCON,23.17,10.45,9.47,-2.7,0.282,0.193,0.602,2026-02-08
2026-02-08T23:27:55.419,ROSSTECH,23.0,10.64,NaN,NaN,0.195,0.09,0.244,2026-02-08
2026-02-08T23:27:55.419,STALLION,22.78,NaN,NaN,NaN,-0.263,-0.216,0.273,2026-02-08
2026-02-08T23:27:55.419,LTF,22.5,28.59,26.78,5.15,-0.091,-0.06,0.397,2026-02-08
2026-02-08T23:27:55.419,ABCAPITAL,22.11,23.05,17.46,7.78,-0.037,0.029,0.233,2026-02-08
2026-02-08T23:27:55.419,GMDCLTD,21.63,22.02,16.81,1.32,-0.011,-0.0,0.459,2026-02-08
2026-02-08T23:27:55.419,ASHOKLEY,21.22,15.13,8.63,0.321,0.085,0.429,0.655,2026-02-08
2026-02-08T23:27:55.419,NATIONALUM,21.16,17.63,1.79,-1.27,0.006,0.511,0.894,2026-02-08
2026-02-08T23:27:55.419,THANGAMAYL,20.99,22.03,13.95,1.03,-0.114,0.003,0.777,2026-02-08
2026-02-08T23:27:55.419,CRAFTSMAN,20.58,12.24,9.44,4.93,0.004,0.157,0.213,2026-02-08
2026-02-08T23:27:55.419,ANURAS,20.13,19.95,11.95,11.6,-0.018,0.215,0.15,2026-02-08
2026-02-08T23:27:55.419,SHRIRAMFIN,19.93,15.18,8.37,1.23,0.007,0.228,0.591,2026-02-08
2026-02-08T23:27:55.419,SKMEGGPROD,19.62,13.92,19.53,5.78,0.073,-0.063,0.249,2026-02-08
2026-02-08T23:27:55.419,SJS,19.54,14.65,11.51,7.36,-0.017,0.039,0.51,2026-02-08
2026-02-08T23:27:55.419,APOLLO,19.5,27.09,37.96,14.39,-0.082,-0.103,0.346,2026-02-08
2026-02-08T23:27:55.419,BSLGOLDETF,19.31,17.58,12.12,9.55,0.11,0.257,0.502,2026-02-08
2026-02-08T23:27:55.419,GOLDBETA,19.23,17.54,12.27,9.77,0.11,0.255,0.503,2026-02-08
2026-02-08T23:27:55.419,GOLDETF,19.2,17.3,12.04,9.63,0.114,0.259,0.504,2026-02-08
2026-02-08T23:27:55.419,GOLDIETF,19.18,17.47,11.99,9.54,0.111,0.259,0.505,2026-02-08
2026-02-08T23:27:55.419,LICMFGOLD,19.16,17.61,12.12,9.7,0.107,0.251,0.499,2026-02-08
2026-02-08T23:27:55.419,HDFCGOLD,19.13,17.32,12.02,9.3,0.11,0.254,0.5,2026-02-08
2026-02-08T23:27:55.419,EGOLD,19.13,17.17,11.59,9.53,0.116,0.27,0.506,2026-02-08
2026-02-08T23:27:55.419,GOLDADD,19.09,17.37,11.95,9.59,0.108,0.255,0.501,2026-02-08
2026-02-08T23:27:55.419,QGOLDHALF,19.04,17.47,11.97,9.54,0.105,0.254,0.501,2026-02-08
2026-02-08T23:27:55.419,AXISGOLD,19.04,17.34,11.96,9.5,0.11,0.256,0.5,2026-02-08
2026-02-08T23:27:55.419,TATAGOLD,18.99,17.27,11.9,9.58,0.111,0.257,0.5,2026-02-08
2026-02-08T23:27:55.419,GOLDCASE,18.99,17.31,11.94,9.59,0.108,0.253,0.498,2026-02-08
2026-02-08T23:27:55.419,SETFGOLD,18.96,17.29,11.98,9.49,0.109,0.253,0.499,2026-02-08
2026-02-08T23:27:55.419,RBLBANK,18.91,23.57,23.26,5.86,-0.052,-0.08,0.137,2026-02-08
2026-02-08T23:27:55.419,GOLD1,18.89,17.25,11.97,9.59,0.107,0.251,0.494,2026-02-08
2026-02-08T23:27:55.419,GOLDBEES,18.86,17.28,11.91,9.48,0.107,0.251,0.495,2026-02-08
2026-02-08T23:27:55.419,NETWEB,18.72,8.83,10.15,-0.818,-0.074,-0.091,0.411,2026-02-08
2026-02-08T23:27:55.419,MIRCELECTR,18.63,15.82,6.25,-5.26,-0.063,0.261,0.892,2026-02-08
2026-02-08T23:27:55.419,POCL,17.53,18.95,10.7,11.83,-0.188,-0.074,0.076,2026-02-08
2026-02-08T23:27:55.419,IFBAGRO,17.5,46.17,42.43,11.45,-0.397,-0.337,0.224,2026-02-08
2026-02-08T23:27:55.419,UJJIVANSFB,17.47,16.35,9.61,0.322,0.084,0.2,0.429,2026-02-08
2026-02-08T23:27:55.419,JKTYRE,17.37,9.76,5.33,-5.71,0.057,0.181,0.657,2026-02-08
2026-02-08T23:27:55.419,ACUTAAS,16.58,15.72,18.14,21.34,0.127,0.126,0.48,2026-02-08
2026-02-08T23:27:55.419,CUB,16.49,16.48,11.34,6.51,0.005,0.145,0.346,2026-02-08
2026-02-07T23:25:51.071,CUPID,115.95,122.02,56.98,20.65,-0.025,0.624,1.61,2026-02-07
2026-02-07T23:25:51.071,SABTNL,86.72,13.95,-4.54,40.77,0.122,1.55,0.742,2026-02-07
2026-02-07T23:25:51.071,TAKE,74.81,53.83,10.63,-12.44,0.011,0.914,3.58,2026-02-07
2026-02-07T23:25:51.071,FORCEMOT,52.81,42.39,34.51,25.63,0.036,0.176,0.2,2026-02-07
2026-02-07T23:25:51.071,SMLMAH,41.52,47.45,20.98,17.77,-0.158,0.187,0.042,2026-02-07
2026-02-07T23:25:51.071,LUMAXTECH,41.05,38.22,31.73,30.08,-0.116,0.23,0.234,2026-02-07
2026-02-07T23:25:51.071,BGRENERGY,38.8,59.43,202.61,34.79,-0.04,-0.189,2.08,2026-02-07
2026-02-07T23:25:51.071,HINDCOPPER,37.18,30.97,4.81,-5.08,0.052,0.742,1.35,2026-02-07
2026-02-07T23:25:51.071,AXISILVER,37.04,42.52,13.04,7.31,-0.033,0.594,1.08,2026-02-07
2026-02-07T23:25:51.071,ESILVER,36.79,42.44,12.98,7.29,-0.031,0.596,1.09,2026-02-07
2026-02-07T23:25:51.071,SILVERADD,36.78,42.64,13.02,7.37,-0.039,0.585,1.08,2026-02-07
2026-02-07T23:25:51.071,SILVERAG,36.73,42.37,13.14,7.31,-0.037,0.581,1.07,2026-02-07
2026-02-07T23:25:51.071,TATSILV,36.71,42.69,13.16,7.21,-0.041,0.578,1.07,2026-02-07
2026-02-07T23:25:51.071,SILVER1,36.58,42.62,13.08,7.29,-0.04,0.58,1.07,2026-02-07
2026-02-07T23:25:51.071,SILVER,36.55,42.65,13.04,7.37,-0.042,0.58,1.07,2026-02-07
2026-02-07T23:25:51.071,SBISILVER,36.54,42.5,13.09,7.36,-0.041,0.58,1.07,2026-02-07
2026-02-07T23:25:51.071,SILVERIETF,36.5,42.72,13.04,7.25,-0.041,0.582,1.08,2026-02-07
2026-02-07T23:25:51.071,HDFCSILVER,36.37,42.58,12.95,7.28,-0.044,0.579,1.06,2026-02-07
2026-02-07T23:25:51.071,SILVERBETA,36.27,42.42,12.9,6.81,-0.044,0.577,1.06,2026-02-07
2026-02-07T23:25:51.071,SILVERBEES,36.25,42.5,12.93,7.22,-0.042,0.58,1.07,2026-02-07
2026-02-07T23:25:51.071,PFOCUS,35.97,20.08,8.82,3.89,0.097,0.519,0.636,2026-02-07
2026-02-07T23:25:51.071,INFOBEAN,34.19,38.45,13.56,6.27,-0.178,0.333,0.542,2026-02-07
2026-02-07T23:25:51.071,ABINFRA,32.52,24.53,NaN,NaN,0.043,0.009,0.08,2026-02-07
2026-02-07T23:25:51.071,TFCILTD,30.39,24.81,30.26,13.88,-0.0,-0.014,0.214,2026-02-07
2026-02-07T23:25:51.071,KRISHANA,30.28,38.18,32.85,27.03,-0.058,-0.031,-0.107,2026-02-07
2026-02-07T23:25:51.071,LUMAXIND,29.73,30.92,22.48,9.93,-0.123,0.069,0.264,2026-02-07
2026-02-07T23:25:51.071,IZMO,27.72,16.13,34.26,-5.38,0.063,-0.03,1.34,2026-02-07
2026-02-07T23:25:51.071,SBC,27.5,17.94,9.34,-1.15,0.056,0.247,0.712,2026-02-07
2026-02-07T23:25:51.071,SILVERTUC,27.18,29.88,4.35,-1.29,-0.136,0.658,0.883,2026-02-07
2026-02-07T23:25:51.071,TDPOWERSYS,26.79,14.4,23.23,6.62,0.118,0.004,0.551,2026-02-07
2026-02-07T23:25:51.071,MTARTECH,26.62,13.99,11.67,-3.31,0.281,0.352,1.06,2026-02-07
2026-02-07T23:25:51.071,SILGO,26.06,23.38,13.39,11.95,-0.022,0.139,0.336,2026-02-07
2026-02-07T23:25:51.071,MCX,25.94,21.39,12.05,17.2,0.033,0.262,0.511,2026-02-07
2026-02-07T23:25:51.071,SHARDACROP,25.83,2.66,2.12,23.79,0.421,0.536,0.055,2026-02-07
2026-02-07T23:25:51.071,GRMOVER,24.73,34.56,24.23,19.63,-0.034,0.11,0.329,2026-02-07
2026-02-07T23:25:51.071,GVT&D,24.7,15.91,18.03,16.89,0.128,0.156,0.26,2026-02-07
2026-02-07T23:25:51.071,ATALREAL,24.56,20.03,24.23,31.43,0.043,0.102,0.395,2026-02-07
2026-02-07T23:25:51.071,JAYNECOIND,24.12,33.17,19.06,2.39,-0.158,0.03,0.388,2026-02-07
2026-02-07T23:25:51.071,BHAGYANGR,24.11,24.17,10.14,-3.17,-0.088,0.215,0.779,2026-02-07
2026-02-07T23:25:51.071,KMEW,23.56,17.8,NaN,NaN,-0.029,0.278,1.01,2026-02-07
2026-02-07T23:25:51.071,IMFA,23.41,12.28,19.27,0.307,0.039,0.103,0.841,2026-02-07
2026-02-07T23:25:51.071,BAJAJCON,23.17,10.45,9.47,-2.7,0.282,0.193,0.602,2026-02-07
2026-02-07T23:25:51.071,ROSSTECH,23.0,10.64,NaN,NaN,0.195,0.09,0.244,2026-02-07
2026-02-07T23:25:51.071,STALLION,22.78,NaN,NaN,NaN,-0.263,-0.216,0.273,2026-02-07
2026-02-07T23:25:51.071,LTF,22.5,28.59,26.78,5.15,-0.091,-0.06,0.397,2026-02-07
2026-02-07T23:25:51.071,ABCAPITAL,22.11,23.05,17.46,7.78,-0.037,0.029,0.233,2026-02-07
2026-02-07T23:25:51.071,GMDCLTD,21.63,22.02,16.81,1.32,-0.011,-0.0,0.459,2026-02-07
2026-02-07T23:25:51.071,ASHOKLEY,21.22,15.13,8.63,0.321,0.085,0.429,0.655,2026-02-07
2026-02-07T23:25:51.071,NATIONALUM,21.16,17.63,1.79,-1.27,0.006,0.511,0.894,2026-02-07
2026-02-07T23:25:51.071,THANGAMAYL,20.99,22.03,13.95,1.03,-0.114,0.003,0.777,2026-02-07
2026-02-07T23:25:51.071,CRAFTSMAN,20.58,12.24,9.44,4.93,0.004,0.157,0.213,2026-02-07
2026-02-07T23:25:51.071,ANURAS,20.13,19.95,11.95,11.6,-0.018,0.215,0.15,2026-02-07
2026-02-07T23:25:51.071,SHRIRAMFIN,19.93,15.18,8.37,1.23,0.007,0.228,0.591,2026-02-07
2026-02-07T23:25:51.071,SKMEGGPROD,19.62,13.92,19.53,5.78,0.073,-0.063,0.249,2026-02-07
2026-02-07T23:25:51.071,SJS,19.54,14.65,11.51,7.36,-0.017,0.039,0.51,2026-02-07
2026-02-07T23:25:51.071,APOLLO,19.5,27.09,37.96,14.39,-0.082,-0.103,0.346,2026-02-07
2026-02-07T23:25:51.071,BSLGOLDETF,19.31,17.58,12.12,9.55,0.11,0.257,0.502,2026-02-07
2026-02-07T23:25:51.071,GOLDBETA,19.23,17.54,12.27,9.77,0.11,0.255,0.503,2026-02-07
2026-02-07T23:25:51.071,GOLDETF,19.2,17.3,12.04,9.63,0.114,0.259,0.504,2026-02-07
2026-02-07T23:25:51.071,GOLDIETF,19.18,17.47,11.99,9.54,0.111,0.259,0.505,2026-02-07
2026-02-07T23:25:51.071,LICMFGOLD,19.16,17.61,12.12,9.7,0.107,0.251,0.499,2026-02-07
2026-02-07T23:25:51.071,HDFCGOLD,19.13,17.32,12.02,9.3,0.11,0.254,0.5,2026-02-07
2026-02-07T23:25:51.071,EGOLD,19.13,17.17,11.59,9.53,0.116,0.27,0.506,2026-02-07
2026-02-07T23:25:51.071,GOLDADD,19.09,17.37,11.95,9.59,0.108,0.255,0.501,2026-02-07
2026-02-07T23:25:51.071,QGOLDHALF,19.04,17.47,11.97,9.54,0.105,0.254,0.501,2026-02-07
2026-02-07T23:25:51.071,AXISGOLD,19.04,17.34,11.96,9.5,0.11,0.256,0.5,2026-02-07
2026-02-07T23:25:51.071,TATAGOLD,18.99,17.27,11.9,9.58,0.111,0.257,0.5,2026-02-07
2026-02-07T23:25:51.071,GOLDCASE,18.99,17.31,11.94,9.59,0.108,0.253,0.498,2026-02-07
2026-02-07T23:25:51.071,SETFGOLD,18.96,17.29,11.98,9.49,0.109,0.253,0.499,2026-02-07
2026-02-07T23:25:51.071,RBLBANK,18.91,23.57,23.26,5.86,-0.052,-0.08,0.137,2026-02-07
2026-02-07T23:25:51.071,GOLD1,18.89,17.25,11.97,9.59,0.107,0.251,0.494,2026-02-07
2026-02-07T23:25:51.071,GOLDBEES,18.86,17.28,11.91,9.48,0.107,0.251,0.495,2026-02-07
2026-02-07T23:25:51.071,NETWEB,18.72,8.83,10.15,-0.818,-0.074,-0.091,0.411,2026-02-07
2026-02-07T23:25:51.071,MIRCELECTR,18.63,15.82,6.25,-5.26,-0.063,0.261,0.892,2026-02-07
2026-02-07T23:25:51.071,POCL,17.53,18.95,10.7,11.83,-0.188,-0.074,0.076,2026-02-07
2026-02-07T23:25:51.071,IFBAGRO,17.5,46.17,42.43,11.45,-0.397,-0.337,0.224,2026-02-07
2026-02-07T23:25:51.071,UJJIVANSFB,17.47,16.35,9.61,0.322,0.084,0.2,0.429,2026-02-07
2026-02-07T23:25:51.071,JKTYRE,17.37,9.76,5.33,-5.71,0.057,0.181,0.657,2026-02-07
2026-02-07T23:25:51.071,ACUTAAS,16.58,15.72,18.14,21.34,0.127,0.126,0.48,2026-02-07
2026-02-07T23:25:51.071,CUB,16.49,16.48,11.34,6.51,0.005,0.145,0.346,2026-02-07
2026-02-06T23:59:36.639,CUPID,115.95,122.02,56.98,20.65,-0.025,0.624,1.61,2026-02-06
2026-02-06T23:59:36.639,SABTNL,86.72,13.95,-4.54,40.77,0.122,1.55,0.742,2026-02-06
2026-02-06T23:59:36.639,TAKE,74.81,53.83,10.63,-12.44,0.011,0.914,3.58,2026-02-06
2026-02-06T23:59:36.639,FORCEMOT,52.81,42.39,34.51,25.63,0.036,0.176,0.2,2026-02-06
2026-02-06T23:59:36.639,SMLMAH,41.52,47.45,20.98,17.77,-0.158,0.187,0.042,2026-02-06
2026-02-06T23:59:36.639,LUMAXTECH,41.05,38.22,31.73,30.08,-0.116,0.23,0.234,2026-02-06
2026-02-06T23:59:36.639,BGRENERGY,38.8,59.43,202.61,34.79,-0.04,-0.189,2.08,2026-02-06
2026-02-06T23:59:36.639,HINDCOPPER,37.18,30.97,4.81,-5.08,0.052,0.742,1.35,2026-02-06
2026-02-06T23:59:36.639,AXISILVER,37.04,42.52,13.04,7.31,-0.033,0.594,1.08,2026-02-06
2026-02-06T23:59:36.639,ESILVER,36.79,42.44,12.98,7.29,-0.031,0.596,1.09,2026-02-06
2026-02-06T23:59:36.639,SILVERADD,36.78,42.64,13.02,7.37,-0.039,0.585,1.08,2026-02-06
2026-02-06T23:59:36.639,SILVERAG,36.73,42.37,13.14,7.31,-0.037,0.581,1.07,2026-02-06
2026-02-06T23:59:36.639,TATSILV,36.71,42.69,13.16,7.21,-0.041,0.578,1.07,2026-02-06
2026-02-06T23:59:36.639,SILVER1,36.58,42.62,13.08,7.29,-0.04,0.58,1.07,2026-02-06
2026-02-06T23:59:36.639,SILVER,36.55,42.65,13.04,7.37,-0.042,0.58,1.07,2026-02-06
2026-02-06T23:59:36.639,SBISILVER,36.54,42.5,13.09,7.36,-0.041,0.58,1.07,2026-02-06
2026-02-06T23:59:36.639,SILVERIETF,36.5,42.72,13.04,7.25,-0.041,0.582,1.08,2026-02-06
2026-02-06T23:59:36.639,HDFCSILVER,36.37,42.58,12.95,7.28,-0.044,0.579,1.06,2026-02-06
2026-02-06T23:59:36.639,SILVERBETA,36.27,42.42,12.9,6.81,-0.044,0.577,1.06,2026-02-06
2026-02-06T23:59:36.639,SILVERBEES,36.25,42.5,12.93,7.22,-0.042,0.58,1.07,2026-02-06
2026-02-06T23:59:36.639,PFOCUS,35.97,20.08,8.82,3.89,0.097,0.519,0.636,2026-02-06
2026-02-06T23:59:36.639,INFOBEAN,34.19,38.45,13.56,6.27,-0.178,0.333,0.542,2026-02-06
2026-02-06T23:59:36.639,ABINFRA,32.52,24.53,NaN,NaN,0.043,0.009,0.08,2026-02-06
2026-02-06T23:59:36.639,TFCILTD,30.39,24.81,30.26,13.88,-0.0,-0.014,0.214,2026-02-06
2026-02-06T23:59:36.639,KRISHANA,30.28,38.18,32.85,27.03,-0.058,-0.031,-0.107,2026-02-06
2026-02-06T23:59:36.639,LUMAXIND,29.73,30.92,22.48,9.93,-0.123,0.069,0.264,2026-02-06
2026-02-06T23:59:36.639,IZMO,27.72,16.13,34.26,-5.38,0.063,-0.03,1.34,2026-02-06
2026-02-06T23:59:36.639,SBC,27.5,17.94,9.34,-1.15,0.056,0.247,0.712,2026-02-06
2026-02-06T23:59:36.639,SILVERTUC,27.18,29.88,4.35,-1.29,-0.136,0.658,0.883,2026-02-06
2026-02-06T23:59:36.639,TDPOWERSYS,26.79,14.4,23.23,6.62,0.118,0.004,0.551,2026-02-06
2026-02-06T23:59:36.639,MTARTECH,26.62,13.99,11.67,-3.31,0.281,0.352,1.06,2026-02-06
2026-02-06T23:59:36.639,SILGO,26.06,23.38,13.39,11.95,-0.022,0.139,0.336,2026-02-06
2026-02-06T23:59:36.639,MCX,25.94,21.39,12.05,17.2,0.033,0.262,0.511,2026-02-06
2026-02-06T23:59:36.639,SHARDACROP,25.83,2.66,2.12,23.79,0.421,0.536,0.055,2026-02-06
2026-02-06T23:59:36.639,GRMOVER,24.73,34.56,24.23,19.63,-0.034,0.11,0.329,2026-02-06
2026-02-06T23:59:36.639,GVT&D,24.7,15.91,18.03,16.89,0.128,0.156,0.26,2026-02-06
2026-02-06T23:59:36.639,ATALREAL,24.56,20.03,24.23,31.43,0.043,0.102,0.395,2026-02-06
2026-02-06T23:59:36.639,JAYNECOIND,24.12,33.17,19.06,2.39,-0.158,0.03,0.388,2026-02-06
2026-02-06T23:59:36.639,BHAGYANGR,24.11,24.17,10.14,-3.17,-0.088,0.215,0.779,2026-02-06
2026-02-06T23:59:36.639,KMEW,23.56,17.8,NaN,NaN,-0.029,0.278,1.01,2026-02-06
2026-02-06T23:59:36.639,IMFA,23.41,12.28,19.27,0.307,0.039,0.103,0.841,2026-02-06
2026-02-06T23:59:36.639,BAJAJCON,23.17,10.45,9.47,-2.7,0.282,0.193,0.602,2026-02-06
2026-02-06T23:59:36.639,ROSSTECH,23.0,10.64,NaN,NaN,0.195,0.09,0.244,2026-02-06
2026-02-06T23:59:36.639,STALLION,22.78,NaN,NaN,NaN,-0.263,-0.216,0.273,2026-02-06
2026-02-06T23:59:36.639,LTF,22.5,28.59,26.78,5.15,-0.091,-0.06,0.397,2026-02-06
2026-02-06T23:59:36.639,ABCAPITAL,22.11,23.05,17.46,7.78,-0.037,0.029,0.233,2026-02-06
2026-02-06T23:59:36.639,GMDCLTD,21.63,22.02,16.81,1.32,-0.011,-0.0,0.459,2026-02-06
2026-02-06T23:59:36.639,ASHOKLEY,21.22,15.13,8.63,0.321,0.085,0.429,0.655,2026-02-06
2026-02-06T23:59:36.639,NATIONALUM,21.16,17.63,1.79,-1.27,0.006,0.511,0.894,2026-02-06
2026-02-06T23:59:36.639,THANGAMAYL,20.99,22.03,13.95,1.03,-0.114,0.003,0.777,2026-02-06
2026-02-06T23:59:36.639,CRAFTSMAN,20.58,12.24,9.44,4.93,0.004,0.157,0.213,2026-02-06
2026-02-06T23:59:36.639,ANURAS,20.13,19.95,11.95,11.6,-0.018,0.215,0.15,2026-02-06
2026-02-06T23:59:36.639,SHRIRAMFIN,19.93,15.18,8.37,1.23,0.007,0.228,0.591,2026-02-06
2026-02-06T23:59:36.639,SKMEGGPROD,19.62,13.92,19.53,5.78,0.073,-0.063,0.249,2026-02-06
2026-02-06T23:59:36.639,SJS,19.54,14.65,11.51,7.36,-0.017,0.039,0.51,2026-02-06
2026-02-06T23:59:36.639,APOLLO,19.5,27.09,37.96,14.39,-0.082,-0.103,0.346,2026-02-06
2026-02-06T23:59:36.639,BSLGOLDETF,19.31,17.58,12.12,9.55,0.11,0.257,0.502,2026-02-06
2026-02-06T23:59:36.639,GOLDBETA,19.23,17.54,12.27,9.77,0.11,0.255,0.503,2026-02-06
2026-02-06T23:59:36.639,GOLDETF,19.2,17.3,12.04,9.63,0.114,0.259,0.504,2026-02-06
2026-02-06T23:59:36.639,GOLDIETF,19.18,17.47,11.99,9.54,0.111,0.259,0.505,2026-02-06
2026-02-06T23:59:36.639,LICMFGOLD,19.16,17.61,12.12,9.7,0.107,0.251,0.499,2026-02-06
2026-02-06T23:59:36.639,HDFCGOLD,19.13,17.32,12.02,9.3,0.11,0.254,0.5,2026-02-06
2026-02-06T23:59:36.639,EGOLD,19.13,17.17,11.59,9.53,0.116,0.27,0.506,2026-02-06
2026-02-06T23:59:36.639,GOLDADD,19.09,17.37,11.95,9.59,0.108,0.255,0.501,2026-02-06
2026-02-06T23:59:36.639,QGOLDHALF,19.04,17.47,11.97,9.54,0.105,0.254,0.501,2026-02-06
2026-02-06T23:59:36.639,AXISGOLD,19.04,17.34,11.96,9.5,0.11,0.256,0.5,2026-02-06
2026-02-06T23:59:36.639,TATAGOLD,18.99,17.27,11.9,9.58,0.111,0.257,0.5,2026-02-06
2026-02-06T23:59:36.639,GOLDCASE,18.99,17.31,11.94,9.59,0.108,0.253,0.498,2026-02-06
2026-02-06T23:59:36.639,SETFGOLD,18.96,17.29,11.98,9.49,0.109,0.253,0.499,2026-02-06
2026-02-06T23:59:36.639,RBLBANK,18.91,23.57,23.26,5.86,-0.052,-0.08,0.137,2026-02-06
2026-02-06T23:59:36.639,GOLD1,18.89,17.25,11.97,9.59,0.107,0.251,0.494,2026-02-06
2026-02-06T23:59:36.639,GOLDBEES,18.86,17.28,11.91,9.48,0.107,0.251,0.495,2026-02-06
2026-02-06T23:59:36.639,NETWEB,18.72,8.83,10.15,-0.818,-0.074,-0.091,0.411,2026-02-06
2026-02-06T23:59:36.639,MIRCELECTR,18.63,15.82,6.25,-5.26,-0.063,0.261,0.892,2026-02-06
2026-02-06T23:59:36.639,POCL,17.53,18.95,10.7,11.83,-0.188,-0.074,0.076,2026-02-06
2026-02-06T23:59:36.639,IFBAGRO,17.5,46.17,42.43,11.45,-0.397,-0.337,0.224,2026-02-06
2026-02-06T23:59:36.639,UJJIVANSFB,17.47,16.35,9.61,0.322,0.084,0.2,0.429,2026-02-06
2026-02-06T23:59:36.639,JKTYRE,17.37,9.76,5.33,-5.71,0.057,0.181,0.657,2026-02-06
2026-02-06T23:59:36.639,ACUTAAS,16.58,15.72,18.14,21.34,0.127,0.126,0.48,2026-02-06
2026-02-06T23:59:36.639,CUB,16.49,16.48,11.34,6.51,0.005,0.145,0.346,2026-02-06
2026-02-05T23:37:31.211,CUPID,115.23,119.21,53.57,22.1,-0.021,0.712,1.51,2026-02-05
2026-02-05T23:37:31.211,SABTNL,76.63,11.12,-4.82,38.72,0.11,1.44,0.742,2026-02-05
2026-02-05T23:37:31.211,FORCEMOT,51.1,48.56,34.59,23.25,0.009,0.179,0.24,2026-02-05
2026-02-05T23:37:31.211,LUMAXTECH,45.89,40.26,29.69,26.84,-0.09,0.317,0.325,2026-02-05
2026-02-05T23:37:31.211,SMLMAH,42.76,44.18,20.24,16.93,-0.102,0.209,0.078,2026-02-05
2026-02-05T23:37:31.211,ESILVER,41.75,41.82,12.65,7.25,0.046,0.702,1.24,2026-02-05
2026-02-05T23:37:31.211,HINDCOPPER,41.75,32.72,4.22,-5.38,0.074,0.884,1.49,2026-02-05
2026-02-05T23:37:31.211,SILVER,41.44,42.11,12.73,7.33,0.036,0.691,1.22,2026-02-05
2026-02-05T23:37:31.211,SBISILVER,40.89,41.97,12.65,7.52,0.029,0.678,1.2,2026-02-05
2026-02-05T23:37:31.211,TATSILV,40.7,42.3,12.72,7.28,0.022,0.668,1.2,2026-02-05
2026-02-05T23:37:31.211,SILVERIETF,40.69,42.23,12.63,7.27,0.024,0.673,1.2,2026-02-05
2026-02-05T23:37:31.211,HDFCSILVER,40.57,42.19,12.6,7.31,0.024,0.672,1.19,2026-02-05
2026-02-05T23:37:31.211,BGRENERGY,40.49,62.68,213.22,33.46,-0.04,-0.179,2.25,2026-02-05
2026-02-05T23:37:31.211,SILVERBETA,40.43,41.82,12.55,6.8,0.025,0.669,1.19,2026-02-05
2026-02-05T23:37:31.211,SILVER1,40.39,41.76,12.71,7.36,0.026,0.667,1.19,2026-02-05
2026-02-05T23:37:31.211,SILVERBEES,40.19,42.0,12.51,7.15,0.021,0.667,1.19,2026-02-05
2026-02-05T23:37:31.211,AXISILVER,40.16,42.02,12.63,7.29,0.018,0.662,1.18,2026-02-05
2026-02-05T23:37:31.211,SILVERADD,40.04,42.1,12.68,7.34,0.014,0.653,1.18,2026-02-05
2026-02-05T23:37:31.211,SILVERAG,39.9,41.78,12.69,7.3,0.02,0.653,1.18,2026-02-05
2026-02-05T23:37:31.211,PFOCUS,38.11,21.96,9.62,2.47,0.094,0.511,0.735,2026-02-05
2026-02-05T23:37:31.211,INFOBEAN,36.84,34.49,12.12,7.14,-0.105,0.414,0.518,2026-02-05
2026-02-05T23:37:31.211,MEGASOFT,35.34,38.94,51.94,16.07,-0.077,-0.111,0.586,2026-02-05
2026-02-05T23:37:31.211,SILGO,34.5,24.88,16.44,12.2,-0.043,0.106,0.315,2026-02-05
2026-02-05T23:37:31.211,ABINFRA,34.18,23.02,NaN,NaN,0.108,0.088,0.123,2026-02-05
2026-02-05T23:37:31.211,LUMAXIND,32.55,31.89,25.61,9.78,-0.09,0.051,0.323,2026-02-05
2026-02-05T23:37:31.211,TDPOWERSYS,31.4,14.11,26.83,6.34,0.176,0.015,0.581,2026-02-05
2026-02-05T23:37:31.211,TFCILTD,30.8,25.1,33.42,13.37,-0.013,-0.011,0.222,2026-02-05
2026-02-05T23:37:31.211,MTARTECH,29.52,14.46,12.05,-5.28,0.295,0.383,1.27,2026-02-05
2026-02-05T23:37:31.211,MCX,27.51,20.46,12.03,18.63,0.073,0.303,0.511,2026-02-05
2026-02-05T23:37:31.211,GRMOVER,27.01,34.84,24.54,19.29,-0.044,0.103,0.306,2026-02-05
2026-02-05T23:37:31.211,SBC,26.92,17.86,10.56,-1.49,0.05,0.207,0.701,2026-02-05
2026-02-05T23:37:31.211,SILVERTUC,26.25,25.2,2.89,-1.09,-0.063,0.706,0.846,2026-02-05
2026-02-05T23:37:31.211,GABRIEL,26.25,24.7,42.32,27.74,-0.056,-0.194,-0.042,2026-02-05
2026-02-05T23:37:31.211,BHAGYANGR,26.15,23.14,9.44,-3.64,-0.052,0.335,0.823,2026-02-05
2026-02-05T23:37:31.211,GVT&D,25.93,14.55,18.96,18.3,0.14,0.171,0.265,2026-02-05
2026-02-05T23:37:31.211,JAYNECOIND,25.24,33.85,19.23,0.609,-0.171,0.034,0.451,2026-02-05
2026-02-05T23:37:31.211,SHARDACROP,24.86,2.03,3.25,21.91,0.4,0.495,0.058,2026-02-05
2026-02-05T23:37:31.211,IMFA,24.64,13.52,16.82,-0.083,0.027,0.177,0.842,2026-02-05
2026-02-05T23:37:31.211,BAJAJCON,24.46,10.29,9.7,-3.04,0.315,0.219,0.639,2026-02-05
2026-02-05T23:37:31.211,ATALREAL,24.35,21.77,26.12,30.64,0.062,0.117,0.454,2026-02-05
2026-02-05T23:37:31.211,NATIONALUM,23.81,17.18,1.52,-1.4,0.05,0.578,0.944,2026-02-05
2026-02-05T23:37:31.211,KMEW,23.6,17.01,NaN,NaN,0.008,0.254,1.05,2026-02-05
2026-02-05T23:37:31.211,GMDCLTD,23.43,22.99,14.85,1.18,0.003,0.083,0.502,2026-02-05
2026-02-05T23:37:31.211,SJS,23.13,15.49,12.91,7.46,0.002,0.045,0.509,2026-02-05
2026-02-05T23:37:31.211,STALLION,23.04,NaN,NaN,NaN,-0.208,-0.216,0.423,2026-02-05
2026-02-05T23:37:31.211,MIRCELECTR,22.8,15.16,7.2,-7.48,-0.019,0.3,1.19,2026-02-05
2026-02-05T23:37:31.211,ROSSTECH,22.34,11.4,NaN,NaN,0.196,0.199,0.3,2026-02-05
2026-02-05T23:37:31.211,LTF,22.32,31.29,21.82,4.65,-0.113,0.03,0.389,2026-02-05
2026-02-05T23:37:31.211,APOLLO,22.16,28.97,37.37,12.15,-0.081,-0.08,0.418,2026-02-05
2026-02-05T23:37:31.211,ASHOKLEY,22.08,17.05,8.6,-0.083,0.083,0.427,0.644,2026-02-05
2026-02-05T23:37:31.211,ABCAPITAL,21.98,24.19,14.31,6.3,-0.044,0.054,0.238,2026-02-05
2026-02-05T23:37:31.211,IZMO,21.54,16.22,36.03,-5.56,-0.111,-0.214,0.976,2026-02-05
2026-02-05T23:37:31.211,CRAFTSMAN,21.53,13.17,9.91,5.62,-0.023,0.157,0.182,2026-02-05
2026-02-05T23:37:31.211,POCL,20.86,20.07,12.68,17.9,-0.175,-0.045,0.096,2026-02-05
2026-02-05T23:37:31.211,ANURAS,20.47,20.87,11.71,11.6,-0.036,0.222,0.157,2026-02-05
2026-02-05T23:37:31.211,NETWEB,20.25,8.42,9.56,-0.144,-0.071,-0.058,0.349,2026-02-05
2026-02-05T23:37:31.211,GOLDIETF,20.17,17.65,12.05,9.59,0.124,0.275,0.531,2026-02-05
2026-02-05T23:37:31.211,GOLDBETA,20.12,17.83,12.27,9.69,0.119,0.268,0.526,2026-02-05
2026-02-05T23:37:31.211,BSLGOLDETF,19.9,17.81,12.1,9.68,0.116,0.264,0.517,2026-02-05
2026-02-05T23:37:31.211,GROWWGOLD,19.88,17.39,11.84,NaN,0.121,0.267,0.519,2026-02-05
2026-02-05T23:37:31.211,IFBAGRO,19.87,40.26,35.01,13.39,-0.302,-0.215,0.24,2026-02-05
2026-02-05T23:37:31.211,LICMFGOLD,19.87,17.67,11.98,9.51,0.116,0.256,0.509,2026-02-05
2026-02-05T23:37:31.211,EGOLD,19.85,17.48,11.9,9.49,0.116,0.266,0.518,2026-02-05
2026-02-05T23:37:31.211,GOLDADD,19.8,17.76,12.08,9.71,0.113,0.261,0.514,2026-02-05
2026-02-05T23:37:31.211,GOLDETF,19.78,17.54,12.24,9.54,0.113,0.255,0.516,2026-02-05
2026-02-05T23:37:31.211,TATAGOLD,19.72,17.52,11.94,9.53,0.114,0.264,0.516,2026-02-05
2026-02-05T23:37:31.211,QGOLDHALF,19.72,17.74,12.12,9.65,0.107,0.256,0.511,2026-02-05
2026-02-05T23:37:31.211,HDFCGOLD,19.67,17.58,12.1,9.42,0.111,0.256,0.511,2026-02-05
2026-02-05T23:37:31.211,SHRIRAMFIN,19.64,17.17,7.05,1.36,-0.011,0.252,0.588,2026-02-05
2026-02-05T23:37:31.211,RBLBANK,19.61,24.33,21.66,5.22,-0.05,-0.065,0.147,2026-02-05
2026-02-05T23:37:31.211,BBNPPGOLD,19.6,17.46,12.24,9.84,0.114,0.259,0.513,2026-02-05
2026-02-05T23:37:31.211,SETFGOLD,19.58,17.49,12.05,9.55,0.111,0.256,0.509,2026-02-05
2026-02-05T23:37:31.211,GOLDCASE,19.51,17.55,12.01,9.59,0.109,0.257,0.509,2026-02-05
2026-02-05T23:37:31.211,AXISGOLD,19.5,17.61,12.02,9.64,0.105,0.255,0.504,2026-02-05
2026-02-05T23:37:31.211,GOLDBEES,19.43,17.46,11.99,9.52,0.107,0.251,0.504,2026-02-05
2026-02-05T23:37:31.211,GOLD1,19.39,17.41,12.11,9.67,0.106,0.249,0.501,2026-02-05
2026-02-05T23:37:31.211,THANGAMAYL,19.25,18.69,11.57,0.638,-0.089,0.031,0.667,2026-02-05
2026-02-05T23:37:31.211,SKMEGGPROD,19.23,14.96,17.7,4.8,0.029,-0.047,0.246,2026-02-05
2026-02-05T23:37:31.211,UJJIVANSFB,18.27,16.92,9.89,0.603,0.084,0.232,0.435,2026-02-05
2026-02-05T23:37:31.211,JKTYRE,17.37,9.93,4.9,-5.73,0.05,0.197,0.622,2026-02-05
