Timestamp,Symbol,Sl,Ts,%_change,Close,Scan_Date
2026-02-19T14:41:30.099,LICMFGOLD,13199.15,14847.16,1.48,13790.0,2026-02-19
2026-02-19T14:41:30.099,IVZINGOLD,12859.53,14302.67,1.91,13380.0,2026-02-19
2026-02-19T14:41:30.099,DIVISLAB,6057.19,6211.58,0.613,6322.0,2026-02-19
2026-02-19T14:41:30.099,ANANDRATHI,2949.22,2867.05,0.612,3026.4,2026-02-19
2026-02-19T14:41:30.099,IVZINNIFTY,2873.69,2990.97,0.596,2950.0,2026-02-19
2026-02-19T14:41:30.099,PRIVISCL,2772.21,2677.12,1.03,2895.0,2026-02-19
2026-02-19T14:41:30.099,MCX,2254.75,2350.86,1.55,2377.5,2026-02-19
2026-02-19T14:41:30.099,SILVERTUC,1220.35,1333.06,4.23,1341.0,2026-02-19
2026-02-19T14:41:30.099,CHOICEIN,769.62,743.07,0.93,802.8,2026-02-19
2026-02-19T14:41:30.099,UPL,725.98,706.89,2.38,765.45,2026-02-19
2026-02-19T14:41:30.099,VEDL,651.74,702.11,0.443,681.0,2026-02-19
2026-02-19T14:41:30.099,OIL,442.25,468.05,5.77,479.6,2026-02-19
2026-02-19T14:41:30.099,EGOLD,147.02,168.21,2.02,154.0,2026-02-19
2026-02-19T14:41:30.099,HEALTHADD,145.28,142.38,0.109,147.53,2026-02-19
2026-02-19T14:41:30.099,SAMMAANCAP,145.26,141.3,1.64,150.98,2026-02-19
2026-02-19T14:41:30.099,CHOICEGOLD,144.45,158.23,1.52,152.33,2026-02-19
2026-02-19T14:41:30.099,MOGOLD,144.33,157.09,2.7,151.9,2026-02-19
2026-02-19T14:41:30.099,UNIONGOLD,143.2,156.59,1.14,150.65,2026-02-19
2026-02-19T14:41:30.099,GOLD360,143.04,160.71,2.1,150.55,2026-02-19
2026-02-19T14:41:30.099,GOLDADD,142.84,165.44,2.3,149.61,2026-02-19
2026-02-19T14:41:30.099,BSLGOLDETF,127.96,140.86,2.0,134.88,2026-02-19
2026-02-19T14:41:30.099,HDFCGOLD,124.84,138.23,2.27,131.46,2026-02-19
2026-02-19T14:41:30.099,GOLDIETF,124.79,142.78,2.33,132.0,2026-02-19
2026-02-19T14:41:30.099,SETFGOLD,124.34,139.44,2.36,131.34,2026-02-19
2026-02-19T14:41:30.099,GOLDBETA,123.14,134.03,2.13,129.35,2026-02-19
2026-02-19T14:41:30.099,GOLDBEES,122.03,135.89,2.21,127.39,2026-02-19
2026-02-19T14:41:30.099,AXISGOLD,121.8,134.41,2.56,128.75,2026-02-19
2026-02-19T14:41:30.099,QGOLDHALF,120.84,135.09,2.16,127.4,2026-02-19
2026-02-19T14:41:30.099,RICOAUTO,117.1,117.77,1.26,125.91,2026-02-19
2026-02-19T14:41:30.099,EASTSILK,54.71,67.75,4.99,60.98,2026-02-19
2026-02-19T14:41:30.099,TATAGOLD,13.93,15.49,2.12,14.91,2026-02-19
2026-02-19T14:41:30.099,AONEGOLD,13.44,15.93,2.21,14.32,2026-02-19
2026-02-19T14:41:30.099,KESORAMIND,8.14,8.78,4.96,9.52,2026-02-19
2026-02-18T23:37:40.455,CNXMIDCAP,58990.44,58369.13,0.503,60183.2,2026-02-18
2026-02-18T23:37:40.455,NIFTY100,26017.41,26039.5,0.415,26484.6,2026-02-18
2026-02-18T23:37:40.455,NIFTY,25371.43,25520.03,0.365,25819.35,2026-02-18
2026-02-18T23:37:40.455,NIFTY500,23225.48,23117.75,0.449,23645.8,2026-02-18
2026-02-18T23:37:40.455,CNXPHARMA,22109.29,21660.9,0.209,22541.95,2026-02-18
2026-02-18T23:37:40.455,NIFTYMIDCAP150,21720.98,21526.93,0.546,22159.95,2026-02-18
2026-02-18T23:37:40.455,NIFTY50TR2XLEV,20606.84,20817.87,0.739,21334.45,2026-02-18
2026-02-18T23:37:40.455,NIFTY100LOWVOL30,20503.29,20504.04,0.332,20829.4,2026-02-18
2026-02-18T23:37:40.455,NIFTYMIDSMALLCAP400,19557.02,19372.55,0.532,19938.45,2026-02-18
2026-02-18T23:37:40.455,NIFTYMIDCAP50,16797.31,16682.79,0.437,17123.45,2026-02-18
2026-02-18T23:37:40.455,NIFTYLARGEMID250,16437.93,16297.98,0.48,16746.1,2026-02-18
2026-02-18T23:37:40.455,NIFTY500MULTICAP,15984.84,15844.26,0.47,16275.8,2026-02-18
2026-02-18T23:37:40.455,NIFTYHEALTHCARE,14306.41,14042.33,0.302,14595.85,2026-02-18
2026-02-18T23:37:40.455,NIFTY200,14171.78,14133.93,0.431,14429.2,2026-02-18
2026-02-18T23:37:40.455,NIFTY50PR2XLEV,13741.07,13896.26,0.717,14226.35,2026-02-18
2026-02-18T23:37:40.455,NIFTYTOTALMKT,13026.87,12957.86,0.444,13260.5,2026-02-18
2026-02-18T23:37:40.455,NIFTYMETAL,11583.23,11725.33,1.33,11985.75,2026-02-18
2026-02-18T23:37:40.455,NIFTYSMALLCAP50,8253.41,8125.93,0.6,8456.75,2026-02-18
2026-02-18T23:37:40.455,NIFTYINDDEFENCE,7925.36,7839.83,0.696,8177.95,2026-02-18
2026-02-18T23:37:40.455,DIVISLAB,5956.61,6167.82,1.55,6283.5,2026-02-18
2026-02-18T23:37:40.455,NIFTY100ESG,5057.84,5084.02,0.273,5153.65,2026-02-18
2026-02-18T23:37:40.455,AIAENG,3745.09,3757.27,1.94,4021.5,2026-02-18
2026-02-18T23:37:40.455,NETWEB,2961.22,3019.67,8.89,3374.4,2026-02-18
2026-02-18T23:37:40.455,IVZINNIFTY,2882.31,3003.94,0.017,2932.51,2026-02-18
2026-02-18T23:37:40.455,PRIVISCL,2733.44,2665.21,1.15,2865.6,2026-02-18
2026-02-18T23:37:40.455,GRSE,2318.58,2558.35,2.8,2505.2,2026-02-18
2026-02-18T23:37:40.455,SBILIFE,1998.11,1970.53,0.986,2059.6,2026-02-18
2026-02-18T23:37:40.455,SUNPHARMA,1691.02,1652.36,0.425,1724.4,2026-02-18
2026-02-18T23:37:40.455,NESTLEIND,1252.69,1264.48,1.21,1300.9,2026-02-18
2026-02-18T23:37:40.455,TATACONSUM,1119.56,1121.28,1.85,1169.7,2026-02-18
2026-02-18T23:37:40.455,LAURUSLABS,980.15,950.9,2.37,1037.45,2026-02-18
2026-02-18T23:37:40.455,AETHER,941.3,974.4,1.42,991.6,2026-02-18
2026-02-18T23:37:40.455,SENSEXIETF,936.41,941.44,0.334,957.21,2026-02-18
2026-02-18T23:37:40.455,SENORES,771.89,767.61,3.22,822.1,2026-02-18
2026-02-18T23:37:40.455,CHOICEIN,730.15,729.39,5.23,795.4,2026-02-18
2026-02-18T23:37:40.455,UPL,718.48,700.53,0.877,747.65,2026-02-18
2026-02-18T23:37:40.455,ICICIPRULI,623.44,625.93,1.59,648.85,2026-02-18
2026-02-18T23:37:40.455,GRANULES,547.14,543.96,2.39,582.4,2026-02-18
2026-02-18T23:37:40.455,NAVA,539.86,537.94,1.2,564.9,2026-02-18
2026-02-18T23:37:40.455,HNGSNGBEES,524.31,539.68,0.604,543.14,2026-02-18
2026-02-18T23:37:40.455,GMDCLTD,515.84,553.23,6.4,576.65,2026-02-18
2026-02-18T23:37:40.455,HEG,497.52,519.21,5.76,553.6,2026-02-18
2026-02-18T23:37:40.455,HINDPETRO,442.8,442.16,0.616,457.05,2026-02-18
2026-02-18T23:37:40.455,BGRENERGY,310.36,317.69,4.9,345.75,2026-02-18
2026-02-18T23:37:40.455,MANAPPURAM,295.18,280.78,1.17,310.15,2026-02-18
2026-02-18T23:37:40.455,NIFTYBEES,287.47,289.48,0.233,292.2,2026-02-18
2026-02-18T23:37:40.455,LTF,286.82,273.12,0.874,300.25,2026-02-18
2026-02-18T23:37:40.455,NIFTYIETF,284.87,286.11,0.29,290.87,2026-02-18
2026-02-18T23:37:40.455,HDFCNIFTY,283.07,284.82,0.378,289.4,2026-02-18
2026-02-18T23:37:40.455,LICNETFN50,280.94,279.21,0.78,287.94,2026-02-18
2026-02-17T23:13:17.753,NIFTY100,25915.07,25997.07,0.227,26375.1,2026-02-17
2026-02-17T23:13:17.753,NIFTY,25282.58,25478.05,0.166,25725.4,2026-02-17
2026-02-17T23:13:17.753,NIFTY500,23114.92,23072.7,0.288,23540.05,2026-02-17
2026-02-17T23:13:17.753,CNXPHARMA,21988.8,21592.19,0.409,22494.9,2026-02-17
2026-02-17T23:13:17.753,NIFTY100LOWVOL30,20394.85,20467.15,0.414,20760.55,2026-02-17
2026-02-17T23:13:17.753,NIFTYMIDSMALLCAP400,19404.97,19310.92,0.437,19832.85,2026-02-17
2026-02-17T23:13:17.753,NIFTYMIDCAP50,16722.24,16626.78,0.137,17048.95,2026-02-17
2026-02-17T23:13:17.753,NIFTYLARGEMID250,16360.71,16263.88,0.256,16666.05,2026-02-17
2026-02-17T23:13:17.753,NIFTY500MULTICAP,15888.2,15807.23,0.367,16199.6,2026-02-17
2026-02-17T23:13:17.753,NIFTYHEALTHCARE,14264.47,13981.91,0.234,14551.9,2026-02-17
2026-02-17T23:13:17.753,NIFTY200,14113.12,14108.11,0.234,14367.2,2026-02-17
2026-02-17T23:13:17.753,NIFTYTOTALMKT,12959.73,12931.34,0.313,13201.95,2026-02-17
2026-02-17T23:13:17.753,NIFTY100ESG,5047.14,5075.32,0.245,5139.6,2026-02-17
2026-02-17T23:13:17.753,AIAENG,3706.09,3757.58,2.01,3945.0,2026-02-17
2026-02-17T23:13:17.753,GLENMARK,1969.57,1891.2,0.409,2038.8,2026-02-17
2026-02-17T23:13:17.753,SUNPHARMA,1665.89,1644.97,0.976,1717.1,2026-02-17
2026-02-17T23:13:17.753,BHARTIHEXA,1602.03,1584.39,0.881,1694.5,2026-02-17
2026-02-17T23:13:17.753,CARERATING,1543.36,1552.67,2.19,1653.1,2026-02-17
2026-02-17T23:13:17.753,RRKABEL,1348.81,1357.13,1.04,1422.1,2026-02-17
2026-02-17T23:13:17.753,GMBREW,984.03,961.43,1.73,1052.25,2026-02-17
2026-02-17T23:13:17.753,DREDGECORP,904.95,1069.94,2.37,989.4,2026-02-17
2026-02-17T23:13:17.753,INDIAGLYCO,894.21,888.78,2.57,960.05,2026-02-17
2026-02-17T23:13:17.753,STAR,823.44,816.87,2.6,880.15,2026-02-17
2026-02-17T23:13:17.753,INFOBEAN,786.02,742.77,7.05,925.4,2026-02-17
2026-02-17T23:13:17.753,STEL,440.92,413.95,2.86,483.85,2026-02-17
2026-02-17T23:13:17.753,HINDPETRO,432.1,439.16,0.487,454.25,2026-02-17
2026-02-17T23:13:17.753,CUPID,380.77,379.05,5.74,429.55,2026-02-17
2026-02-17T23:13:17.753,M&MFIN,351.45,350.1,4.02,384.4,2026-02-17
2026-02-17T23:13:17.753,KSHINTL,338.74,335.02,5.66,374.0,2026-02-17
2026-02-17T23:13:17.753,ABCAPITAL,330.6,326.35,1.13,348.95,2026-02-17
2026-02-17T23:13:17.753,RAMCOIND,296.68,303.18,0.59,315.45,2026-02-17
2026-02-17T23:13:17.753,MANAPPURAM,287.69,278.44,0.922,306.55,2026-02-17
2026-02-17T23:13:17.753,NIFTYBEES,285.84,288.86,0.261,291.52,2026-02-17
2026-02-17T23:13:17.753,HDFCNIFTY,281.97,284.49,0.142,288.31,2026-02-17
2026-02-17T23:13:17.753,LTF,280.3,268.25,1.24,297.65,2026-02-17
2026-02-17T23:13:17.753,LICNETFN50,280.08,280.45,0.235,285.71,2026-02-17
2026-02-17T23:13:17.753,NIFTY1,276.4,276.4,0.18,283.98,2026-02-17
2026-02-17T23:13:17.753,AXISNIFTY,275.15,275.98,0.376,283.21,2026-02-17
2026-02-17T23:13:17.753,LICNFNHGP,274.08,278.04,0.351,288.4,2026-02-17
2026-02-17T23:13:17.753,NIF100BEES,272.31,275.4,0.147,278.55,2026-02-17
2026-02-17T23:13:17.753,NIFTYETF,271.02,272.3,0.22,278.0,2026-02-17
2026-02-17T23:13:17.753,SETFNIF50,269.28,272.07,0.214,275.6,2026-02-17
2026-02-17T23:13:17.753,NIFTYBETF,258.46,256.72,0.492,263.31,2026-02-17
2026-02-17T23:13:17.753,NLCINDIA,244.12,239.82,1.91,261.75,2026-02-17
2026-02-17T23:13:17.753,LOWVOL,209.93,208.79,0.621,212.44,2026-02-17
2026-02-17T23:13:17.753,UTLSOLAR,197.93,197.24,2.05,209.35,2026-02-17
2026-02-17T23:13:17.753,DCBBANK,183.8,181.01,1.82,196.32,2026-02-17
2026-02-17T23:13:17.753,GPPL,166.19,166.66,2.64,177.43,2026-02-17
2026-02-17T23:13:17.753,HEALTHADD,143.99,140.62,0.41,146.93,2026-02-17
2026-02-17T23:13:17.753,PNB,116.41,118.82,3.52,124.82,2026-02-17
2026-02-16T23:34:18.852,NIFTY100,25666.03,25947.58,0.855,26315.35,2026-02-16
2026-02-16T23:34:18.852,NIFTY,25070.51,25434.64,0.831,25682.75,2026-02-16
2026-02-16T23:34:18.852,NIFTY500,22893.12,23021.1,0.683,23472.45,2026-02-16
2026-02-16T23:34:18.852,NIFTYHEALTHCARE,14123.67,13938.11,0.931,14518.0,2026-02-16
2026-02-16T23:34:18.852,NIFTY200,13971.25,14076.99,0.786,14333.65,2026-02-16
2026-02-16T23:34:18.852,IVZINGOLD,12715.32,14079.61,0.899,13383.25,2026-02-16
2026-02-16T23:34:18.852,THANGAMAYL,3327.69,3452.96,4.0,3724.8,2026-02-16
2026-02-16T23:34:18.852,PHOENIXLTD,1668.28,1697.65,2.18,1773.4,2026-02-16
2026-02-16T23:34:18.852,AUBANK,960.14,950.31,1.52,1010.0,2026-02-16
2026-02-16T23:34:18.852,INDIANB,835.15,839.14,1.74,888.9,2026-02-16
2026-02-16T23:34:18.852,COALINDIA,394.8,426.16,3.31,422.5,2026-02-16
2026-02-16T23:34:18.852,LTF,270.34,276.82,3.12,294.0,2026-02-16
2026-02-16T23:34:18.852,MOM50,260.34,259.51,0.565,266.96,2026-02-16
2026-02-16T23:34:18.852,SHIVAUM,256.84,271.96,5.52,317.55,2026-02-16
2026-02-16T23:34:18.852,GPIL,246.06,237.81,3.58,267.9,2026-02-16
2026-02-16T23:34:18.852,DCBBANK,180.26,180.49,1.47,192.82,2026-02-16
2026-02-16T23:34:18.852,BANKINDIA,154.08,154.06,2.36,165.61,2026-02-16
2026-02-16T23:34:18.852,AXISHCETF,143.39,140.13,0.634,147.6,2026-02-16
2026-02-16T23:34:18.852,HEALTHADD,142.8,139.64,0.702,146.33,2026-02-16
2026-02-16T23:34:18.852,GOLDADD,141.38,162.07,0.914,149.1,2026-02-16
2026-02-16T23:34:18.852,BBNPPGOLD,138.06,156.18,3.01,152.45,2026-02-16
2026-02-16T23:34:18.852,BSLGOLDETF,127.53,137.92,0.707,135.4,2026-02-16
2026-02-16T23:34:18.852,GOLDIETF,124.04,139.51,0.773,131.63,2026-02-16
2026-02-16T23:34:18.852,HDFCGOLD,122.8,135.67,0.66,131.16,2026-02-16
2026-02-16T23:34:18.852,GOLDBEES,120.99,133.64,0.65,126.92,2026-02-16
2026-02-16T23:34:18.852,CONS,117.87,118.19,1.92,123.38,2026-02-16
2026-02-16T23:34:18.852,GMRAIRPORT,92.03,92.03,6.9,100.52,2026-02-16
2026-02-16T23:34:18.852,SMCGLOBAL,71.0,71.42,3.03,80.82,2026-02-16
2026-02-16T23:34:18.852,SHREERAMA,58.88,55.64,1.97,62.16,2026-02-16
2026-02-16T23:34:18.852,SAMPANN,29.3,28.85,1.61,32.83,2026-02-16
2026-02-15T23:27:34.043,COROMANDEL,2182.85,2153.54,0.41,2279.5,2026-02-15
2026-02-15T23:27:34.043,SBILIFE,1962.53,1967.58,0.598,2034.2,2026-02-15
2026-02-15T23:27:34.043,BHARATBOND-APR32,1293.16,1292.9,0.103,1295.6,2026-02-15
2026-02-15T23:27:34.043,BHARATBOND-APR33,1255.11,1254.92,0.148,1258.35,2026-02-15
2026-02-15T23:27:34.043,PRICOLLTD,589.75,566.15,2.11,633.45,2026-02-15
2026-02-15T23:27:34.043,RELIABLE,138.66,145.17,2.37,159.01,2026-02-15
2026-02-15T23:27:34.043,VCL,1.97,1.99,3.27,2.21,2026-02-15
2026-02-14T23:26:14.804,COROMANDEL,2182.85,2153.54,0.41,2279.5,2026-02-14
2026-02-14T23:26:14.804,SBILIFE,1962.53,1967.58,0.598,2034.2,2026-02-14
2026-02-14T23:26:14.804,BHARATBOND-APR32,1293.16,1292.9,0.103,1295.6,2026-02-14
2026-02-14T23:26:14.804,BHARATBOND-APR33,1255.11,1254.92,0.148,1258.35,2026-02-14
2026-02-14T23:26:14.804,PRICOLLTD,589.75,566.15,2.11,633.45,2026-02-14
2026-02-14T23:26:14.804,RELIABLE,138.66,145.17,2.37,159.01,2026-02-14
2026-02-14T23:26:14.804,VCL,1.97,1.99,3.27,2.21,2026-02-14
2026-02-13T23:37:07.844,COROMANDEL,2182.85,2153.54,0.41,2279.5,2026-02-13
2026-02-13T23:37:07.844,SBILIFE,1962.53,1967.58,0.598,2034.2,2026-02-13
2026-02-13T23:37:07.844,BHARATBOND-APR32,1293.16,1292.9,0.103,1295.6,2026-02-13
2026-02-13T23:37:07.844,BHARATBOND-APR33,1255.11,1254.92,0.148,1258.35,2026-02-13
2026-02-13T23:37:07.844,PRICOLLTD,589.75,566.15,2.11,633.45,2026-02-13
2026-02-13T23:37:07.844,RELIABLE,138.66,145.17,2.37,159.01,2026-02-13
2026-02-13T23:37:07.844,VCL,1.97,1.99,3.27,2.21,2026-02-13
2026-02-12T23:17:08.318,GLENMARK,1943.37,1865.81,0.958,2034.5,2026-02-12
2026-02-12T23:17:08.318,JINDALPHOT,1305.59,1317.16,3.59,1438.8,2026-02-12
2026-02-12T23:17:08.318,BHARATBOND-APR32,1292.9,1292.93,0.023,1294.27,2026-02-12
2026-02-12T23:17:08.318,AXISCADES,1276.35,1174.44,5.0,1365.4,2026-02-12
2026-02-12T23:17:08.318,LAURUSLABS,945.64,978.83,0.488,1018.6,2026-02-12
2026-02-12T23:17:08.318,BLACKBUCK,564.29,551.98,3.75,636.0,2026-02-12
2026-02-12T23:17:08.318,HNGSNGBEES,535.88,532.39,0.309,551.75,2026-02-12
2026-02-12T23:17:08.318,PRIMESECU,271.32,258.25,1.16,288.0,2026-02-12
2026-02-12T23:17:08.318,GPIL,245.75,237.25,2.78,265.4,2026-02-12
2026-02-12T23:17:08.318,NLCINDIA,241.69,239.88,1.11,259.65,2026-02-12
2026-02-12T23:17:08.318,EGOLD,146.55,160.96,0.678,155.95,2026-02-12
2026-02-12T23:17:08.318,HEALTHADD,142.52,138.91,0.404,146.49,2026-02-12
2026-02-12T23:17:08.318,RELIABLE,137.84,147.23,3.35,155.33,2026-02-12
2026-02-12T23:17:08.318,GAEL,128.38,125.26,2.64,138.32,2026-02-12
2026-02-12T23:17:08.318,CUBEXTUB,104.71,117.89,5.72,119.37,2026-02-12
2026-02-12T23:17:08.318,KESORAMIND,9.32,10.27,4.9,10.27,2026-02-12
2026-02-12T23:17:08.318,VCL,1.88,2.03,4.9,2.14,2026-02-12
2026-02-11T23:11:54.578,NIFTY100LOWVOL30,20595.77,20427.75,0.402,20870.35,2026-02-11
2026-02-11T23:11:54.578,NIFTYHEALTHCARE,14084.49,13882.61,1.62,14506.7,2026-02-11
2026-02-11T23:11:54.578,IVZINGOLD,12823.84,13658.78,0.497,13551.7,2026-02-11
2026-02-11T23:11:54.578,NIFTYCONSUMPTION,11806.94,11512.66,0.558,12012.4,2026-02-11
2026-02-11T23:11:54.578,DIVISLAB,5884.82,6069.47,3.42,6386.5,2026-02-11
2026-02-11T23:11:54.578,BRITANNIA,5828.84,5722.03,2.48,6019.0,2026-02-11
2026-02-11T23:11:54.578,ANANDRATHI,2876.72,2913.27,1.81,3017.1,2026-02-11
2026-02-11T23:11:54.578,GLENMARK,1889.11,1859.43,2.92,2015.2,2026-02-11
2026-02-11T23:11:54.578,PHOENIXLTD,1688.68,1746.35,1.44,1784.0,2026-02-11
2026-02-11T23:11:54.578,AXISCADES,1236.97,1186.71,5.0,1300.4,2026-02-11
2026-02-11T23:11:54.578,UNOMINDA,1172.5,1108.09,1.19,1245.8,2026-02-11
2026-02-11T23:11:54.578,KERNEX,1134.11,1227.63,3.27,1235.7,2026-02-11
2026-02-11T23:11:54.578,ELDEHSG,861.97,837.55,4.45,933.55,2026-02-11
2026-02-11T23:11:54.578,JSL,757.92,756.35,1.56,799.85,2026-02-11
2026-02-11T23:11:54.578,VEDL,660.52,682.85,1.59,701.15,2026-02-11
2026-02-11T23:11:54.578,PRICOLLTD,560.33,554.33,6.49,621.95,2026-02-11
2026-02-11T23:11:54.578,ASTERDM,538.45,532.85,4.17,600.4,2026-02-11
2026-02-11T23:11:54.578,HNGSNGBEES,531.1,526.77,1.83,550.05,2026-02-11
2026-02-11T23:11:54.578,BGRENERGY,315.27,315.06,4.07,350.55,2026-02-11
2026-02-11T23:11:54.578,IDFNIFTYET,279.5,277.29,0.454,285.29,2026-02-11
2026-02-11T23:11:54.578,SETF10GILT,256.1,255.84,0.306,259.01,2026-02-11
2026-02-11T23:11:54.578,ESILVER,226.83,295.4,1.1,259.32,2026-02-11
2026-02-11T23:11:54.578,DELPHIFX,220.49,214.49,1.66,233.89,2026-02-11
2026-02-11T23:11:54.578,LOWVOL,211.41,210.11,0.361,213.79,2026-02-11
2026-02-11T23:11:54.578,VIYASH,194.4,190.91,5.41,216.11,2026-02-11
2026-02-11T23:11:54.578,GROWW,160.58,158.47,2.02,172.02,2026-02-11
2026-02-11T23:11:54.578,HEALTHIETF,143.58,144.43,1.47,148.62,2026-02-11
2026-02-11T23:11:54.578,GOLDETF,142.42,150.45,0.292,151.02,2026-02-11
2026-02-11T23:11:54.578,AXISHCETF,141.63,137.68,1.77,147.66,2026-02-11
2026-02-11T23:11:54.578,HEALTHADD,141.59,138.91,1.57,145.9,2026-02-11
2026-02-11T23:11:54.578,VHLTD,131.13,125.88,4.96,143.8,2026-02-11
2026-02-11T23:11:54.578,CONSUMBEES,130.78,127.75,0.642,133.28,2026-02-11
2026-02-11T23:11:54.578,SETFGOLD,124.51,131.45,0.295,132.71,2026-02-11
2026-02-11T23:11:54.578,GOLDBEES,121.71,129.58,0.281,128.7,2026-02-11
2026-02-11T23:11:54.578,CONSUMIETF,121.08,124.42,0.862,124.02,2026-02-11
2026-02-11T23:11:54.578,AXISCETF,120.54,117.34,0.423,123.46,2026-02-11
2026-02-11T23:11:54.578,AAATECH,97.52,114.49,4.99,106.22,2026-02-11
2026-02-11T23:11:54.578,EVINDIA,30.43,29.41,0.675,31.33,2026-02-11
2026-02-11T23:11:54.578,EVIETF,30.33,29.16,0.61,31.33,2026-02-11
2026-02-11T23:11:54.578,RHETAN,24.42,24.69,2.9,26.25,2026-02-11
2026-02-11T23:11:54.578,LOWVOLIETF,22.19,24.73,0.481,22.97,2026-02-11
2026-02-11T23:11:54.578,LOWVOL1,21.18,20.97,0.461,21.81,2026-02-11
2026-02-11T23:11:54.578,HDFCLOWVOL,20.8,20.58,0.376,21.38,2026-02-11
2026-02-11T23:11:54.578,GROWWLOVOL,10.22,10.03,0.845,10.74,2026-02-11
2026-02-11T23:11:54.578,KESORAMIND,9.25,10.25,4.93,9.79,2026-02-11
2026-02-10T23:29:26.045,NIFTYAUTO,27197.79,26559.92,1.37,28173.2,2026-02-10
2026-02-10T23:29:26.045,NIFTY100,26144.12,25860.1,0.243,26552.1,2026-02-10
2026-02-10T23:29:26.045,NIFTY,25538.51,25345.38,0.262,25935.15,2026-02-10
2026-02-10T23:29:26.045,NIFTY500,23360.75,22920.1,0.297,23753.75,2026-02-10
2026-02-10T23:29:26.045,NIFTY50TR2XLEV,20914.24,20552.37,0.513,21550.3,2026-02-10
2026-02-10T23:29:26.045,NIFTY100LOWVOL30,20510.88,20415.0,0.069,20786.75,2026-02-10
2026-02-10T23:29:26.045,NIFTYMIDSMALLCAP400,19706.22,19125.22,0.428,20127.6,2026-02-10
2026-02-10T23:29:26.045,NIFTY500MULTICAP,16085.26,15686.09,0.343,16375.25,2026-02-10
2026-02-10T23:29:26.045,NIFTY50PR2XLEV,13949.36,13719.23,0.513,14373.6,2026-02-10
2026-02-10T23:29:26.045,NIFTYTOTALMKT,13102.75,12841.41,0.323,13328.3,2026-02-10
2026-02-10T23:29:26.045,NIFTYCONSUMPTION,11691.38,11579.84,0.609,11945.75,2026-02-10
2026-02-10T23:29:26.045,NIFTYSMALLCAP50,8300.55,8013.6,0.412,8519.5,2026-02-10
2026-02-10T23:29:26.045,EICHERMOT,7020.34,6972.51,1.4,7296.0,2026-02-10
2026-02-10T23:29:26.045,ALKEM,5598.55,5530.16,1.06,5811.5,2026-02-10
2026-02-10T23:29:26.045,ESABINDIA,5472.71,5311.63,1.58,5747.0,2026-02-10
2026-02-10T23:29:26.045,NIFTYGS813YR,2953.3,2958.15,0.118,2965.86,2026-02-10
2026-02-10T23:29:26.045,SHRIPISTON,2904.28,2756.35,0.901,3080.1,2026-02-10
2026-02-10T23:29:26.045,IVZINNIFTY,2872.53,2929.53,0.805,2962.5,2026-02-10
2026-02-10T23:29:26.045,MCX,2296.97,2290.9,1.47,2470.7,2026-02-10
2026-02-10T23:29:26.045,JBCHEPHARM,1837.98,1799.34,2.15,1923.1,2026-02-10
2026-02-10T23:29:26.045,NESTLEIND,1267.01,1251.93,1.0,1308.6,2026-02-10
2026-02-10T23:29:26.045,UNOMINDA,1149.84,1096.93,2.26,1231.2,2026-02-10
2026-02-10T23:29:26.045,360ONE,1079.36,1102.28,2.12,1162.4,2026-02-10
2026-02-10T23:29:26.045,SENSEXIETF,944.34,942.02,0.187,963.59,2026-02-10
2026-02-10T23:29:26.045,GABRIEL,922.22,866.01,3.04,998.75,2026-02-10
2026-02-10T23:29:26.045,SAILIFE,864.46,803.78,2.68,917.6,2026-02-10
2026-02-10T23:29:26.045,INFOBEAN,769.9,722.4,7.63,907.5,2026-02-10
2026-02-10T23:29:26.045,PSPPROJECT,746.28,729.35,3.04,823.3,2026-02-10
2026-02-10T23:29:26.045,JUNIORBEES,733.47,710.08,0.394,751.61,2026-02-10
2026-02-10T23:29:26.045,PKTEA,706.82,643.85,5.0,738.3,2026-02-10
2026-02-10T23:29:26.045,VEDL,646.95,676.64,1.53,690.15,2026-02-10
2026-02-10T23:29:26.045,BANCOINDIA,613.15,581.91,1.42,653.65,2026-02-10
2026-02-10T23:29:26.045,KRISHANA,482.17,464.6,2.39,514.1,2026-02-10
2026-02-10T23:29:26.045,INDIACEM,437.26,425.77,2.06,465.45,2026-02-10
2026-02-10T23:29:26.045,NRAIL,422.35,404.79,5.53,462.85,2026-02-10
2026-02-10T23:29:26.045,WAAREEINDO,410.63,429.5,4.37,447.95,2026-02-10
2026-02-10T23:29:26.045,REPCOHOME,399.84,376.52,1.93,424.1,2026-02-10
2026-02-10T23:29:26.045,CUPID,396.54,412.46,3.28,434.95,2026-02-10
2026-02-10T23:29:26.045,INDIANHUME,380.26,373.24,2.91,405.0,2026-02-10
2026-02-10T23:29:26.045,TATACAP,340.67,338.41,1.08,354.95,2026-02-10
2026-02-10T23:29:26.045,IIFLCAPS,309.53,335.29,3.9,340.7,2026-02-10
2026-02-10T23:29:26.045,HDFCNIFTY,284.4,280.44,0.28,290.21,2026-02-10
2026-02-10T23:29:26.045,LICNFNHGP,283.26,280.5,0.751,289.93,2026-02-10
2026-02-10T23:29:26.045,AXISNIFTY,279.61,275.64,0.377,285.28,2026-02-10
2026-02-10T23:29:26.045,NIFTYETF,274.28,271.47,0.373,280.09,2026-02-10
2026-02-10T23:29:26.045,BHEL,261.46,248.38,0.528,276.1,2026-02-10
2026-02-10T23:29:26.045,VLSFINANCE,261.3,258.29,1.75,278.45,2026-02-10
2026-02-10T23:29:26.045,GPIL,246.53,235.27,0.931,260.21,2026-02-10
2026-02-10T23:29:26.045,LOWVOL,210.39,209.7,0.094,213.02,2026-02-10
2026-02-10T23:29:26.045,UTLSOLAR,203.28,196.28,2.03,216.15,2026-02-10
2026-02-09T23:05:27.981,CNXNIFTYJUNIOR,67839.0,66079.08,0.972,69729.35,2026-02-09
2026-02-09T23:05:27.981,NIFTYAUTO,26895.79,26415.76,0.988,27791.45,2026-02-09
2026-02-09T23:05:27.981,NIFTY100,26000.22,25753.29,0.724,26487.8,2026-02-09
2026-02-09T23:05:27.981,NIFTY,25416.67,25248.52,0.676,25867.3,2026-02-09
2026-02-09T23:05:27.981,NIFTY500,23171.13,22819.55,1.06,23683.4,2026-02-09
2026-02-09T23:05:27.981,NIFTYMIDCAP150,21609.27,21047.22,1.57,22272.0,2026-02-09
2026-02-09T23:05:27.981,CNXPHARMA,21580.23,21588.03,1.5,22290.7,2026-02-09
2026-02-09T23:05:27.981,NIFTY50TR2XLEV,20717.7,20399.55,1.34,21440.35,2026-02-09
2026-02-09T23:05:27.981,NIFTY100LOWVOL30,20404.77,20333.22,0.703,20772.45,2026-02-09
2026-02-09T23:05:27.981,NIFTYMIDSMALLCAP400,19384.27,18909.06,1.9,20041.8,2026-02-09
2026-02-09T23:05:27.981,PTCIL,16760.12,16695.35,5.55,18410.0,2026-02-09
2026-02-09T23:05:27.981,NIFTYLARGEMID250,16398.92,16074.03,1.15,16789.55,2026-02-09
2026-02-09T23:05:27.981,NIFTY500MULTICAP,15904.21,15613.32,1.38,16319.25,2026-02-09
2026-02-09T23:05:27.981,NIFTYMULTIMFG,15384.71,15017.34,1.64,15884.05,2026-02-09
2026-02-09T23:05:27.981,NIFTY200,14158.19,13963.56,0.879,14441.9,2026-02-09
2026-02-09T23:05:27.981,NIFTYMULTIINFRA,13914.58,13546.49,1.34,14306.75,2026-02-09
2026-02-09T23:05:27.981,NIFTY50PR2XLEV,13818.29,13617.33,1.32,14300.25,2026-02-09
2026-02-09T23:05:27.981,NIFTYTOTALMKT,12990.31,12785.47,1.12,13285.45,2026-02-09
2026-02-09T23:05:27.981,NIFTYSMALLCAP50,8108.95,7955.85,2.64,8484.5,2026-02-09
2026-02-09T23:05:27.981,ALKEM,5530.25,5514.25,1.17,5750.5,2026-02-09
2026-02-09T23:05:27.981,NIFTY100ESG,5074.54,5033.78,0.687,5174.25,2026-02-09
2026-02-09T23:05:27.981,NIFTY100ESGSECLDR,4232.22,4219.52,0.389,4307.3,2026-02-09
2026-02-09T23:05:27.981,TVSSRICHAK,3981.32,3859.57,1.27,4226.0,2026-02-09
2026-02-09T23:05:27.981,TORNTPHARM,3834.87,3803.21,1.48,3997.2,2026-02-09
2026-02-09T23:05:27.981,QNIFTY,2789.12,2737.36,0.573,2835.3,2026-02-09
2026-02-09T23:05:27.981,FIEMIND,2201.96,2083.67,1.77,2337.4,2026-02-09
2026-02-09T23:05:27.981,COROMANDEL,2183.83,2162.98,0.489,2281.4,2026-02-09
2026-02-09T23:05:27.981,CENTUM,2178.39,2199.97,2.97,2385.5,2026-02-09
2026-02-09T23:05:27.981,JBCHEPHARM,1802.95,1798.66,1.8,1882.7,2026-02-09
2026-02-09T23:05:27.981,PIRAMALFIN,1639.19,1775.96,1.91,1722.2,2026-02-09
2026-02-09T23:05:27.981,BHARTIHEXA,1610.22,1547.66,2.07,1734.9,2026-02-09
2026-02-09T23:05:27.981,KMEW,1597.43,1602.19,3.86,1777.5,2026-02-09
2026-02-09T23:05:27.981,EMCURE,1462.28,1409.43,1.98,1545.7,2026-02-09
2026-02-09T23:05:27.981,MIDWESTLTD,1458.71,1338.53,0.944,1561.4,2026-02-09
2026-02-09T23:05:27.981,LUMAXTECH,1391.19,1303.17,4.9,1548.4,2026-02-09
2026-02-09T23:05:27.981,IPCALAB,1365.4,1422.19,2.49,1452.0,2026-02-09
2026-02-09T23:05:27.981,WELINV,1187.64,1131.71,1.91,1323.4,2026-02-09
2026-02-09T23:05:27.981,KIRLOSENG,1123.62,1086.15,4.09,1218.5,2026-02-09
2026-02-09T23:05:27.981,HAPPYFORGE,1045.43,1027.58,3.1,1129.2,2026-02-09
2026-02-09T23:05:27.981,GMBREW,983.51,943.93,2.61,1060.65,2026-02-09
2026-02-09T23:05:27.981,SENSEXIETF,936.76,939.23,0.956,961.79,2026-02-09
2026-02-09T23:05:27.981,HINDALCO,913.42,925.15,2.3,964.25,2026-02-09
2026-02-09T23:05:27.981,CANFINHOME,904.32,864.1,2.36,950.2,2026-02-09
2026-02-09T23:05:27.981,INDIANB,848.97,826.92,3.59,902.5,2026-02-09
2026-02-09T23:05:27.981,INDIAGLYCO,847.09,857.73,8.64,964.75,2026-02-09
2026-02-09T23:05:27.981,FORTIS,827.99,841.42,4.16,891.3,2026-02-09
2026-02-09T23:05:27.981,STAR,823.9,825.22,2.57,886.1,2026-02-09
2026-02-09T23:05:27.981,SAILIFE,815.57,789.91,5.16,893.65,2026-02-09
2026-02-09T23:05:27.981,ABSLAMC,784.3,772.81,0.824,819.7,2026-02-09
2026-02-09T23:05:27.981,MARICO,736.13,720.14,0.279,754.85,2026-02-09
2026-02-08T23:27:55.046,NIFTYALPHA50,47679.44,46825.07,1.21,49765.6,2026-02-08
2026-02-08T23:27:55.046,NIFTYMETAL,11415.76,11489.03,0.184,11943.15,2026-02-08
2026-02-08T23:27:55.046,CNXINFRA,9282.66,9052.98,0.406,9541.0,2026-02-08
2026-02-08T23:27:55.046,TVSMOTOR,3558.9,3524.11,1.23,3758.5,2026-02-08
2026-02-08T23:27:55.046,ESCORTS,3555.28,3506.23,1.34,3763.7,2026-02-08
2026-02-08T23:27:55.046,THANGAMAYL,2949.83,3367.0,7.08,3400.2,2026-02-08
2026-02-08T23:27:55.046,QNIFTY,2750.41,2729.2,0.39,2819.15,2026-02-08
2026-02-08T23:27:55.046,BHARTIARTL,1939.99,1938.48,2.31,2038.4,2026-02-08
2026-02-08T23:27:55.046,BHARTIHEXA,1558.83,1571.4,4.44,1699.7,2026-02-08
2026-02-08T23:27:55.046,SHRIRAMFIN,937.85,936.35,1.06,1002.5,2026-02-08
2026-02-08T23:27:55.046,JPOLYINVST,932.18,922.88,2.5,1027.35,2026-02-08
2026-02-08T23:27:55.046,MARICO,724.39,716.42,0.595,752.75,2026-02-08
2026-02-08T23:27:55.046,VEDL,603.86,660.63,2.42,671.05,2026-02-08
2026-02-08T23:27:55.046,BBOX,471.02,470.11,2.8,529.75,2026-02-08
2026-02-08T23:27:55.046,LENSKART,425.84,423.86,2.3,457.3,2026-02-08
2026-02-08T23:27:55.046,MASFIN,299.31,294.88,3.48,324.45,2026-02-08
2026-02-08T23:27:55.046,EUROPRATIK,238.27,234.91,5.37,280.32,2026-02-08
2026-02-08T23:27:55.046,SKMEGGPROD,173.59,170.25,2.23,197.29,2026-02-08
2026-02-08T23:27:55.046,MEGASOFT,171.4,174.75,0.795,188.95,2026-02-08
2026-02-08T23:27:55.046,GLOBAL,75.95,75.06,3.53,84.87,2026-02-08
2026-02-08T23:27:55.046,MID150,21.29,20.75,0.54,22.34,2026-02-08
2026-02-08T23:27:55.046,HARDWYN,14.9,15.69,4.02,17.08,2026-02-08
2026-02-07T23:25:50.729,NIFTYALPHA50,47679.44,46825.07,1.21,49765.6,2026-02-07
2026-02-07T23:25:50.729,NIFTYMETAL,11415.76,11489.03,0.184,11943.15,2026-02-07
2026-02-07T23:25:50.729,CNXINFRA,9282.66,9052.98,0.406,9541.0,2026-02-07
2026-02-07T23:25:50.729,TVSMOTOR,3558.9,3524.11,1.23,3758.5,2026-02-07
2026-02-07T23:25:50.729,ESCORTS,3555.28,3506.23,1.34,3763.7,2026-02-07
2026-02-07T23:25:50.729,THANGAMAYL,2949.83,3367.0,7.08,3400.2,2026-02-07
2026-02-07T23:25:50.729,QNIFTY,2750.41,2729.2,0.39,2819.15,2026-02-07
2026-02-07T23:25:50.729,BHARTIARTL,1939.99,1938.48,2.31,2038.4,2026-02-07
2026-02-07T23:25:50.729,BHARTIHEXA,1558.83,1571.4,4.44,1699.7,2026-02-07
2026-02-07T23:25:50.729,SHRIRAMFIN,937.85,936.35,1.06,1002.5,2026-02-07
2026-02-07T23:25:50.729,JPOLYINVST,932.18,922.88,2.5,1027.35,2026-02-07
2026-02-07T23:25:50.729,MARICO,724.39,716.42,0.595,752.75,2026-02-07
2026-02-07T23:25:50.729,VEDL,603.86,660.63,2.42,671.05,2026-02-07
2026-02-07T23:25:50.729,BBOX,471.02,470.11,2.8,529.75,2026-02-07
2026-02-07T23:25:50.729,LENSKART,425.84,423.86,2.3,457.3,2026-02-07
2026-02-07T23:25:50.729,MASFIN,299.31,294.88,3.48,324.45,2026-02-07
2026-02-07T23:25:50.729,EUROPRATIK,238.27,234.91,5.37,280.32,2026-02-07
2026-02-07T23:25:50.729,SKMEGGPROD,173.59,170.25,2.23,197.29,2026-02-07
2026-02-07T23:25:50.729,MEGASOFT,171.4,174.75,0.795,188.95,2026-02-07
2026-02-07T23:25:50.729,GLOBAL,75.95,75.06,3.53,84.87,2026-02-07
2026-02-07T23:25:50.729,MID150,21.29,20.75,0.54,22.34,2026-02-07
2026-02-07T23:25:50.729,HARDWYN,14.9,15.69,4.02,17.08,2026-02-07
2026-02-06T23:59:36.283,NIFTYALPHA50,47679.44,46825.07,1.21,49765.6,2026-02-06
2026-02-06T23:59:36.283,NIFTYMETAL,11415.76,11489.03,0.184,11943.15,2026-02-06
2026-02-06T23:59:36.283,CNXINFRA,9282.66,9052.98,0.406,9541.0,2026-02-06
2026-02-06T23:59:36.283,TVSMOTOR,3558.9,3524.11,1.23,3758.5,2026-02-06
2026-02-06T23:59:36.283,ESCORTS,3555.28,3506.23,1.34,3763.7,2026-02-06
2026-02-06T23:59:36.283,THANGAMAYL,2949.83,3367.0,7.08,3400.2,2026-02-06
2026-02-06T23:59:36.283,QNIFTY,2750.41,2729.2,0.39,2819.15,2026-02-06
2026-02-06T23:59:36.283,BHARTIARTL,1939.99,1938.48,2.31,2038.4,2026-02-06
2026-02-06T23:59:36.283,BHARTIHEXA,1558.83,1571.4,4.44,1699.7,2026-02-06
2026-02-06T23:59:36.283,SHRIRAMFIN,937.85,936.35,1.06,1002.5,2026-02-06
2026-02-06T23:59:36.283,JPOLYINVST,932.18,922.88,2.5,1027.35,2026-02-06
2026-02-06T23:59:36.283,MARICO,724.39,716.42,0.595,752.75,2026-02-06
2026-02-06T23:59:36.283,VEDL,603.86,660.63,2.42,671.05,2026-02-06
2026-02-06T23:59:36.283,BBOX,471.02,470.11,2.8,529.75,2026-02-06
2026-02-06T23:59:36.283,LENSKART,425.84,423.86,2.3,457.3,2026-02-06
2026-02-06T23:59:36.283,MASFIN,299.31,294.88,3.48,324.45,2026-02-06
2026-02-06T23:59:36.283,EUROPRATIK,238.27,234.91,5.37,280.32,2026-02-06
2026-02-06T23:59:36.283,SKMEGGPROD,173.59,170.25,2.23,197.29,2026-02-06
2026-02-06T23:59:36.283,MEGASOFT,171.4,174.75,0.795,188.95,2026-02-06
2026-02-06T23:59:36.283,GLOBAL,75.95,75.06,3.53,84.87,2026-02-06
2026-02-06T23:59:36.283,MID150,21.29,20.75,0.54,22.34,2026-02-06
2026-02-06T23:59:36.283,HARDWYN,14.9,15.69,4.02,17.08,2026-02-06
